ATT:(ATT,0) (UGA,8) (GSAT,8) (CMCT,1) (TWC,1) (VONA,2)
ATTa:(ATTa,0) (UGAa,8) (GSATa,8) (CMCTa,1) (TWCa,1) (VONAa,2)
ATTb:(ATTb,0) (UGAb,8) (GSATb,8) (CMCTb,1) (TWCb,1) (VONAb,2)
ATTc:(ATTc,0) (UGAc,8) (GSATc,8) (CMCTc,1) (TWCc,1) (VONAc,2)
CMCT:(CMCT,0) (ATT,1) (TWC,0) (VONA,1) (UGA,51) (GSAT,9)
CMCTa:(CMCTa,0) (ATTa,1) (TWCa,0) (VONAa,1) (UGAa,51) (GSATa,9)
CMCTb:(CMCTb,0) (ATTb,1) (TWCb,0) (VONAb,1) (UGAb,51) (GSATb,9)
CMCTc:(CMCTc,0) (ATTc,1) (TWCc,0) (VONAc,1) (UGAc,51) (GSATc,9)
DRPA:(DRPA,0) (EGLN,1) (CMCT,12) (GT,-1) (ATT,13) (TWC,12) (UC,-1) (GTa,49) (OSU,-1) (UCa,49) (EGLNa,51)
DRPAa:(DRPAa,0) (EGLNa,1) (CMCTa,12) (GTa,-1) (ATTa,13) (TWCa,12) (UCa,-1) (GT,49) (UC,49) (EGLN,51) (OSUa,-1) (OSU,49) (DRPA,52)
DRPAb:(DRPAb,0) (EGLNb,1) (CMCTb,12) (GTb,-1) (ATTb,13) (TWCb,12) (UCb,-1) (OSUb,-1)
DRPAc:(DRPAc,0) (EGLNc,1) (CMCTc,12) (GTc,-1) (ATTc,13) (TWCc,12) (UCc,-1) (OSUc,-1) (OSU,1) (GTb,-1)
EGLN:(EGLN,0) (GT,-2) (DRPA,1) (UC,-2) (GTa,48) (CMCT,13) (OSU,-2) (UCa,48) (EGLNa,50)
EGLNa:(EGLNa,0) (GTa,-2) (DRPAa,1) (UCa,-2) (GT,48) (CMCTa,13) (UC,48) (EGLN,50) (OSUa,-2) (OSU,48) (DRPA,51)
EGLNb:(EGLNb,0) (GTb,-2) (DRPAb,1) (UCb,-2) (CMCTb,13) (OSUb,-2)
EGLNc:(EGLNc,0) (GTc,-2) (DRPAc,1) (UCc,-2) (CMCTc,13) (OSUc,-2) (OSU,0) (GTb,-2)
GSAT:(GSAT,0) (VONA,-3) (UGA,0) (VZ,5) (ATT,7) (VZb,0)
GSATa:(GSATa,0) (VONAa,-3) (UGAa,0) (VZa,5) (ATTa,7)
GSATb:(GSATb,0) (VONAb,-3) (UGAb,0) (VZb,5) (ATTb,7) (CMCT,10) (OSU,7) (UCc,6)
GSATc:(GSATc,0) (VONAc,-3) (UGAc,0) (VZc,5) (ATTc,7) (UCb,9)
GT:(GT,0) (UC,0) (EGLN,2) (GTa,50) (OSU,0) (DRPA,3) (UCa,50) (EGLNa,52)
GTa:(GTa,0) (UCa,0) (EGLNa,2) (GT,50) (UC,50) (EGLN,52) (OSUa,0) (DRPAa,3) (OSU,50) (DRPA,53)
GTb:(GTb,0) (UCb,0) (EGLNb,2) (OSUb,0) (DRPAb,3)
GTc:(GTc,0) (UCc,0) (EGLNc,2) (OSUc,0) (OSU,2) (GTb,0) (DRPAc,3)
OSU:(OSU,0) (UC,0) (PTGN,2) (GT,0) (VONA,5) (EGLN,2) (GTa,50) (DRPA,3) (UCa,50) (EGLNa,52)
OSUa:(OSUa,0) (UCa,0) (PTGNa,2) (GTa,0) (VONAa,5) (EGLNa,2) (GT,50) (UC,50) (EGLN,52) (DRPAa,3) (OSU,50) (DRPA,53)
OSUb:(OSUb,0) (UCb,0) (PTGNb,2) (GTb,0) (VONAb,5) (EGLNb,2) (DRPAb,3)
OSUc:(OSUc,0) (UCc,0) (PTGNc,2) (GTc,0) (OSU,2) (GTb,0) (VONAc,5) (UC,2) (PTGN,4) (UCb,0) (EGLNb,2) (EGLNc,2) (GT,2) (VONA,7) (EGLN,4) (GTa,52) (DRPA,5) (UCa,52) (EGLNa,54) (OSUb,0) (DRPAb,3) (DRPAc,3)
PTGN:(PTGN,0) (OSU,-1) (VONA,3) (UC,-1) (VZ,11) (GSAT,6) (GT,-1) (EGLN,1) (GTa,49) (DRPA,2) (UCa,49) (EGLNa,51)
PTGNa:(PTGNa,0) (OSUa,-1) (VONAa,3) (UCa,-1) (VZa,11) (GSATa,6) (GTa,-1) (EGLNa,1) (GT,49) (UC,49) (EGLN,51) (DRPAa,2) (OSU,49) (DRPA,52)
PTGNb:(PTGNb,0) (OSUb,-1) (VONAb,3) (UCb,-1) (VZb,11) (GSATb,6) (GTb,-1) (EGLNb,1) (DRPAb,2)
PTGNc:(PTGNc,0) (OSUc,-1) (VONAc,3) (UCc,-1) (VZc,11) (GSATc,6) (GTc,-1) (OSU,1) (GTb,-1) (UC,1) (PTGN,3) (UCb,-1) (EGLNb,1) (EGLNc,1) (GT,1) (VONA,6) (EGLN,3) (GTa,51) (DRPA,4) (UCa,51) (EGLNa,53) (OSUb,-1) (DRPAb,2) (DRPAc,2)
TWC:(TWC,0) (CMCT,0) (VONA,1) (ATT,1) (VZ,9) (GSAT,4) (UGA,51)
TWCa:(TWCa,0) (CMCTa,0) (VONAa,1) (ATTa,1) (VZa,9) (GSATa,4) (UGAa,51)
TWCb:(TWCb,0) (CMCTb,0) (VONAb,1) (ATTb,1) (VZb,9) (GSATb,4) (UGAb,51)
TWCc:(TWCc,0) (CMCTc,0) (VONAc,1) (ATTc,1) (VZc,9) (GSATc,4) (UGAc,51)
UC:(UC,0) (GT,0) (OSU,0) (EGLN,2) (GTa,50) (PTGN,2) (DRPA,3) (UCa,50) (EGLNa,52)
UCa:(UCa,0) (GTa,0) (OSUa,0) (EGLNa,2) (GT,50) (PTGNa,2) (UC,50) (EGLN,52) (DRPAa,3) (OSU,50) (DRPA,53)
UCb:(UCb,0) (GTb,0) (OSUb,0) (EGLNb,2) (PTGNb,2) (DRPAb,3)
UCc:(UCc,0) (GTc,0) (OSUc,0) (OSU,2) (GTb,0) (UC,2) (PTGN,4) (UCb,0) (EGLNb,2) (EGLNc,2) (PTGNc,2) (GT,2) (VONA,7) (EGLN,4) (GTa,52) (DRPA,5) (UCa,52) (EGLNa,54) (OSUb,0) (DRPAb,3) (DRPAc,3)
UGA:(UGA,0) (ATT,50) (GSAT,50) (CMCT,51) (VONA,47) (TWC,51) (VZ,55) (VZb,50)
UGAa:(UGAa,0) (ATTa,50) (GSATa,50) (CMCTa,51) (VONAa,47) (TWCa,51) (VZa,55)
UGAb:(UGAb,0) (ATTb,50) (GSATb,50) (CMCTb,51) (VONAb,47) (TWCb,51) (VZb,55) (CMCT,60) (OSU,57) (UCc,56)
UGAc:(UGAc,0) (ATTc,50) (GSATc,50) (CMCTc,51) (VONAc,47) (TWCc,51) (VZc,55) (UCb,59)
VONA:(VONA,0) (VZ,8) (GSAT,3) (ATT,10) (VZb,3) (UGA,3)
VONAa:(VONAa,0) (VZa,8) (GSATa,3) (ATTa,10) (UGAa,3)
VONAb:(VONAb,0) (VZb,8) (GSATb,3) (ATTb,10) (CMCT,13) (OSU,10) (UCc,9) (UGAb,3)
VONAc:(VONAc,0) (VZc,8) (GSATc,3) (ATTc,10) (UCb,12) (UGAc,3)
VZ:(VZ,0) (ATT,2) (VZb,-5) (UGA,52) (GSAT,10) (CMCT,0) (ATTb,-3) (OSU,-3) (UCc,-4)
VZa:(VZa,0) (ATTa,2) (UGAa,52) (GSATa,10) (CMCTa,3)
VZb:(VZb,0) (ATTb,2) (CMCT,5) (OSU,2) (UCc,1) (UC,2) (PTGN,4) (ATT,6) (TWC,5) (UGAb,52) (GSATb,10) (CMCTb,3) (GTc,1) (OSUc,1) (GTb,1) (GT,2) (VONA,6) (EGLN,4) (GTa,52) (DRPA,5) (UCa,52) (EGLNa,54) (UGA,56) (GSAT,14)
VZc:(VZc,0) (ATTc,2) (UCb,4) (GTb,4) (OSUb,4) (UGAc,52) (GSATc,10) (CMCTc,3) (EGLNb,6) (PTGNb,6) (DRPAb,7)
-----
ATT:(ATT,0) (UGA,8) (GSAT,5) (CMCT,1) (TWC,1) (VONA,2) (VZ,10) (VZb,8)
ATTa:(ATTa,0) (UGAa,8) (GSATa,5) (CMCTa,1) (TWCa,1) (VONAa,2) (VZa,10)
ATTb:(ATTb,0) (UGAb,8) (GSATb,5) (CMCTb,1) (TWCb,1) (VONAb,2) (VZb,10) (CMCT,18) (OSU,15) (UCc,14)
ATTc:(ATTc,0) (UGAc,8) (GSATc,5) (CMCTc,1) (TWCc,1) (VONAc,2) (VZc,10) (UCb,17)
CMCT:(CMCT,0) (ATT,1) (TWC,0) (VONA,1) (UGA,9) (GSAT,4) (VZ,9)
CMCTa:(CMCTa,0) (ATTa,1) (TWCa,0) (VONAa,1) (UGAa,9) (GSATa,4) (VZa,9)
CMCTb:(CMCTb,0) (ATTb,1) (TWCb,0) (VONAb,1) (UGAb,9) (GSATb,4) (VZb,9)
CMCTc:(CMCTc,0) (ATTc,1) (TWCc,0) (VONAc,1) (UGAc,9) (GSATc,4) (VZc,9)
DRPA:(DRPA,0) (EGLN,1) (CMCT,12) (GT,-1) (ATT,13) (TWC,12) (UC,-1) (GTa,49) (OSU,-1) (UCa,49) (EGLNa,51) (VONA,13) (UGA,63) (GSAT,21) (PTGN,1) (OSUa,49) (DRPAa,52)
DRPAa:(DRPAa,0) (EGLNa,1) (CMCTa,12) (GTa,-1) (ATTa,13) (TWCa,12) (UCa,-1) (GT,49) (UC,49) (EGLN,51) (OSUa,-1) (OSU,49) (DRPA,52) (VONAa,13) (UGAa,63) (GSATa,21) (PTGNa,1) (PTGN,51) (CMCT,64)
DRPAb:(DRPAb,0) (EGLNb,1) (CMCTb,12) (GTb,-1) (ATTb,13) (TWCb,12) (UCb,-1) (OSUb,-1) (VONAb,13) (UGAb,63) (GSATb,21) (PTGNb,1)
DRPAc:(DRPAc,0) (EGLNc,1) (CMCTc,12) (GTc,-1) (ATTc,13) (TWCc,12) (UCc,-1) (OSUc,-1) (OSU,1) (GTb,-1) (VONAc,13) (UGAc,63) (GSATc,21) (UC,1) (PTGN,3) (UCb,-1) (EGLNb,1) (PTGNc,1) (GT,1) (VONA,6) (EGLN,3) (GTa,51) (DRPA,4) (UCa,51) (EGLNa,53) (OSUb,-1) (DRPAb,2)
EGLN:(EGLN,0) (GT,-2) (DRPA,1) (UC,-2) (GTa,48) (CMCT,13) (OSU,-2) (UCa,48) (EGLNa,50) (ATT,14) (TWC,13) (PTGN,0) (OSUa,48) (DRPAa,51)
EGLNa:(EGLNa,0) (GTa,-2) (DRPAa,1) (UCa,-2) (GT,48) (CMCTa,13) (UC,48) (EGLN,50) (OSUa,-2) (OSU,48) (DRPA,51) (ATTa,14) (TWCa,13) (PTGNa,0) (PTGN,50) (CMCT,63)
EGLNb:(EGLNb,0) (GTb,-2) (DRPAb,1) (UCb,-2) (CMCTb,13) (OSUb,-2) (ATTb,14) (TWCb,13) (PTGNb,0)
EGLNc:(EGLNc,0) (GTc,-2) (DRPAc,1) (UCc,-2) (CMCTc,13) (OSUc,-2) (OSU,0) (GTb,-2) (ATTc,14) (TWCc,13) (UC,0) (PTGN,2) (UCb,-2) (EGLNb,0) (PTGNc,0) (GT,0) (VONA,5) (EGLN,2) (GTa,50) (DRPA,3) (UCa,50) (EGLNa,52) (OSUb,-2) (DRPAb,1)
GSAT:(GSAT,0) (VONA,-3) (UGA,0) (VZ,5) (ATT,7) (VZb,0) (CMCT,5) (TWC,51) (ATTb,2) (OSU,2) (UCc,1)
GSATa:(GSATa,0) (VONAa,-3) (UGAa,0) (VZa,5) (ATTa,7) (CMCTa,8) (TWCa,51)
GSATb:(GSATb,0) (VONAb,-3) (UGAb,0) (VZb,5) (ATTb,7) (CMCT,10) (OSU,7) (UCc,6) (CMCTb,8) (TWCb,51) (UC,7) (PTGN,9) (ATT,11) (TWC,10) (GTc,6) (OSUc,6) (GTb,6) (GT,7) (VONA,11) (EGLN,9) (GTa,57) (DRPA,10) (UCa,57) (EGLNa,59) (UGA,61) (GSAT,19)
GSATc:(GSATc,0) (VONAc,-3) (UGAc,0) (VZc,5) (ATTc,7) (UCb,9) (CMCTc,8) (TWCc,51) (GTb,9) (OSUb,9) (EGLNb,11) (PTGNb,11) (DRPAb,12)
GT:(GT,0) (UC,0) (EGLN,2) (GTa,50) (OSU,0) (DRPA,3) (UCa,50) (EGLNa,52) (PTGN,2) (CMCT,15) (OSUa,50) (DRPAa,53)
GTa:(GTa,0) (UCa,0) (EGLNa,2) (GT,50) (UC,50) (EGLN,52) (OSUa,0) (DRPAa,3) (OSU,50) (DRPA,53) (PTGNa,2) (CMCTa,15) (PTGN,52) (CMCT,65)
GTb:(GTb,0) (UCb,0) (EGLNb,2) (OSUb,0) (DRPAb,3) (PTGNb,2) (CMCTb,15)
GTc:(GTc,0) (UCc,0) (EGLNc,2) (OSUc,0) (OSU,2) (GTb,0) (DRPAc,3) (UC,2) (PTGN,4) (UCb,0) (EGLNb,2) (PTGNc,2) (GT,2) (VONA,7) (EGLN,4) (GTa,52) (DRPA,5) (UCa,52) (EGLNa,54) (OSUb,0) (DRPAb,3) (CMCTc,15)
OSU:(OSU,0) (UC,0) (PTGN,2) (GT,0) (VONA,5) (EGLN,2) (GTa,50) (DRPA,3) (UCa,50) (EGLNa,52) (VZ,13) (GSAT,8) (CMCT,15) (OSUa,50) (DRPAa,53)
OSUa:(OSUa,0) (UCa,0) (PTGNa,2) (GTa,0) (VONAa,5) (EGLNa,2) (GT,50) (UC,50) (EGLN,52) (DRPAa,3) (OSU,50) (DRPA,53) (VZa,13) (GSATa,8) (CMCTa,15) (PTGN,52) (CMCT,65)
OSUb:(OSUb,0) (UCb,0) (PTGNb,2) (GTb,0) (VONAb,5) (EGLNb,2) (DRPAb,3) (VZb,13) (GSATb,8) (CMCTb,15)
OSUc:(OSUc,0) (UCc,0) (PTGNc,2) (GTc,0) (OSU,2) (GTb,0) (VONAc,5) (UC,2) (PTGN,4) (UCb,0) (EGLNb,2) (EGLNc,2) (GT,2) (VONA,7) (EGLN,4) (GTa,52) (DRPA,5) (UCa,52) (EGLNa,54) (OSUb,0) (DRPAb,3) (DRPAc,3) (VZc,13) (GSATc,8) (VZ,15) (GSAT,10) (CMCT,17) (OSUa,52) (DRPAa,55) (PTGNb,2) (CMCTb,15) (CMCTc,15)
PTGN:(PTGN,0) (OSU,-1) (VONA,3) (UC,-1) (VZ,11) (GSAT,6) (GT,-1) (EGLN,1) (GTa,49) (DRPA,2) (UCa,49) (EGLNa,51) (ATT,13) (VZb,6) (UGA,6) (CMCT,14) (OSUa,49) (DRPAa,52)
PTGNa:(PTGNa,0) (OSUa,-1) (VONAa,3) (UCa,-1) (VZa,11) (GSATa,6) (GTa,-1) (EGLNa,1) (GT,49) (UC,49) (EGLN,51) (DRPAa,2) (OSU,49) (DRPA,52) (ATTa,13) (UGAa,6) (CMCTa,14) (PTGN,51) (CMCT,64)
PTGNb:(PTGNb,0) (OSUb,-1) (VONAb,3) (UCb,-1) (VZb,11) (GSATb,6) (GTb,-1) (EGLNb,1) (DRPAb,2) (ATTb,13) (CMCT,16) (OSU,13) (UCc,12) (UGAb,6) (CMCTb,14)
PTGNc:(PTGNc,0) (OSUc,-1) (VONAc,3) (UCc,-1) (VZc,11) (GSATc,6) (GTc,-1) (OSU,1) (GTb,-1) (UC,1) (PTGN,3) (UCb,-1) (EGLNb,1) (EGLNc,1) (GT,1) (VONA,6) (EGLN,3) (GTa,51) (DRPA,4) (UCa,51) (EGLNa,53) (OSUb,-1) (DRPAb,2) (DRPAc,2) (ATTc,13) (UGAc,6) (VZ,14) (GSAT,9) (CMCT,16) (OSUa,51) (DRPAa,54) (PTGNb,1) (CMCTb,14) (CMCTc,14)
TWC:(TWC,0) (CMCT,0) (VONA,1) (ATT,1) (VZ,9) (GSAT,4) (UGA,4) (VZb,4)
TWCa:(TWCa,0) (CMCTa,0) (VONAa,1) (ATTa,1) (VZa,9) (GSATa,4) (UGAa,4)
TWCb:(TWCb,0) (CMCTb,0) (VONAb,1) (ATTb,1) (VZb,9) (GSATb,4) (UGAb,4) (CMCT,14) (OSU,11) (UCc,10)
TWCc:(TWCc,0) (CMCTc,0) (VONAc,1) (ATTc,1) (VZc,9) (GSATc,4) (UGAc,4) (UCb,13)
UC:(UC,0) (GT,0) (OSU,0) (EGLN,2) (GTa,50) (PTGN,2) (DRPA,3) (UCa,50) (EGLNa,52) (VONA,5) (CMCT,15) (OSUa,50) (DRPAa,53)
UCa:(UCa,0) (GTa,0) (OSUa,0) (EGLNa,2) (GT,50) (PTGNa,2) (UC,50) (EGLN,52) (DRPAa,3) (OSU,50) (DRPA,53) (VONAa,5) (CMCTa,15) (PTGN,52) (CMCT,65)
UCb:(UCb,0) (GTb,0) (OSUb,0) (EGLNb,2) (PTGNb,2) (DRPAb,3) (VONAb,5) (CMCTb,15)
UCc:(UCc,0) (GTc,0) (OSUc,0) (OSU,2) (GTb,0) (UC,2) (PTGN,4) (UCb,0) (EGLNb,2) (EGLNc,2) (PTGNc,2) (GT,2) (VONA,7) (EGLN,4) (GTa,52) (DRPA,5) (UCa,52) (EGLNa,54) (OSUb,0) (DRPAb,3) (DRPAc,3) (VONAc,5) (VZ,15) (GSAT,10) (CMCT,17) (OSUa,52) (DRPAa,55) (PTGNb,2) (CMCTb,15) (CMCTc,15)
UGA:(UGA,0) (ATT,50) (GSAT,50) (CMCT,51) (VONA,47) (TWC,51) (VZ,55) (VZb,50) (ATTb,52) (OSU,52) (UCc,51)
UGAa:(UGAa,0) (ATTa,50) (GSATa,50) (CMCTa,51) (VONAa,47) (TWCa,51) (VZa,55)
UGAb:(UGAb,0) (ATTb,50) (GSATb,50) (CMCTb,51) (VONAb,47) (TWCb,51) (VZb,55) (CMCT,60) (OSU,57) (UCc,56) (UC,57) (PTGN,59) (ATT,61) (TWC,60) (GTc,56) (OSUc,56) (GTb,56) (GT,57) (VONA,61) (EGLN,59) (GTa,107) (DRPA,60) (UCa,107) (EGLNa,109) (UGA,111) (GSAT,69)
UGAc:(UGAc,0) (ATTc,50) (GSATc,50) (CMCTc,51) (VONAc,47) (TWCc,51) (VZc,55) (UCb,59) (GTb,59) (OSUb,59) (EGLNb,61) (PTGNb,61) (DRPAb,62)
VONA:(VONA,0) (VZ,8) (GSAT,3) (ATT,10) (VZb,3) (UGA,3) (CMCT,8) (ATTb,5) (OSU,5) (UCc,4)
VONAa:(VONAa,0) (VZa,8) (GSATa,3) (ATTa,10) (UGAa,3) (CMCTa,11)
VONAb:(VONAb,0) (VZb,8) (GSATb,3) (ATTb,10) (CMCT,13) (OSU,10) (UCc,9) (UGAb,3) (UC,10) (PTGN,12) (ATT,14) (TWC,13) (CMCTb,11) (GTc,9) (OSUc,9) (GTb,9) (GT,10) (VONA,14) (EGLN,12) (GTa,60) (DRPA,13) (UCa,60) (EGLNa,62) (UGA,64) (GSAT,22)
VONAc:(VONAc,0) (VZc,8) (GSATc,3) (ATTc,10) (UCb,12) (UGAc,3) (GTb,12) (OSUb,12) (CMCTc,11) (EGLNb,14) (PTGNb,14) (DRPAb,15)
VZ:(VZ,0) (ATT,1) (VZb,-5) (UGA,10) (GSAT,9) (CMCT,0) (ATTb,-3) (OSU,-3) (UCc,-4) (TWC,0) (VONA,1) (UC,-3) (PTGN,-1) (UGAb,47) (GSATb,5) (CMCTb,-2) (GTc,-4) (OSUc,-4) (GTb,-4) (GT,-3) (EGLN,-1) (GTa,47) (DRPA,0) (UCa,47) (EGLNa,49)
VZa:(VZa,0) (ATTa,2) (UGAa,10) (GSATa,10) (CMCTa,3) (TWCa,3) (VONAa,4)
VZb:(VZb,0) (ATTb,2) (CMCT,5) (OSU,2) (UCc,1) (UC,2) (PTGN,4) (ATT,6) (TWC,5) (UGAb,10) (GSATb,10) (CMCTb,3) (GTc,1) (OSUc,1) (GTb,1) (GT,2) (VONA,6) (EGLN,4) (GTa,52) (DRPA,5) (UCa,52) (EGLNa,54) (UGA,14) (GSAT,9) (TWCb,3) (VONAb,4) (UCb,1) (EGLNb,3) (EGLNc,3) (PTGNc,3) (OSUb,1) (DRPAb,4) (DRPAc,4) (VZ,14) (OSUa,52) (DRPAa,55)
VZc:(VZc,0) (ATTc,2) (UCb,4) (GTb,4) (OSUb,4) (UGAc,10) (GSATc,10) (CMCTc,3) (EGLNb,6) (PTGNb,6) (DRPAb,7) (TWCc,3) (VONAc,4) (VONAb,9) (CMCTb,19)
-----
ATT:(ATT,0) (UGA,5) (GSAT,5) (CMCT,1) (TWC,1) (VONA,2) (VZ,10) (VZb,5) (ATTb,7) (OSU,7) (UCc,6)
ATTa:(ATTa,0) (UGAa,5) (GSATa,5) (CMCTa,1) (TWCa,1) (VONAa,2) (VZa,10)
ATTb:(ATTb,0) (UGAb,5) (GSATb,5) (CMCTb,1) (TWCb,1) (VONAb,2) (VZb,10) (CMCT,15) (OSU,12) (UCc,11) (UC,12) (PTGN,14) (ATT,16) (TWC,15) (GTc,11) (OSUc,11) (GTb,11) (GT,12) (VONA,16) (EGLN,14) (GTa,62) (DRPA,15) (UCa,62) (EGLNa,64) (UGA,66) (GSAT,24)
ATTc:(ATTc,0) (UGAc,5) (GSATc,5) (CMCTc,1) (TWCc,1) (VONAc,2) (VZc,10) (UCb,14) (GTb,14) (OSUb,14) (EGLNb,16) (PTGNb,16) (DRPAb,17)
CMCT:(CMCT,0) (ATT,1) (TWC,0) (VONA,1) (UGA,4) (GSAT,4) (VZ,9) (VZb,4)
CMCTa:(CMCTa,0) (ATTa,1) (TWCa,0) (VONAa,1) (UGAa,4) (GSATa,4) (VZa,9)
CMCTb:(CMCTb,0) (ATTb,1) (TWCb,0) (VONAb,1) (UGAb,4) (GSATb,4) (VZb,9) (CMCT,14) (OSU,11) (UCc,10)
CMCTc:(CMCTc,0) (ATTc,1) (TWCc,0) (VONAc,1) (UGAc,4) (GSATc,4) (VZc,9) (UCb,13)
DRPA:(DRPA,0) (EGLN,1) (CMCT,12) (GT,-1) (ATT,13) (TWC,12) (UC,-1) (GTa,49) (OSU,-1) (UCa,49) (EGLNa,51) (VONA,4) (UGA,21) (GSAT,16) (PTGN,1) (OSUa,49) (DRPAa,52) (VZ,21) (PTGNa,51) (CMCTa,64)
DRPAa:(DRPAa,0) (EGLNa,1) (CMCTa,12) (GTa,-1) (ATTa,13) (TWCa,12) (UCa,-1) (GT,49) (UC,49) (EGLN,51) (OSUa,-1) (OSU,49) (DRPA,52) (VONAa,4) (UGAa,21) (GSATa,16) (PTGNa,1) (PTGN,51) (CMCT,64) (VZa,21) (VONA,54) (ATT,65) (TWC,64)
DRPAb:(DRPAb,0) (EGLNb,1) (CMCTb,12) (GTb,-1) (ATTb,13) (TWCb,12) (UCb,-1) (OSUb,-1) (VONAb,4) (UGAb,21) (GSATb,16) (PTGNb,1) (VZb,21)
DRPAc:(DRPAc,0) (EGLNc,1) (CMCTc,12) (GTc,-1) (ATTc,13) (TWCc,12) (UCc,-1) (OSUc,-1) (OSU,1) (GTb,-1) (VONAc,4) (UGAc,21) (GSATc,16) (UC,1) (PTGN,3) (UCb,-1) (EGLNb,1) (PTGNc,1) (GT,1) (VONA,6) (EGLN,3) (GTa,51) (DRPA,4) (UCa,51) (EGLNa,53) (OSUb,-1) (DRPAb,2) (VZc,21) (VZ,14) (GSAT,9) (CMCT,16) (OSUa,51) (DRPAa,54) (PTGNb,1) (CMCTb,14)
EGLN:(EGLN,0) (GT,-2) (DRPA,1) (UC,-2) (GTa,48) (CMCT,13) (OSU,-2) (UCa,48) (EGLNa,50) (ATT,14) (TWC,13) (PTGN,0) (OSUa,48) (DRPAa,51) (VONA,3) (UGA,64) (GSAT,22) (PTGNa,50) (CMCTa,63)
EGLNa:(EGLNa,0) (GTa,-2) (DRPAa,1) (UCa,-2) (GT,48) (CMCTa,13) (UC,48) (EGLN,50) (OSUa,-2) (OSU,48) (DRPA,51) (ATTa,14) (TWCa,13) (PTGNa,0) (PTGN,50) (CMCT,63) (VONAa,3) (UGAa,64) (GSATa,22) (VONA,53) (ATT,64) (TWC,63)
EGLNb:(EGLNb,0) (GTb,-2) (DRPAb,1) (UCb,-2) (CMCTb,13) (OSUb,-2) (ATTb,14) (TWCb,13) (PTGNb,0) (VONAb,3) (UGAb,64) (GSATb,22)
EGLNc:(EGLNc,0) (GTc,-2) (DRPAc,1) (UCc,-2) (CMCTc,13) (OSUc,-2) (OSU,0) (GTb,-2) (ATTc,14) (TWCc,13) (UC,0) (PTGN,2) (UCb,-2) (EGLNb,0) (PTGNc,0) (GT,0) (VONA,5) (EGLN,2) (GTa,50) (DRPA,3) (UCa,50) (EGLNa,52) (OSUb,-2) (DRPAb,1) (VONAc,3) (UGAc,64) (GSATc,22) (VZ,13) (GSAT,8) (CMCT,15) (OSUa,50) (DRPAa,53) (PTGNb,0) (CMCTb,13)
GSAT:(GSAT,0) (VONA,-3) (UGA,0) (VZ,5) (ATT,6) (VZb,0) (CMCT,5) (TWC,5) (ATTb,2) (OSU,2) (UCc,1) (UC,2) (PTGN,4) (UGAb,52) (GSATb,10) (CMCTb,3) (GTc,1) (OSUc,1) (GTb,1) (GT,2) (EGLN,4) (GTa,52) (DRPA,5) (UCa,52) (EGLNa,54)
GSATa:(GSATa,0) (VONAa,-3) (UGAa,0) (VZa,5) (ATTa,7) (CMCTa,8) (TWCa,8)
GSATb:(GSATb,0) (VONAb,-3) (UGAb,0) (VZb,5) (ATTb,7) (CMCT,10) (OSU,7) (UCc,6) (CMCTb,8) (TWCb,8) (UC,7) (PTGN,9) (ATT,11) (TWC,10) (GTc,6) (OSUc,6) (GTb,6) (GT,7) (VONA,11) (EGLN,9) (GTa,57) (DRPA,10) (UCa,57) (EGLNa,59) (UGA,19) (GSAT,14) (UCb,6) (EGLNb,8) (EGLNc,8) (PTGNc,8) (OSUb,6) (DRPAb,9) (DRPAc,9) (VZ,19) (OSUa,57) (DRPAa,60)
GSATc:(GSATc,0) (VONAc,-3) (UGAc,0) (VZc,5) (ATTc,7) (UCb,9) (CMCTc,8) (TWCc,8) (GTb,9) (OSUb,9) (EGLNb,11) (PTGNb,11) (DRPAb,12) (VONAb,14) (CMCTb,24)
GT:(GT,0) (UC,0) (EGLN,2) (GTa,50) (OSU,0) (DRPA,3) (UCa,50) (EGLNa,52) (PTGN,2) (CMCT,15) (OSUa,50) (DRPAa,53) (VONA,5) (ATT,16) (TWC,15) (PTGNa,52) (CMCTa,65)
GTa:(GTa,0) (UCa,0) (EGLNa,2) (GT,50) (UC,50) (EGLN,52) (OSUa,0) (DRPAa,3) (OSU,50) (DRPA,53) (PTGNa,2) (CMCTa,15) (PTGN,52) (CMCT,65) (VONAa,5) (ATTa,16) (TWCa,15) (VONA,55) (ATT,66) (TWC,65)
GTb:(GTb,0) (UCb,0) (EGLNb,2) (OSUb,0) (DRPAb,3) (PTGNb,2) (CMCTb,15) (VONAb,5) (ATTb,16) (TWCb,15)
GTc:(GTc,0) (UCc,0) (EGLNc,2) (OSUc,0) (OSU,2) (GTb,0) (DRPAc,3) (UC,2) (PTGN,4) (UCb,0) (EGLNb,2) (PTGNc,2) (GT,2) (VONA,7) (EGLN,4) (GTa,52) (DRPA,5) (UCa,52) (EGLNa,54) (OSUb,0) (DRPAb,3) (CMCTc,15) (VONAc,5) (VZ,15) (GSAT,10) (CMCT,17) (OSUa,52) (DRPAa,55) (PTGNb,2) (CMCTb,15) (ATTc,16) (TWCc,15)
OSU:(OSU,0) (UC,0) (PTGN,2) (GT,0) (VONA,5) (EGLN,2) (GTa,50) (DRPA,3) (UCa,50) (EGLNa,52) (VZ,13) (GSAT,8) (CMCT,15) (OSUa,50) (DRPAa,53) (ATT,15) (VZb,8) (UGA,8) (TWC,15) (PTGNa,52) (CMCTa,65)
OSUa:(OSUa,0) (UCa,0) (PTGNa,2) (GTa,0) (VONAa,5) (EGLNa,2) (GT,50) (UC,50) (EGLN,52) (DRPAa,3) (OSU,50) (DRPA,53) (VZa,13) (GSATa,8) (CMCTa,15) (PTGN,52) (CMCT,65) (ATTa,15) (UGAa,8) (TWCa,15) (VONA,55) (ATT,66) (TWC,65)
OSUb:(OSUb,0) (UCb,0) (PTGNb,2) (GTb,0) (VONAb,5) (EGLNb,2) (DRPAb,3) (VZb,13) (GSATb,8) (CMCTb,15) (ATTb,15) (CMCT,18) (OSU,15) (UCc,14) (UGAb,8) (TWCb,15)
OSUc:(OSUc,0) (UCc,0) (PTGNc,2) (GTc,0) (OSU,2) (GTb,0) (VONAc,5) (UC,2) (PTGN,4) (UCb,0) (EGLNb,2) (EGLNc,2) (GT,2) (VONA,7) (EGLN,4) (GTa,52) (DRPA,5) (UCa,52) (EGLNa,54) (OSUb,0) (DRPAb,3) (DRPAc,3) (VZc,13) (GSATc,8) (VZ,15) (GSAT,10) (CMCT,17) (OSUa,52) (DRPAa,55) (PTGNb,2) (CMCTb,15) (CMCTc,15) (ATTc,15) (UGAc,8) (ATT,17) (VZb,10) (UGA,10) (TWC,17) (PTGNa,54) (CMCTa,67) (VONAb,5) (ATTb,16) (TWCb,15) (TWCc,15)
PTGN:(PTGN,0) (OSU,-1) (VONA,3) (UC,-1) (VZ,11) (GSAT,6) (GT,-1) (EGLN,1) (GTa,49) (DRPA,2) (UCa,49) (EGLNa,51) (ATT,13) (VZb,6) (UGA,6) (CMCT,11) (OSUa,49) (DRPAa,52) (ATTb,8) (UCc,7) (TWC,14) (PTGNa,51) (CMCTa,64)
PTGNa:(PTGNa,0) (OSUa,-1) (VONAa,3) (UCa,-1) (VZa,11) (GSATa,6) (GTa,-1) (EGLNa,1) (GT,49) (UC,49) (EGLN,51) (DRPAa,2) (OSU,49) (DRPA,52) (ATTa,13) (UGAa,6) (CMCTa,14) (PTGN,51) (CMCT,64) (TWCa,14) (VONA,54) (ATT,65) (TWC,64)
PTGNb:(PTGNb,0) (OSUb,-1) (VONAb,3) (UCb,-1) (VZb,11) (GSATb,6) (GTb,-1) (EGLNb,1) (DRPAb,2) (ATTb,13) (CMCT,16) (OSU,13) (UCc,12) (UGAb,6) (CMCTb,14) (UC,13) (PTGN,15) (ATT,17) (TWC,16) (GTc,12) (OSUc,12) (GT,13) (VONA,17) (EGLN,15) (GTa,63) (DRPA,16) (UCa,63) (EGLNa,65) (UGA,67) (GSAT,25) (TWCb,14)
PTGNc:(PTGNc,0) (OSUc,-1) (VONAc,3) (UCc,-1) (VZc,11) (GSATc,6) (GTc,-1) (OSU,1) (GTb,-1) (UC,1) (PTGN,3) (UCb,-1) (EGLNb,1) (EGLNc,1) (GT,1) (VONA,6) (EGLN,3) (GTa,51) (DRPA,4) (UCa,51) (EGLNa,53) (OSUb,-1) (DRPAb,2) (DRPAc,2) (ATTc,13) (UGAc,6) (VZ,14) (GSAT,9) (CMCT,16) (OSUa,51) (DRPAa,54) (PTGNb,1) (CMCTb,14) (CMCTc,14) (ATT,16) (VZb,9) (UGA,9) (TWC,16) (PTGNa,53) (CMCTa,66) (VONAb,4) (ATTb,15) (TWCb,14) (TWCc,14)
TWC:(TWC,0) (CMCT,0) (VONA,1) (ATT,1) (VZ,9) (GSAT,4) (UGA,4) (VZb,4) (ATTb,6) (OSU,6) (UCc,5)
TWCa:(TWCa,0) (CMCTa,0) (VONAa,1) (ATTa,1) (VZa,9) (GSATa,4) (UGAa,4)
TWCb:(TWCb,0) (CMCTb,0) (VONAb,1) (ATTb,1) (VZb,9) (GSATb,4) (UGAb,4) (CMCT,14) (OSU,11) (UCc,10) (UC,11) (PTGN,13) (ATT,15) (TWC,14) (GTc,10) (OSUc,10) (GTb,10) (GT,11) (VONA,15) (EGLN,13) (GTa,61) (DRPA,14) (UCa,61) (EGLNa,63) (UGA,65) (GSAT,23)
TWCc:(TWCc,0) (CMCTc,0) (VONAc,1) (ATTc,1) (VZc,9) (GSATc,4) (UGAc,4) (UCb,13) (GTb,13) (OSUb,13) (EGLNb,15) (PTGNb,15) (DRPAb,16)
UC:(UC,0) (GT,0) (OSU,0) (EGLN,2) (GTa,50) (PTGN,2) (DRPA,3) (UCa,50) (EGLNa,52) (VONA,5) (CMCT,15) (OSUa,50) (DRPAa,53) (VZ,13) (GSAT,8) (ATT,16) (TWC,15) (PTGNa,52) (CMCTa,65)
UCa:(UCa,0) (GTa,0) (OSUa,0) (EGLNa,2) (GT,50) (PTGNa,2) (UC,50) (EGLN,52) (DRPAa,3) (OSU,50) (DRPA,53) (VONAa,5) (CMCTa,15) (PTGN,52) (CMCT,65) (VZa,13) (GSATa,8) (ATTa,16) (TWCa,15) (VONA,55) (ATT,66) (TWC,65)
UCb:(UCb,0) (GTb,0) (OSUb,0) (EGLNb,2) (PTGNb,2) (DRPAb,3) (VONAb,5) (CMCTb,15) (VZb,13) (GSATb,8) (ATTb,16) (TWCb,15)
UCc:(UCc,0) (GTc,0) (OSUc,0) (OSU,2) (GTb,0) (UC,2) (PTGN,4) (UCb,0) (EGLNb,2) (EGLNc,2) (PTGNc,2) (GT,2) (VONA,7) (EGLN,4) (GTa,52) (DRPA,5) (UCa,52) (EGLNa,54) (OSUb,0) (DRPAb,3) (DRPAc,3) (VONAc,5) (VZ,15) (GSAT,10) (CMCT,17) (OSUa,52) (DRPAa,55) (PTGNb,2) (CMCTb,15) (CMCTc,15) (VZc,13) (GSATc,8) (ATT,17) (VZb,10) (UGA,10) (TWC,17) (PTGNa,54) (CMCTa,67) (VONAb,5) (ATTb,16) (TWCb,15) (ATTc,16) (TWCc,15)
UGA:(UGA,0) (ATT,50) (GSAT,50) (CMCT,51) (VONA,47) (TWC,51) (VZ,55) (VZb,50) (ATTb,52) (OSU,52) (UCc,51) (UC,52) (PTGN,54) (UGAb,102) (GSATb,60) (CMCTb,53) (GTc,51) (OSUc,51) (GTb,51) (GT,52) (EGLN,54) (GTa,102) (DRPA,55) (UCa,102) (EGLNa,104)
UGAa:(UGAa,0) (ATTa,50) (GSATa,50) (CMCTa,51) (VONAa,47) (TWCa,51) (VZa,55)
UGAb:(UGAb,0) (ATTb,50) (GSATb,50) (CMCTb,51) (VONAb,47) (TWCb,51) (VZb,55) (CMCT,60) (OSU,57) (UCc,56) (UC,57) (PTGN,59) (ATT,61) (TWC,60) (GTc,56) (OSUc,56) (GTb,56) (GT,57) (VONA,61) (EGLN,59) (GTa,107) (DRPA,60) (UCa,107) (EGLNa,109) (UGA,69) (GSAT,64) (UCb,56) (EGLNb,58) (EGLNc,58) (PTGNc,58) (OSUb,56) (DRPAb,59) (DRPAc,59) (VZ,69) (OSUa,107) (DRPAa,110)
UGAc:(UGAc,0) (ATTc,50) (GSATc,50) (CMCTc,51) (VONAc,47) (TWCc,51) (VZc,55) (UCb,59) (GTb,59) (OSUb,59) (EGLNb,61) (PTGNb,61) (DRPAb,62) (VONAb,64) (CMCTb,74)
VONA:(VONA,0) (VZ,8) (GSAT,3) (ATT,9) (VZb,3) (UGA,3) (CMCT,8) (ATTb,5) (OSU,5) (UCc,4) (TWC,8) (UC,5) (PTGN,7) (UGAb,55) (GSATb,13) (CMCTb,6) (GTc,4) (OSUc,4) (GTb,4) (GT,5) (EGLN,7) (GTa,55) (DRPA,8) (UCa,55) (EGLNa,57)
VONAa:(VONAa,0) (VZa,8) (GSATa,3) (ATTa,10) (UGAa,3) (CMCTa,11) (TWCa,11)
VONAb:(VONAb,0) (VZb,8) (GSATb,3) (ATTb,10) (CMCT,13) (OSU,10) (UCc,9) (UGAb,3) (UC,10) (PTGN,12) (ATT,14) (TWC,13) (CMCTb,11) (GTc,9) (OSUc,9) (GTb,9) (GT,10) (VONA,14) (EGLN,12) (GTa,60) (DRPA,13) (UCa,60) (EGLNa,62) (UGA,22) (GSAT,17) (TWCb,11) (UCb,9) (EGLNb,11) (EGLNc,11) (PTGNc,11) (OSUb,9) (DRPAb,12) (DRPAc,12) (VZ,22) (OSUa,60) (DRPAa,63)
VONAc:(VONAc,0) (VZc,8) (GSATc,3) (ATTc,10) (UCb,12) (UGAc,3) (GTb,12) (OSUb,12) (CMCTc,11) (EGLNb,14) (PTGNb,14) (DRPAb,15) (TWCc,11) (VONAb,17) (CMCTb,27)
VZ:(VZ,0) (ATT,1) (VZb,-5) (UGA,9) (GSAT,4) (CMCT,0) (ATTb,-3) (OSU,-3) (UCc,-4) (TWC,0) (VONA,1) (UC,-3) (PTGN,-1) (UGAb,5) (GSATb,5) (CMCTb,-2) (GTc,-4) (OSUc,-4) (GTb,-4) (GT,-3) (EGLN,-1) (GTa,47) (DRPA,0) (UCa,47) (EGLNa,49) (TWCb,-2) (VONAb,-1) (UCb,-4) (EGLNb,-2) (EGLNc,-2) (PTGNc,-2) (OSUb,-4) (DRPAb,-1) (DRPAc,-1) (OSUa,47) (DRPAa,50)
VZa:(VZa,0) (ATTa,2) (UGAa,10) (GSATa,7) (CMCTa,3) (TWCa,3) (VONAa,4)
VZb:(VZb,0) (ATTb,2) (CMCT,5) (OSU,2) (UCc,1) (UC,2) (PTGN,4) (ATT,6) (TWC,5) (UGAb,10) (GSATb,7) (CMCTb,3) (GTc,1) (OSUc,1) (GTb,1) (GT,2) (VONA,6) (EGLN,4) (GTa,52) (DRPA,5) (UCa,52) (EGLNa,54) (UGA,9) (GSAT,9) (TWCb,3) (VONAb,4) (UCb,1) (EGLNb,3) (EGLNc,3) (PTGNc,3) (OSUb,1) (DRPAb,4) (DRPAc,4) (VZ,14) (OSUa,52) (DRPAa,55) (VONAc,6) (PTGNb,3) (CMCTc,16) (PTGNa,54) (CMCTa,67)
VZc:(VZc,0) (ATTc,2) (UCb,4) (GTb,4) (OSUb,4) (UGAc,10) (GSATc,7) (CMCTc,3) (EGLNb,6) (PTGNb,6) (DRPAb,7) (TWCc,3) (VONAc,4) (VONAb,9) (CMCTb,19) (VZb,17) (GSATb,12) (ATTb,20) (TWCb,19)
-----
ATT:(ATT,0) (UGA,5) (GSAT,5) (CMCT,1) (TWC,1) (VONA,2) (VZ,10) (VZb,5) (ATTb,7) (OSU,7) (UCc,6) (UC,7) (PTGN,9) (UGAb,57) (GSATb,15) (CMCTb,8) (GTc,6) (OSUc,6) (GTb,6) (GT,7) (EGLN,9) (GTa,57) (DRPA,10) (UCa,57) (EGLNa,59)
ATTa:(ATTa,0) (UGAa,5) (GSATa,5) (CMCTa,1) (TWCa,1) (VONAa,2) (VZa,10)
ATTb:(ATTb,0) (UGAb,5) (GSATb,5) (CMCTb,1) (TWCb,1) (VONAb,2) (VZb,10) (CMCT,15) (OSU,12) (UCc,11) (UC,12) (PTGN,14) (ATT,16) (TWC,15) (GTc,11) (OSUc,11) (GTb,11) (GT,12) (VONA,16) (EGLN,14) (GTa,62) (DRPA,15) (UCa,62) (EGLNa,64) (UGA,24) (GSAT,19) (UCb,11) (EGLNb,13) (EGLNc,13) (PTGNc,13) (OSUb,11) (DRPAb,14) (DRPAc,14) (VZ,24) (OSUa,62) (DRPAa,65)
ATTc:(ATTc,0) (UGAc,5) (GSATc,5) (CMCTc,1) (TWCc,1) (VONAc,2) (VZc,10) (UCb,14) (GTb,14) (OSUb,14) (EGLNb,16) (PTGNb,16) (DRPAb,17) (VONAb,19) (CMCTb,29)
CMCT:(CMCT,0) (ATT,1) (TWC,0) (VONA,1) (UGA,4) (GSAT,4) (VZ,9) (VZb,4) (ATTb,6) (OSU,6) (UCc,5)
CMCTa:(CMCTa,0) (ATTa,1) (TWCa,0) (VONAa,1) (UGAa,4) (GSATa,4) (VZa,9)
CMCTb:(CMCTb,0) (ATTb,1) (TWCb,0) (VONAb,1) (UGAb,4) (GSATb,4) (VZb,9) (CMCT,14) (OSU,11) (UCc,10) (UC,11) (PTGN,13) (ATT,15) (TWC,14) (GTc,10) (OSUc,10) (GTb,10) (GT,11) (VONA,15) (EGLN,13) (GTa,61) (DRPA,14) (UCa,61) (EGLNa,63) (UGA,65) (GSAT,23)
CMCTc:(CMCTc,0) (ATTc,1) (TWCc,0) (VONAc,1) (UGAc,4) (GSATc,4) (VZc,9) (UCb,13) (GTb,13) (OSUb,13) (EGLNb,15) (PTGNb,15) (DRPAb,16)
DRPA:(DRPA,0) (EGLN,1) (CMCT,12) (GT,-1) (ATT,13) (TWC,12) (UC,-1) (GTa,49) (OSU,-1) (UCa,49) (EGLNa,51) (VONA,4) (UGA,16) (GSAT,7) (PTGN,1) (OSUa,49) (DRPAa,52) (VZ,12) (PTGNa,51) (CMCTa,64) (VZb,16) (VONAa,54) (ATTa,65) (TWCa,64)
DRPAa:(DRPAa,0) (EGLNa,1) (CMCTa,12) (GTa,-1) (ATTa,13) (TWCa,12) (UCa,-1) (GT,49) (UC,49) (EGLN,51) (OSUa,-1) (OSU,49) (DRPA,52) (VONAa,4) (UGAa,16) (GSATa,7) (PTGNa,1) (PTGN,51) (CMCT,64) (VZa,12) (VONA,54) (ATT,65) (TWC,64) (VZ,62) (GSAT,57) (UGA,115)
DRPAb:(DRPAb,0) (EGLNb,1) (CMCTb,12) (GTb,-1) (ATTb,13) (TWCb,12) (UCb,-1) (OSUb,-1) (VONAb,4) (UGAb,16) (GSATb,7) (PTGNb,1) (VZb,12) (CMCT,26) (OSU,23) (UCc,22)
DRPAc:(DRPAc,0) (EGLNc,1) (CMCTc,12) (GTc,-1) (ATTc,13) (TWCc,12) (UCc,-1) (OSUc,-1) (OSU,1) (GTb,-1) (VONAc,4) (UGAc,16) (GSATc,7) (UC,1) (PTGN,3) (UCb,-1) (EGLNb,1) (PTGNc,1) (GT,1) (VONA,6) (EGLN,3) (GTa,51) (DRPA,4) (UCa,51) (EGLNa,53) (OSUb,-1) (DRPAb,2) (VZc,12) (VZ,14) (GSAT,9) (CMCT,16) (OSUa,51) (DRPAa,54) (PTGNb,1) (CMCTb,14) (ATT,16) (VZb,9) (UGA,9) (TWC,16) (PTGNa,53) (CMCTa,66) (VONAb,4) (ATTb,15) (TWCb,14)
EGLN:(EGLN,0) (GT,-2) (DRPA,1) (UC,-2) (GTa,48) (CMCT,13) (OSU,-2) (UCa,48) (EGLNa,50) (ATT,14) (TWC,13) (PTGN,0) (OSUa,48) (DRPAa,51) (VONA,3) (UGA,22) (GSAT,6) (PTGNa,50) (CMCTa,63) (VZ,11) (VONAa,53) (ATTa,64) (TWCa,63)
EGLNa:(EGLNa,0) (GTa,-2) (DRPAa,1) (UCa,-2) (GT,48) (CMCTa,13) (UC,48) (EGLN,50) (OSUa,-2) (OSU,48) (DRPA,51) (ATTa,14) (TWCa,13) (PTGNa,0) (PTGN,50) (CMCT,63) (VONAa,3) (UGAa,22) (GSATa,6) (VONA,53) (ATT,64) (TWC,63) (VZa,11) (VZ,61) (GSAT,56) (UGA,114)
EGLNb:(EGLNb,0) (GTb,-2) (DRPAb,1) (UCb,-2) (CMCTb,13) (OSUb,-2) (ATTb,14) (TWCb,13) (PTGNb,0) (VONAb,3) (UGAb,22) (GSATb,6) (VZb,11)
EGLNc:(EGLNc,0) (GTc,-2) (DRPAc,1) (UCc,-2) (CMCTc,13) (OSUc,-2) (OSU,0) (GTb,-2) (ATTc,14) (TWCc,13) (UC,0) (PTGN,2) (UCb,-2) (EGLNb,0) (PTGNc,0) (GT,0) (VONA,5) (EGLN,2) (GTa,50) (DRPA,3) (UCa,50) (EGLNa,52) (OSUb,-2) (DRPAb,1) (VONAc,3) (UGAc,22) (GSATc,6) (VZ,13) (GSAT,8) (CMCT,15) (OSUa,50) (DRPAa,53) (PTGNb,0) (CMCTb,13) (VZc,11) (ATT,15) (VZb,8) (UGA,8) (TWC,15) (PTGNa,52) (CMCTa,65) (VONAb,3) (ATTb,14) (TWCb,13)
GSAT:(GSAT,0) (VONA,-3) (UGA,0) (VZ,5) (ATT,6) (VZb,0) (CMCT,5) (TWC,5) (ATTb,2) (OSU,2) (UCc,1) (UC,2) (PTGN,4) (UGAb,10) (GSATb,10) (CMCTb,3) (GTc,1) (OSUc,1) (GTb,1) (GT,2) (EGLN,4) (GTa,52) (DRPA,5) (UCa,52) (EGLNa,54) (TWCb,3) (VONAb,4) (UCb,1) (EGLNb,3) (EGLNc,3) (PTGNc,3) (OSUb,1) (DRPAb,4) (DRPAc,4) (OSUa,52) (DRPAa,55)
GSATa:(GSATa,0) (VONAa,-3) (UGAa,0) (VZa,5) (ATTa,7) (CMCTa,8) (TWCa,8)
GSATb:(GSATb,0) (VONAb,-3) (UGAb,0) (VZb,5) (ATTb,7) (CMCT,10) (OSU,7) (UCc,6) (CMCTb,8) (TWCb,8) (UC,7) (PTGN,9) (ATT,11) (TWC,10) (GTc,6) (OSUc,6) (GTb,6) (GT,7) (VONA,11) (EGLN,9) (GTa,57) (DRPA,10) (UCa,57) (EGLNa,59) (UGA,14) (GSAT,14) (UCb,6) (EGLNb,8) (EGLNc,8) (PTGNc,8) (OSUb,6) (DRPAb,9) (DRPAc,9) (VZ,19) (OSUa,57) (DRPAa,60) (VONAc,11) (PTGNb,8) (CMCTc,21) (PTGNa,59) (CMCTa,72)
GSATc:(GSATc,0) (VONAc,-3) (UGAc,0) (VZc,5) (ATTc,7) (UCb,9) (CMCTc,8) (TWCc,8) (GTb,9) (OSUb,9) (EGLNb,11) (PTGNb,11) (DRPAb,12) (VONAb,14) (CMCTb,24) (VZb,22) (GSATb,17) (ATTb,25) (TWCb,24)
GT:(GT,0) (UC,0) (EGLN,2) (GTa,50) (OSU,0) (DRPA,3) (UCa,50) (EGLNa,52) (PTGN,2) (CMCT,15) (OSUa,50) (DRPAa,53) (VONA,5) (ATT,16) (TWC,15) (PTGNa,52) (CMCTa,65) (VZ,13) (GSAT,8) (UGA,66) (VONAa,55) (ATTa,66) (TWCa,65)
GTa:(GTa,0) (UCa,0) (EGLNa,2) (GT,50) (UC,50) (EGLN,52) (OSUa,0) (DRPAa,3) (OSU,50) (DRPA,53) (PTGNa,2) (CMCTa,15) (PTGN,52) (CMCT,65) (VONAa,5) (ATTa,16) (TWCa,15) (VONA,55) (ATT,66) (TWC,65) (VZa,13) (GSATa,8) (UGAa,66) (VZ,63) (GSAT,58) (UGA,116)
GTb:(GTb,0) (UCb,0) (EGLNb,2) (OSUb,0) (DRPAb,3) (PTGNb,2) (CMCTb,15) (VONAb,5) (ATTb,16) (TWCb,15) (VZb,13) (GSATb,8) (UGAb,66)
GTc:(GTc,0) (UCc,0) (EGLNc,2) (OSUc,0) (OSU,2) (GTb,0) (DRPAc,3) (UC,2) (PTGN,4) (UCb,0) (EGLNb,2) (PTGNc,2) (GT,2) (VONA,7) (EGLN,4) (GTa,52) (DRPA,5) (UCa,52) (EGLNa,54) (OSUb,0) (DRPAb,3) (CMCTc,15) (VONAc,5) (VZ,15) (GSAT,10) (CMCT,17) (OSUa,52) (DRPAa,55) (PTGNb,2) (CMCTb,15) (ATTc,16) (TWCc,15) (VZc,13) (GSATc,8) (ATT,17) (VZb,10) (UGA,10) (TWC,17) (PTGNa,54) (CMCTa,67) (VONAb,5) (ATTb,16) (TWCb,15) (UGAc,66)
OSU:(OSU,0) (UC,0) (PTGN,2) (GT,0) (VONA,5) (EGLN,2) (GTa,50) (DRPA,3) (UCa,50) (EGLNa,52) (VZ,13) (GSAT,8) (CMCT,13) (OSUa,50) (DRPAa,53) (ATT,15) (VZb,8) (UGA,8) (TWC,15) (PTGNa,52) (CMCTa,65) (ATTb,10) (UCc,9) (VONAa,55) (ATTa,66) (TWCa,65)
OSUa:(OSUa,0) (UCa,0) (PTGNa,2) (GTa,0) (VONAa,5) (EGLNa,2) (GT,50) (UC,50) (EGLN,52) (DRPAa,3) (OSU,50) (DRPA,53) (VZa,13) (GSATa,8) (CMCTa,15) (PTGN,52) (CMCT,65) (ATTa,15) (UGAa,8) (TWCa,15) (VONA,55) (ATT,66) (TWC,65) (VZ,63) (GSAT,58) (UGA,116)
OSUb:(OSUb,0) (UCb,0) (PTGNb,2) (GTb,0) (VONAb,5) (EGLNb,2) (DRPAb,3) (VZb,13) (GSATb,8) (CMCTb,15) (ATTb,15) (CMCT,18) (OSU,15) (UCc,14) (UGAb,8) (TWCb,15) (UC,15) (PTGN,17) (ATT,19) (TWC,18) (GTc,14) (OSUc,14) (GT,15) (VONA,19) (EGLN,17) (GTa,65) (DRPA,18) (UCa,65) (EGLNa,67) (UGA,69) (GSAT,27)
OSUc:(OSUc,0) (UCc,0) (PTGNc,2) (GTc,0) (OSU,2) (GTb,0) (VONAc,5) (UC,2) (PTGN,4) (UCb,0) (EGLNb,2) (EGLNc,2) (GT,2) (VONA,7) (EGLN,4) (GTa,52) (DRPA,5) (UCa,52) (EGLNa,54) (OSUb,0) (DRPAb,3) (DRPAc,3) (VZc,13) (GSATc,8) (VZ,15) (GSAT,10) (CMCT,15) (OSUa,52) (DRPAa,55) (PTGNb,2) (CMCTb,15) (CMCTc,15) (ATTc,15) (UGAc,8) (ATT,17) (VZb,10) (UGA,10) (TWC,17) (PTGNa,54) (CMCTa,67) (VONAb,5) (ATTb,12) (TWCb,15) (TWCc,15) (VONAa,57) (ATTa,68) (TWCa,67) (GSATb,8) (UGAb,66)
PTGN:(PTGN,0) (OSU,-1) (VONA,3) (UC,-1) (VZ,11) (GSAT,6) (GT,-1) (EGLN,1) (GTa,49) (DRPA,2) (UCa,49) (EGLNa,51) (ATT,12) (VZb,6) (UGA,6) (CMCT,11) (OSUa,49) (DRPAa,52) (ATTb,8) (UCc,7) (TWC,11) (PTGNa,51) (CMCTa,64) (UGAb,58) (GSATb,16) (CMCTb,9) (GTc,7) (OSUc,7) (GTb,7) (VONAa,54) (ATTa,65) (TWCa,64)
PTGNa:(PTGNa,0) (OSUa,-1) (VONAa,3) (UCa,-1) (VZa,11) (GSATa,6) (GTa,-1) (EGLNa,1) (GT,49) (UC,49) (EGLN,51) (DRPAa,2) (OSU,49) (DRPA,52) (ATTa,13) (UGAa,6) (CMCTa,14) (PTGN,51) (CMCT,64) (TWCa,14) (VONA,54) (ATT,65) (TWC,64) (VZ,62) (GSAT,57) (UGA,115)
PTGNb:(PTGNb,0) (OSUb,-1) (VONAb,3) (UCb,-1) (VZb,11) (GSATb,6) (GTb,-1) (EGLNb,1) (DRPAb,2) (ATTb,13) (CMCT,16) (OSU,13) (UCc,12) (UGAb,6) (CMCTb,14) (UC,13) (PTGN,15) (ATT,17) (TWC,16) (GTc,12) (OSUc,12) (GT,13) (VONA,17) (EGLN,15) (GTa,63) (DRPA,16) (UCa,63) (EGLNa,65) (UGA,25) (GSAT,20) (TWCb,14) (EGLNc,14) (PTGNc,14) (DRPAc,15) (VZ,25) (OSUa,63) (DRPAa,66)
PTGNc:(PTGNc,0) (OSUc,-1) (VONAc,3) (UCc,-1) (VZc,11) (GSATc,6) (GTc,-1) (OSU,1) (GTb,-1) (UC,1) (PTGN,3) (UCb,-1) (EGLNb,1) (EGLNc,1) (GT,1) (VONA,6) (EGLN,3) (GTa,51) (DRPA,4) (UCa,51) (EGLNa,53) (OSUb,-1) (DRPAb,2) (DRPAc,2) (ATTc,13) (UGAc,6) (VZ,14) (GSAT,9) (CMCT,14) (OSUa,51) (DRPAa,54) (PTGNb,1) (CMCTb,14) (CMCTc,14) (ATT,16) (VZb,9) (UGA,9) (TWC,16) (PTGNa,53) (CMCTa,66) (VONAb,4) (ATTb,11) (TWCb,14) (TWCc,14) (VONAa,56) (ATTa,67) (TWCa,66) (GSATb,7) (UGAb,65)
TWC:(TWC,0) (CMCT,0) (VONA,1) (ATT,1) (VZ,9) (GSAT,4) (UGA,4) (VZb,4) (ATTb,6) (OSU,6) (UCc,5) (UC,6) (PTGN,8) (UGAb,56) (GSATb,14) (CMCTb,7) (GTc,5) (OSUc,5) (GTb,5) (GT,6) (EGLN,8) (GTa,56) (DRPA,9) (UCa,56) (EGLNa,58)
TWCa:(TWCa,0) (CMCTa,0) (VONAa,1) (ATTa,1) (VZa,9) (GSATa,4) (UGAa,4)
TWCb:(TWCb,0) (CMCTb,0) (VONAb,1) (ATTb,1) (VZb,9) (GSATb,4) (UGAb,4) (CMCT,14) (OSU,11) (UCc,10) (UC,11) (PTGN,13) (ATT,15) (TWC,14) (GTc,10) (OSUc,10) (GTb,10) (GT,11) (VONA,15) (EGLN,13) (GTa,61) (DRPA,14) (UCa,61) (EGLNa,63) (UGA,23) (GSAT,18) (UCb,10) (EGLNb,12) (EGLNc,12) (PTGNc,12) (OSUb,10) (DRPAb,13) (DRPAc,13) (VZ,23) (OSUa,61) (DRPAa,64)
TWCc:(TWCc,0) (CMCTc,0) (VONAc,1) (ATTc,1) (VZc,9) (GSATc,4) (UGAc,4) (UCb,13) (GTb,13) (OSUb,13) (EGLNb,15) (PTGNb,15) (DRPAb,16) (VONAb,18) (CMCTb,28)
UC:(UC,0) (GT,0) (OSU,0) (EGLN,2) (GTa,50) (PTGN,2) (DRPA,3) (UCa,50) (EGLNa,52) (VONA,5) (CMCT,15) (OSUa,50) (DRPAa,53) (VZ,13) (GSAT,8) (ATT,15) (TWC,15) (PTGNa,52) (CMCTa,65) (VZb,8) (UGA,8) (VONAa,55) (ATTa,66) (TWCa,65)
UCa:(UCa,0) (GTa,0) (OSUa,0) (EGLNa,2) (GT,50) (PTGNa,2) (UC,50) (EGLN,52) (DRPAa,3) (OSU,50) (DRPA,53) (VONAa,5) (CMCTa,15) (PTGN,52) (CMCT,65) (VZa,13) (GSATa,8) (ATTa,15) (TWCa,15) (VONA,55) (ATT,66) (TWC,65) (UGAa,8) (VZ,63) (GSAT,58) (UGA,116)
UCb:(UCb,0) (GTb,0) (OSUb,0) (EGLNb,2) (PTGNb,2) (DRPAb,3) (VONAb,5) (CMCTb,15) (VZb,13) (GSATb,8) (ATTb,15) (TWCb,15) (CMCT,18) (OSU,15) (UCc,14) (UGAb,8)
UCc:(UCc,0) (GTc,0) (OSUc,0) (OSU,2) (GTb,0) (UC,2) (PTGN,4) (UCb,0) (EGLNb,2) (EGLNc,2) (PTGNc,2) (GT,2) (VONA,7) (EGLN,4) (GTa,52) (DRPA,5) (UCa,52) (EGLNa,54) (OSUb,0) (DRPAb,3) (DRPAc,3) (VONAc,5) (VZ,15) (GSAT,10) (CMCT,15) (OSUa,52) (DRPAa,55) (PTGNb,2) (CMCTb,15) (CMCTc,15) (VZc,13) (GSATc,8) (ATT,17) (VZb,10) (UGA,10) (TWC,17) (PTGNa,54) (CMCTa,67) (VONAb,5) (ATTb,12) (TWCb,15) (ATTc,15) (TWCc,15) (UGAc,8) (VONAa,57) (ATTa,68) (TWCa,67) (GSATb,8) (UGAb,66)
UGA:(UGA,0) (ATT,50) (GSAT,50) (CMCT,51) (VONA,47) (TWC,51) (VZ,55) (VZb,50) (ATTb,52) (OSU,52) (UCc,51) (UC,52) (PTGN,54) (UGAb,60) (GSATb,60) (CMCTb,53) (GTc,51) (OSUc,51) (GTb,51) (GT,52) (EGLN,54) (GTa,102) (DRPA,55) (UCa,102) (EGLNa,104) (TWCb,53) (VONAb,54) (UCb,51) (EGLNb,53) (EGLNc,53) (PTGNc,53) (OSUb,51) (DRPAb,54) (DRPAc,54) (OSUa,102) (DRPAa,105)
UGAa:(UGAa,0) (ATTa,50) (GSATa,50) (CMCTa,51) (VONAa,47) (TWCa,51) (VZa,55)
UGAb:(UGAb,0) (ATTb,50) (GSATb,50) (CMCTb,51) (VONAb,47) (TWCb,51) (VZb,55) (CMCT,60) (OSU,57) (UCc,56) (UC,57) (PTGN,59) (ATT,61) (TWC,60) (GTc,56) (OSUc,56) (GTb,56) (GT,57) (VONA,61) (EGLN,59) (GTa,107) (DRPA,60) (UCa,107) (EGLNa,109) (UGA,64) (GSAT,64) (UCb,56) (EGLNb,58) (EGLNc,58) (PTGNc,58) (OSUb,56) (DRPAb,59) (DRPAc,59) (VZ,69) (OSUa,107) (DRPAa,110) (VONAc,61) (PTGNb,58) (CMCTc,71) (PTGNa,109) (CMCTa,122)
UGAc:(UGAc,0) (ATTc,50) (GSATc,50) (CMCTc,51) (VONAc,47) (TWCc,51) (VZc,55) (UCb,59) (GTb,59) (OSUb,59) (EGLNb,61) (PTGNb,61) (DRPAb,62) (VONAb,64) (CMCTb,74) (VZb,72) (GSATb,67) (ATTb,75) (TWCb,74)
VONA:(VONA,0) (VZ,8) (GSAT,3) (ATT,9) (VZb,3) (UGA,3) (CMCT,8) (ATTb,5) (OSU,5) (UCc,4) (TWC,8) (UC,5) (PTGN,7) (UGAb,13) (GSATb,13) (CMCTb,6) (GTc,4) (OSUc,4) (GTb,4) (GT,5) (EGLN,7) (GTa,55) (DRPA,8) (UCa,55) (EGLNa,57) (TWCb,6) (VONAb,7) (UCb,4) (EGLNb,6) (EGLNc,6) (PTGNc,6) (OSUb,4) (DRPAb,7) (DRPAc,7) (OSUa,55) (DRPAa,58)
VONAa:(VONAa,0) (VZa,8) (GSATa,3) (ATTa,10) (UGAa,3) (CMCTa,11) (TWCa,11)
VONAb:(VONAb,0) (VZb,8) (GSATb,3) (ATTb,10) (CMCT,13) (OSU,10) (UCc,9) (UGAb,3) (UC,10) (PTGN,12) (ATT,14) (TWC,13) (CMCTb,11) (GTc,9) (OSUc,9) (GTb,9) (GT,10) (VONA,14) (EGLN,12) (GTa,60) (DRPA,13) (UCa,60) (EGLNa,62) (UGA,17) (GSAT,17) (TWCb,11) (UCb,9) (EGLNb,11) (EGLNc,11) (PTGNc,11) (OSUb,9) (DRPAb,12) (DRPAc,12) (VZ,22) (OSUa,60) (DRPAa,63) (VONAc,14) (PTGNb,11) (CMCTc,24) (PTGNa,62) (CMCTa,75)
VONAc:(VONAc,0) (VZc,8) (GSATc,3) (ATTc,10) (UCb,12) (UGAc,3) (GTb,12) (OSUb,12) (CMCTc,11) (EGLNb,14) (PTGNb,14) (DRPAb,15) (TWCc,11) (VONAb,17) (CMCTb,27) (VZb,25) (GSATb,20) (ATTb,28) (TWCb,27)
VZ:(VZ,0) (ATT,1) (VZb,-5) (UGA,4) (GSAT,4) (CMCT,0) (ATTb,-3) (OSU,-3) (UCc,-4) (TWC,0) (VONA,1) (UC,-3) (PTGN,-1) (UGAb,5) (GSATb,2) (CMCTb,-2) (GTc,-4) (OSUc,-4) (GTb,-4) (GT,-3) (EGLN,-1) (GTa,47) (DRPA,0) (UCa,47) (EGLNa,49) (TWCb,-2) (VONAb,-1) (UCb,-4) (EGLNb,-2) (EGLNc,-2) (PTGNc,-2) (OSUb,-4) (DRPAb,-1) (DRPAc,-1) (OSUa,47) (DRPAa,50) (VONAc,1) (PTGNb,-2) (CMCTc,11) (PTGNa,49) (CMCTa,62)
VZa:(VZa,0) (ATTa,2) (UGAa,7) (GSATa,7) (CMCTa,3) (TWCa,3) (VONAa,4)
VZb:(VZb,0) (ATTb,2) (CMCT,5) (OSU,2) (UCc,1) (UC,2) (PTGN,4) (ATT,6) (TWC,5) (UGAb,7) (GSATb,7) (CMCTb,3) (GTc,1) (OSUc,1) (GTb,1) (GT,2) (VONA,6) (EGLN,4) (GTa,52) (DRPA,5) (UCa,52) (EGLNa,54) (UGA,9) (GSAT,9) (TWCb,3) (VONAb,4) (UCb,1) (EGLNb,3) (EGLNc,3) (PTGNc,3) (OSUb,1) (DRPAb,4) (DRPAc,4) (VZ,14) (OSUa,52) (DRPAa,55) (VONAc,6) (PTGNb,3) (CMCTc,16) (PTGNa,54) (CMCTa,67) (VZc,14) (GSATc,9) (ATTc,17) (TWCc,16) (VONAa,57) (ATTa,68) (TWCa,67)
VZc:(VZc,0) (ATTc,2) (UCb,4) (GTb,4) (OSUb,4) (UGAc,7) (GSATc,7) (CMCTc,3) (EGLNb,6) (PTGNb,6) (DRPAb,7) (TWCc,3) (VONAc,4) (VONAb,9) (CMCTb,19) (VZb,17) (GSATb,12) (ATTb,19) (TWCb,19) (CMCT,22) (OSU,19) (UCc,18) (UGAb,12)
-----
ATT:(ATT,0) (UGA,5) (GSAT,5) (CMCT,1) (TWC,1) (VONA,2) (VZ,10) (VZb,5) (ATTb,7) (OSU,7) (UCc,6) (UC,7) (PTGN,9) (UGAb,15) (GSATb,15) (CMCTb,8) (GTc,6) (OSUc,6) (GTb,6) (GT,7) (EGLN,9) (GTa,57) (DRPA,10) (UCa,57) (EGLNa,59) (TWCb,8) (VONAb,9) (UCb,6) (EGLNb,8) (EGLNc,8) (PTGNc,8) (OSUb,6) (DRPAb,9) (DRPAc,9) (OSUa,57) (DRPAa,60)
ATTa:(ATTa,0) (UGAa,5) (GSATa,5) (CMCTa,1) (TWCa,1) (VONAa,2) (VZa,10)
ATTb:(ATTb,0) (UGAb,5) (GSATb,5) (CMCTb,1) (TWCb,1) (VONAb,2) (VZb,10) (CMCT,15) (OSU,12) (UCc,11) (UC,12) (PTGN,14) (ATT,16) (TWC,15) (GTc,11) (OSUc,11) (GTb,11) (GT,12) (VONA,16) (EGLN,14) (GTa,62) (DRPA,15) (UCa,62) (EGLNa,64) (UGA,19) (GSAT,19) (UCb,11) (EGLNb,13) (EGLNc,13) (PTGNc,13) (OSUb,11) (DRPAb,14) (DRPAc,14) (VZ,24) (OSUa,62) (DRPAa,65) (VONAc,16) (PTGNb,13) (CMCTc,26) (PTGNa,64) (CMCTa,77)
ATTc:(ATTc,0) (UGAc,5) (GSATc,5) (CMCTc,1) (TWCc,1) (VONAc,2) (VZc,10) (UCb,14) (GTb,14) (OSUb,14) (EGLNb,16) (PTGNb,16) (DRPAb,17) (VONAb,19) (CMCTb,29) (VZb,27) (GSATb,22) (ATTb,30) (TWCb,29)
CMCT:(CMCT,0) (ATT,1) (TWC,0) (VONA,1) (UGA,4) (GSAT,4) (VZ,9) (VZb,4) (ATTb,6) (OSU,6) (UCc,5) (UC,6) (PTGN,8) (UGAb,56) (GSATb,14) (CMCTb,7) (GTc,5) (OSUc,5) (GTb,5) (GT,6) (EGLN,8) (GTa,56) (DRPA,9) (UCa,56) (EGLNa,58)
CMCTa:(CMCTa,0) (ATTa,1) (TWCa,0) (VONAa,1) (UGAa,4) (GSATa,4) (VZa,9)
CMCTb:(CMCTb,0) (ATTb,1) (TWCb,0) (VONAb,1) (UGAb,4) (GSATb,4) (VZb,9) (CMCT,14) (OSU,11) (UCc,10) (UC,11) (PTGN,13) (ATT,15) (TWC,14) (GTc,10) (OSUc,10) (GTb,10) (GT,11) (VONA,15) (EGLN,13) (GTa,61) (DRPA,14) (UCa,61) (EGLNa,63) (UGA,23) (GSAT,18) (UCb,10) (EGLNb,12) (EGLNc,12) (PTGNc,12) (OSUb,10) (DRPAb,13) (DRPAc,13) (VZ,23) (OSUa,61) (DRPAa,64)
CMCTc:(CMCTc,0) (ATTc,1) (TWCc,0) (VONAc,1) (UGAc,4) (GSATc,4) (VZc,9) (UCb,13) (GTb,13) (OSUb,13) (EGLNb,15) (PTGNb,15) (DRPAb,16) (VONAb,18) (CMCTb,28)
DRPA:(DRPA,0) (EGLN,1) (CMCT,12) (GT,-1) (ATT,13) (TWC,12) (UC,-1) (GTa,49) (OSU,-1) (UCa,49) (EGLNa,51) (VONA,4) (UGA,7) (GSAT,7) (PTGN,1) (OSUa,49) (DRPAa,52) (VZ,12) (PTGNa,51) (CMCTa,64) (VZb,7) (VONAa,54) (ATTa,65) (TWCa,64) (ATTb,18) (UCc,17) (VZa,62) (GSATa,57) (UGAa,115)
DRPAa:(DRPAa,0) (EGLNa,1) (CMCTa,12) (GTa,-1) (ATTa,13) (TWCa,12) (UCa,-1) (GT,49) (UC,49) (EGLN,51) (OSUa,-1) (OSU,49) (DRPA,52) (VONAa,4) (UGAa,7) (GSATa,7) (PTGNa,1) (PTGN,51) (CMCT,64) (VZa,12) (VONA,54) (ATT,64) (TWC,64) (VZ,62) (GSAT,57) (UGA,57) (VZb,57)
DRPAb:(DRPAb,0) (EGLNb,1) (CMCTb,12) (GTb,-1) (ATTb,13) (TWCb,12) (UCb,-1) (OSUb,-1) (VONAb,4) (UGAb,7) (GSATb,7) (PTGNb,1) (VZb,12) (CMCT,17) (OSU,14) (UCc,13) (UC,23) (PTGN,25) (ATT,27) (TWC,26) (GTc,22) (OSUc,22) (GT,23) (VONA,27) (EGLN,25) (GTa,73) (DRPA,26) (UCa,73) (EGLNa,75) (UGA,77) (GSAT,35)
DRPAc:(DRPAc,0) (EGLNc,1) (CMCTc,12) (GTc,-1) (ATTc,13) (TWCc,12) (UCc,-1) (OSUc,-1) (OSU,1) (GTb,-1) (VONAc,4) (UGAc,7) (GSATc,7) (UC,1) (PTGN,3) (UCb,-1) (EGLNb,1) (PTGNc,1) (GT,1) (VONA,6) (EGLN,3) (GTa,51) (DRPA,4) (UCa,51) (EGLNa,53) (OSUb,-1) (DRPAb,2) (VZc,12) (VZ,14) (GSAT,9) (CMCT,14) (OSUa,51) (DRPAa,54) (PTGNb,1) (CMCTb,14) (ATT,16) (VZb,9) (UGA,9) (TWC,16) (PTGNa,53) (CMCTa,66) (VONAb,4) (ATTb,11) (TWCb,14) (VONAa,56) (ATTa,67) (TWCa,66) (GSATb,7) (UGAb,65)
EGLN:(EGLN,0) (GT,-2) (DRPA,1) (UC,-2) (GTa,48) (CMCT,13) (OSU,-2) (UCa,48) (EGLNa,50) (ATT,13) (TWC,13) (PTGN,0) (OSUa,48) (DRPAa,51) (VONA,3) (UGA,6) (GSAT,6) (PTGNa,50) (CMCTa,63) (VZ,11) (VONAa,53) (ATTa,64) (TWCa,63) (VZb,6) (VZa,61) (GSATa,56) (UGAa,114)
EGLNa:(EGLNa,0) (GTa,-2) (DRPAa,1) (UCa,-2) (GT,48) (CMCTa,13) (UC,48) (EGLN,50) (OSUa,-2) (OSU,48) (DRPA,51) (ATTa,13) (TWCa,13) (PTGNa,0) (PTGN,50) (CMCT,63) (VONAa,3) (UGAa,6) (GSATa,6) (VONA,53) (ATT,63) (TWC,63) (VZa,11) (VZ,61) (GSAT,56) (UGA,56) (VZb,56)
EGLNb:(EGLNb,0) (GTb,-2) (DRPAb,1) (UCb,-2) (CMCTb,13) (OSUb,-2) (ATTb,13) (TWCb,13) (PTGNb,0) (VONAb,3) (UGAb,6) (GSATb,6) (VZb,11) (CMCT,16) (OSU,13) (UCc,12)
EGLNc:(EGLNc,0) (GTc,-2) (DRPAc,1) (UCc,-2) (CMCTc,13) (OSUc,-2) (OSU,0) (GTb,-2) (ATTc,13) (TWCc,13) (UC,0) (PTGN,2) (UCb,-2) (EGLNb,0) (PTGNc,0) (GT,0) (VONA,5) (EGLN,2) (GTa,50) (DRPA,3) (UCa,50) (EGLNa,52) (OSUb,-2) (DRPAb,1) (VONAc,3) (UGAc,6) (GSATc,6) (VZ,13) (GSAT,8) (CMCT,13) (OSUa,50) (DRPAa,53) (PTGNb,0) (CMCTb,13) (VZc,11) (ATT,15) (VZb,8) (UGA,8) (TWC,15) (PTGNa,52) (CMCTa,65) (VONAb,3) (ATTb,10) (TWCb,13) (VONAa,55) (ATTa,66) (TWCa,65) (GSATb,6) (UGAb,64)
GSAT:(GSAT,0) (VONA,-3) (UGA,0) (VZ,5) (ATT,6) (VZb,0) (CMCT,5) (TWC,5) (ATTb,2) (OSU,2) (UCc,1) (UC,2) (PTGN,4) (UGAb,10) (GSATb,7) (CMCTb,3) (GTc,1) (OSUc,1) (GTb,1) (GT,2) (EGLN,4) (GTa,52) (DRPA,5) (UCa,52) (EGLNa,54) (TWCb,3) (VONAb,4) (UCb,1) (EGLNb,3) (EGLNc,3) (PTGNc,3) (OSUb,1) (DRPAb,4) (DRPAc,4) (OSUa,52) (DRPAa,55) (VONAc,6) (PTGNb,3) (CMCTc,16) (PTGNa,54) (CMCTa,67)
GSATa:(GSATa,0) (VONAa,-3) (UGAa,0) (VZa,5) (ATTa,7) (CMCTa,8) (TWCa,8)
GSATb:(GSATb,0) (VONAb,-3) (UGAb,0) (VZb,5) (ATTb,7) (CMCT,10) (OSU,7) (UCc,6) (CMCTb,8) (TWCb,8) (UC,7) (PTGN,9) (ATT,11) (TWC,10) (GTc,6) (OSUc,6) (GTb,6) (GT,7) (VONA,11) (EGLN,9) (GTa,57) (DRPA,10) (UCa,57) (EGLNa,59) (UGA,14) (GSAT,14) (UCb,6) (EGLNb,8) (EGLNc,8) (PTGNc,8) (OSUb,6) (DRPAb,9) (DRPAc,9) (VZ,19) (OSUa,57) (DRPAa,60) (VONAc,11) (PTGNb,8) (CMCTc,21) (PTGNa,59) (CMCTa,72) (VZc,19) (GSATc,14) (ATTc,22) (TWCc,21) (VONAa,62) (ATTa,73) (TWCa,72)
GSATc:(GSATc,0) (VONAc,-3) (UGAc,0) (VZc,5) (ATTc,7) (UCb,9) (CMCTc,8) (TWCc,8) (GTb,9) (OSUb,9) (EGLNb,11) (PTGNb,11) (DRPAb,12) (VONAb,14) (CMCTb,24) (VZb,22) (GSATb,17) (ATTb,24) (TWCb,24) (CMCT,27) (OSU,24) (UCc,23) (UGAb,17)
GT:(GT,0) (UC,0) (EGLN,2) (GTa,50) (OSU,0) (DRPA,3) (UCa,50) (EGLNa,52) (PTGN,2) (CMCT,15) (OSUa,50) (DRPAa,53) (VONA,5) (ATT,15) (TWC,15) (PTGNa,52) (CMCTa,65) (VZ,13) (GSAT,8) (UGA,8) (VONAa,55) (ATTa,66) (TWCa,65) (VZb,8) (VZa,63) (GSATa,58) (UGAa,116)
GTa:(GTa,0) (UCa,0) (EGLNa,2) (GT,50) (UC,50) (EGLN,52) (OSUa,0) (DRPAa,3) (OSU,50) (DRPA,53) (PTGNa,2) (CMCTa,15) (PTGN,52) (CMCT,65) (VONAa,5) (ATTa,15) (TWCa,15) (VONA,55) (ATT,65) (TWC,65) (VZa,13) (GSATa,8) (UGAa,8) (VZ,63) (GSAT,58) (UGA,58) (VZb,58)
GTb:(GTb,0) (UCb,0) (EGLNb,2) (OSUb,0) (DRPAb,3) (PTGNb,2) (CMCTb,15) (VONAb,5) (ATTb,15) (TWCb,15) (VZb,13) (GSATb,8) (UGAb,8) (CMCT,18) (OSU,15) (UCc,14)
GTc:(GTc,0) (UCc,0) (EGLNc,2) (OSUc,0) (OSU,2) (GTb,0) (DRPAc,3) (UC,2) (PTGN,4) (UCb,0) (EGLNb,2) (PTGNc,2) (GT,2) (VONA,7) (EGLN,4) (GTa,52) (DRPA,5) (UCa,52) (EGLNa,54) (OSUb,0) (DRPAb,3) (CMCTc,15) (VONAc,5) (VZ,15) (GSAT,10) (CMCT,15) (OSUa,52) (DRPAa,55) (PTGNb,2) (CMCTb,15) (ATTc,15) (TWCc,15) (VZc,13) (GSATc,8) (ATT,17) (VZb,10) (UGA,10) (TWC,17) (PTGNa,54) (CMCTa,67) (VONAb,5) (ATTb,12) (TWCb,15) (UGAc,8) (VONAa,57) (ATTa,68) (TWCa,67) (GSATb,8) (UGAb,66)
OSU:(OSU,0) (UC,0) (PTGN,2) (GT,0) (VONA,5) (EGLN,2) (GTa,50) (DRPA,3) (UCa,50) (EGLNa,52) (VZ,13) (GSAT,8) (CMCT,13) (OSUa,50) (DRPAa,53) (ATT,14) (VZb,8) (UGA,8) (TWC,13) (PTGNa,52) (CMCTa,65) (ATTb,10) (UCc,9) (VONAa,55) (ATTa,66) (TWCa,65) (UGAb,60) (GSATb,18) (CMCTb,11) (GTc,9) (OSUc,9) (GTb,9) (VZa,63) (GSATa,58) (UGAa,116)
OSUa:(OSUa,0) (UCa,0) (PTGNa,2) (GTa,0) (VONAa,5) (EGLNa,2) (GT,50) (UC,50) (EGLN,52) (DRPAa,3) (OSU,50) (DRPA,53) (VZa,13) (GSATa,8) (CMCTa,15) (PTGN,52) (CMCT,65) (ATTa,15) (UGAa,8) (TWCa,15) (VONA,55) (ATT,65) (TWC,65) (VZ,63) (GSAT,58) (UGA,58) (VZb,58)
OSUb:(OSUb,0) (UCb,0) (PTGNb,2) (GTb,0) (VONAb,5) (EGLNb,2) (DRPAb,3) (VZb,13) (GSATb,8) (CMCTb,15) (ATTb,15) (CMCT,18) (OSU,15) (UCc,14) (UGAb,8) (TWCb,15) (UC,15) (PTGN,17) (ATT,19) (TWC,18) (GTc,14) (OSUc,14) (GT,15) (VONA,19) (EGLN,17) (GTa,65) (DRPA,18) (UCa,65) (EGLNa,67) (UGA,27) (GSAT,22) (EGLNc,16) (PTGNc,16) (DRPAc,17) (VZ,27) (OSUa,65) (DRPAa,68)
OSUc:(OSUc,0) (UCc,0) (PTGNc,2) (GTc,0) (OSU,2) (GTb,0) (VONAc,5) (UC,2) (PTGN,4) (UCb,0) (EGLNb,2) (EGLNc,2) (GT,2) (VONA,7) (EGLN,4) (GTa,52) (DRPA,5) (UCa,52) (EGLNa,54) (OSUb,0) (DRPAb,3) (DRPAc,3) (VZc,13) (GSATc,8) (VZ,15) (GSAT,10) (CMCT,15) (OSUa,52) (DRPAa,55) (PTGNb,2) (CMCTb,13) (CMCTc,15) (ATTc,15) (UGAc,8) (ATT,16) (VZb,10) (UGA,10) (TWC,15) (PTGNa,54) (CMCTa,67) (VONAb,5) (ATTb,12) (TWCb,15) (TWCc,15) (VONAa,57) (ATTa,68) (TWCa,67) (GSATb,8) (UGAb,8) (VZa,65) (GSATa,60) (UGAa,118)
PTGN:(PTGN,0) (OSU,-1) (VONA,3) (UC,-1) (VZ,11) (GSAT,6) (GT,-1) (EGLN,1) (GTa,49) (DRPA,2) (UCa,49) (EGLNa,51) (ATT,12) (VZb,6) (UGA,6) (CMCT,11) (OSUa,49) (DRPAa,52) (ATTb,8) (UCc,7) (TWC,11) (PTGNa,51) (CMCTa,64) (UGAb,16) (GSATb,16) (CMCTb,9) (GTc,7) (OSUc,7) (GTb,7) (VONAa,54) (ATTa,65) (TWCa,64) (TWCb,9) (VONAb,10) (UCb,7) (EGLNb,9) (EGLNc,9) (PTGNc,9) (OSUb,7) (DRPAb,10) (DRPAc,10) (VZa,62) (GSATa,57) (UGAa,115)
PTGNa:(PTGNa,0) (OSUa,-1) (VONAa,3) (UCa,-1) (VZa,11) (GSATa,6) (GTa,-1) (EGLNa,1) (GT,49) (UC,49) (EGLN,51) (DRPAa,2) (OSU,49) (DRPA,52) (ATTa,13) (UGAa,6) (CMCTa,14) (PTGN,51) (CMCT,64) (TWCa,14) (VONA,54) (ATT,64) (TWC,64) (VZ,62) (GSAT,57) (UGA,57) (VZb,57)
PTGNb:(PTGNb,0) (OSUb,-1) (VONAb,3) (UCb,-1) (VZb,11) (GSATb,6) (GTb,-1) (EGLNb,1) (DRPAb,2) (ATTb,13) (CMCT,16) (OSU,13) (UCc,12) (UGAb,6) (CMCTb,14) (UC,13) (PTGN,15) (ATT,17) (TWC,16) (GTc,12) (OSUc,12) (GT,13) (VONA,17) (EGLN,15) (GTa,63) (DRPA,16) (UCa,63) (EGLNa,65) (UGA,20) (GSAT,20) (TWCb,14) (EGLNc,14) (PTGNc,14) (DRPAc,15) (VZ,25) (OSUa,63) (DRPAa,66) (VONAc,17) (CMCTc,27) (PTGNa,65) (CMCTa,78)
PTGNc:(PTGNc,0) (OSUc,-1) (VONAc,3) (UCc,-1) (VZc,11) (GSATc,6) (GTc,-1) (OSU,1) (GTb,-1) (UC,1) (PTGN,3) (UCb,-1) (EGLNb,1) (EGLNc,1) (GT,1) (VONA,6) (EGLN,3) (GTa,51) (DRPA,4) (UCa,51) (EGLNa,53) (OSUb,-1) (DRPAb,2) (DRPAc,2) (ATTc,13) (UGAc,6) (VZ,14) (GSAT,9) (CMCT,14) (OSUa,51) (DRPAa,54) (PTGNb,1) (CMCTb,12) (CMCTc,14) (ATT,15) (VZb,9) (UGA,9) (TWC,14) (PTGNa,53) (CMCTa,66) (VONAb,4) (ATTb,11) (TWCb,14) (TWCc,14) (VONAa,56) (ATTa,67) (TWCa,66) (GSATb,7) (UGAb,7) (VZa,64) (GSATa,59) (UGAa,117)
TWC:(TWC,0) (CMCT,0) (VONA,1) (ATT,1) (VZ,9) (GSAT,4) (UGA,4) (VZb,4) (ATTb,6) (OSU,6) (UCc,5) (UC,6) (PTGN,8) (UGAb,14) (GSATb,14) (CMCTb,7) (GTc,5) (OSUc,5) (GTb,5) (GT,6) (EGLN,8) (GTa,56) (DRPA,9) (UCa,56) (EGLNa,58) (TWCb,7) (VONAb,8) (UCb,5) (EGLNb,7) (EGLNc,7) (PTGNc,7) (OSUb,5) (DRPAb,8) (DRPAc,8) (OSUa,56) (DRPAa,59)
TWCa:(TWCa,0) (CMCTa,0) (VONAa,1) (ATTa,1) (VZa,9) (GSATa,4) (UGAa,4)
TWCb:(TWCb,0) (CMCTb,0) (VONAb,1) (ATTb,1) (VZb,9) (GSATb,4) (UGAb,4) (CMCT,14) (OSU,11) (UCc,10) (UC,11) (PTGN,13) (ATT,15) (TWC,14) (GTc,10) (OSUc,10) (GTb,10) (GT,11) (VONA,15) (EGLN,13) (GTa,61) (DRPA,14) (UCa,61) (EGLNa,63) (UGA,18) (GSAT,18) (UCb,10) (EGLNb,12) (EGLNc,12) (PTGNc,12) (OSUb,10) (DRPAb,13) (DRPAc,13) (VZ,23) (OSUa,61) (DRPAa,64) (VONAc,15) (PTGNb,12) (CMCTc,25) (PTGNa,63) (CMCTa,76)
TWCc:(TWCc,0) (CMCTc,0) (VONAc,1) (ATTc,1) (VZc,9) (GSATc,4) (UGAc,4) (UCb,13) (GTb,13) (OSUb,13) (EGLNb,15) (PTGNb,15) (DRPAb,16) (VONAb,18) (CMCTb,28) (VZb,26) (GSATb,21) (ATTb,29) (TWCb,28)
UC:(UC,0) (GT,0) (OSU,0) (EGLN,2) (GTa,50) (PTGN,2) (DRPA,3) (UCa,50) (EGLNa,52) (VONA,5) (CMCT,13) (OSUa,50) (DRPAa,53) (VZ,13) (GSAT,8) (ATT,15) (TWC,15) (PTGNa,52) (CMCTa,65) (VZb,8) (UGA,8) (VONAa,55) (ATTa,66) (TWCa,65) (ATTb,10) (UCc,9) (VZa,63) (GSATa,58) (UGAa,116)
UCa:(UCa,0) (GTa,0) (OSUa,0) (EGLNa,2) (GT,50) (PTGNa,2) (UC,50) (EGLN,52) (DRPAa,3) (OSU,50) (DRPA,53) (VONAa,5) (CMCTa,15) (PTGN,52) (CMCT,65) (VZa,13) (GSATa,8) (ATTa,15) (TWCa,15) (VONA,55) (ATT,65) (TWC,65) (UGAa,8) (VZ,63) (GSAT,58) (UGA,58) (VZb,58)
UCb:(UCb,0) (GTb,0) (OSUb,0) (EGLNb,2) (PTGNb,2) (DRPAb,3) (VONAb,5) (CMCTb,15) (VZb,13) (GSATb,8) (ATTb,15) (TWCb,15) (CMCT,18) (OSU,15) (UCc,14) (UGAb,8) (UC,15) (PTGN,17) (ATT,19) (TWC,18) (GTc,14) (OSUc,14) (GT,15) (VONA,19) (EGLN,17) (GTa,65) (DRPA,18) (UCa,65) (EGLNa,67) (UGA,69) (GSAT,27)
UCc:(UCc,0) (GTc,0) (OSUc,0) (OSU,2) (GTb,0) (UC,2) (PTGN,4) (UCb,0) (EGLNb,2) (EGLNc,2) (PTGNc,2) (GT,2) (VONA,7) (EGLN,4) (GTa,52) (DRPA,5) (UCa,52) (EGLNa,54) (OSUb,0) (DRPAb,3) (DRPAc,3) (VONAc,5) (VZ,15) (GSAT,10) (CMCT,15) (OSUa,52) (DRPAa,55) (PTGNb,2) (CMCTb,13) (CMCTc,15) (VZc,13) (GSATc,8) (ATT,16) (VZb,10) (UGA,10) (TWC,15) (PTGNa,54) (CMCTa,67) (VONAb,5) (ATTb,12) (TWCb,15) (ATTc,15) (TWCc,15) (UGAc,8) (VONAa,57) (ATTa,68) (TWCa,67) (GSATb,8) (UGAb,8) (VZa,65) (GSATa,60) (UGAa,118)
UGA:(UGA,0) (ATT,50) (GSAT,50) (CMCT,51) (VONA,47) (TWC,51) (VZ,55) (VZb,50) (ATTb,52) (OSU,52) (UCc,51) (UC,52) (PTGN,54) (UGAb,60) (GSATb,57) (CMCTb,53) (GTc,51) (OSUc,51) (GTb,51) (GT,52) (EGLN,54) (GTa,102) (DRPA,55) (UCa,102) (EGLNa,104) (TWCb,53) (VONAb,54) (UCb,51) (EGLNb,53) (EGLNc,53) (PTGNc,53) (OSUb,51) (DRPAb,54) (DRPAc,54) (OSUa,102) (DRPAa,105) (VONAc,56) (PTGNb,53) (CMCTc,66) (PTGNa,104) (CMCTa,117)
UGAa:(UGAa,0) (ATTa,50) (GSATa,50) (CMCTa,51) (VONAa,47) (TWCa,51) (VZa,55)
UGAb:(UGAb,0) (ATTb,50) (GSATb,50) (CMCTb,51) (VONAb,47) (TWCb,51) (VZb,55) (CMCT,60) (OSU,57) (UCc,56) (UC,57) (PTGN,59) (ATT,61) (TWC,60) (GTc,56) (OSUc,56) (GTb,56) (GT,57) (VONA,61) (EGLN,59) (GTa,107) (DRPA,60) (UCa,107) (EGLNa,109) (UGA,64) (GSAT,64) (UCb,56) (EGLNb,58) (EGLNc,58) (PTGNc,58) (OSUb,56) (DRPAb,59) (DRPAc,59) (VZ,69) (OSUa,107) (DRPAa,110) (VONAc,61) (PTGNb,58) (CMCTc,71) (PTGNa,109) (CMCTa,122) (VZc,69) (GSATc,64) (ATTc,72) (TWCc,71) (VONAa,112) (ATTa,123) (TWCa,122)
UGAc:(UGAc,0) (ATTc,50) (GSATc,50) (CMCTc,51) (VONAc,47) (TWCc,51) (VZc,55) (UCb,59) (GTb,59) (OSUb,59) (EGLNb,61) (PTGNb,61) (DRPAb,62) (VONAb,64) (CMCTb,74) (VZb,72) (GSATb,67) (ATTb,74) (TWCb,74) (CMCT,77) (OSU,74) (UCc,73) (UGAb,67)
VONA:(VONA,0) (VZ,8) (GSAT,3) (ATT,9) (VZb,3) (UGA,3) (CMCT,8) (ATTb,5) (OSU,5) (UCc,4) (TWC,8) (UC,5) (PTGN,7) (UGAb,13) (GSATb,10) (CMCTb,6) (GTc,4) (OSUc,4) (GTb,4) (GT,5) (EGLN,7) (GTa,55) (DRPA,8) (UCa,55) (EGLNa,57) (TWCb,6) (VONAb,7) (UCb,4) (EGLNb,6) (EGLNc,6) (PTGNc,6) (OSUb,4) (DRPAb,7) (DRPAc,7) (OSUa,55) (DRPAa,58) (VONAc,9) (PTGNb,6) (CMCTc,19) (PTGNa,57) (CMCTa,70)
VONAa:(VONAa,0) (VZa,8) (GSATa,3) (ATTa,10) (UGAa,3) (CMCTa,11) (TWCa,11)
VONAb:(VONAb,0) (VZb,8) (GSATb,3) (ATTb,10) (CMCT,13) (OSU,10) (UCc,9) (UGAb,3) (UC,10) (PTGN,12) (ATT,14) (TWC,13) (CMCTb,11) (GTc,9) (OSUc,9) (GTb,9) (GT,10) (VONA,14) (EGLN,12) (GTa,60) (DRPA,13) (UCa,60) (EGLNa,62) (UGA,17) (GSAT,17) (TWCb,11) (UCb,9) (EGLNb,11) (EGLNc,11) (PTGNc,11) (OSUb,9) (DRPAb,12) (DRPAc,12) (VZ,22) (OSUa,60) (DRPAa,63) (VONAc,14) (PTGNb,11) (CMCTc,24) (PTGNa,62) (CMCTa,75) (VZc,22) (GSATc,17) (ATTc,25) (TWCc,24) (VONAa,65) (ATTa,76) (TWCa,75)
VONAc:(VONAc,0) (VZc,8) (GSATc,3) (ATTc,10) (UCb,12) (UGAc,3) (GTb,12) (OSUb,12) (CMCTc,11) (EGLNb,14) (PTGNb,14) (DRPAb,15) (TWCc,11) (VONAb,17) (CMCTb,27) (VZb,25) (GSATb,20) (ATTb,27) (TWCb,27) (CMCT,30) (OSU,27) (UCc,26) (UGAb,20)
VZ:(VZ,0) (ATT,1) (VZb,-5) (UGA,4) (GSAT,4) (CMCT,0) (ATTb,-3) (OSU,-3) (UCc,-4) (TWC,0) (VONA,1) (UC,-3) (PTGN,-1) (UGAb,2) (GSATb,2) (CMCTb,-2) (GTc,-4) (OSUc,-4) (GTb,-4) (GT,-3) (EGLN,-1) (GTa,47) (DRPA,0) (UCa,47) (EGLNa,49) (TWCb,-2) (VONAb,-1) (UCb,-4) (EGLNb,-2) (EGLNc,-2) (PTGNc,-2) (OSUb,-4) (DRPAb,-1) (DRPAc,-1) (OSUa,47) (DRPAa,50) (VONAc,1) (PTGNb,-2) (CMCTc,11) (PTGNa,49) (CMCTa,62) (VZc,9) (GSATc,4) (ATTc,12) (TWCc,11) (VONAa,52) (ATTa,63) (TWCa,62)
VZa:(VZa,0) (ATTa,2) (UGAa,7) (GSATa,7) (CMCTa,3) (TWCa,3) (VONAa,4)
VZb:(VZb,0) (ATTb,2) (CMCT,5) (OSU,2) (UCc,1) (UC,2) (PTGN,4) (ATT,6) (TWC,5) (UGAb,7) (GSATb,7) (CMCTb,3) (GTc,1) (OSUc,1) (GTb,1) (GT,2) (VONA,6) (EGLN,4) (GTa,52) (DRPA,5) (UCa,52) (EGLNa,54) (UGA,9) (GSAT,9) (TWCb,3) (VONAb,4) (UCb,1) (EGLNb,3) (EGLNc,3) (PTGNc,3) (OSUb,1) (DRPAb,4) (DRPAc,4) (VZ,14) (OSUa,52) (DRPAa,55) (VONAc,6) (PTGNb,3) (CMCTc,16) (PTGNa,54) (CMCTa,67) (VZc,14) (GSATc,9) (ATTc,16) (TWCc,16) (VONAa,57) (ATTa,68) (TWCa,67) (UGAc,9) (VZa,65) (GSATa,60) (UGAa,118)
VZc:(VZc,0) (ATTc,2) (UCb,4) (GTb,4) (OSUb,4) (UGAc,7) (GSATc,7) (CMCTc,3) (EGLNb,6) (PTGNb,6) (DRPAb,7) (TWCc,3) (VONAc,4) (VONAb,9) (CMCTb,19) (VZb,17) (GSATb,12) (ATTb,19) (TWCb,19) (CMCT,22) (OSU,19) (UCc,18) (UGAb,12) (UC,19) (PTGN,21) (ATT,23) (TWC,22) (GTc,18) (OSUc,18) (GT,19) (VONA,23) (EGLN,21) (GTa,69) (DRPA,22) (UCa,69) (EGLNa,71) (UGA,73) (GSAT,31)
-----
ATT:(ATT,0) (UGA,5) (GSAT,5) (CMCT,1) (TWC,1) (VONA,2) (VZ,10) (VZb,5) (ATTb,7) (OSU,7) (UCc,6) (UC,7) (PTGN,9) (UGAb,15) (GSATb,12) (CMCTb,8) (GTc,6) (OSUc,6) (GTb,6) (GT,7) (EGLN,9) (GTa,57) (DRPA,10) (UCa,57) (EGLNa,59) (TWCb,8) (VONAb,9) (UCb,6) (EGLNb,8) (EGLNc,8) (PTGNc,8) (OSUb,6) (DRPAb,9) (DRPAc,9) (OSUa,57) (DRPAa,60) (VONAc,11) (PTGNb,8) (CMCTc,21) (PTGNa,59) (CMCTa,72)
ATTa:(ATTa,0) (UGAa,5) (GSATa,5) (CMCTa,1) (TWCa,1) (VONAa,2) (VZa,10)
ATTb:(ATTb,0) (UGAb,5) (GSATb,5) (CMCTb,1) (TWCb,1) (VONAb,2) (VZb,10) (CMCT,15) (OSU,12) (UCc,11) (UC,12) (PTGN,14) (ATT,16) (TWC,15) (GTc,11) (OSUc,11) (GTb,11) (GT,12) (VONA,16) (EGLN,14) (GTa,62) (DRPA,15) (UCa,62) (EGLNa,64) (UGA,19) (GSAT,19) (UCb,11) (EGLNb,13) (EGLNc,13) (PTGNc,13) (OSUb,11) (DRPAb,14) (DRPAc,14) (VZ,24) (OSUa,62) (DRPAa,65) (VONAc,16) (PTGNb,13) (CMCTc,26) (PTGNa,64) (CMCTa,77) (VZc,24) (GSATc,19) (ATTc,27) (TWCc,26) (VONAa,67) (ATTa,78) (TWCa,77)
ATTc:(ATTc,0) (UGAc,5) (GSATc,5) (CMCTc,1) (TWCc,1) (VONAc,2) (VZc,10) (UCb,14) (GTb,14) (OSUb,14) (EGLNb,16) (PTGNb,16) (DRPAb,17) (VONAb,19) (CMCTb,29) (VZb,27) (GSATb,22) (ATTb,29) (TWCb,29) (CMCT,32) (OSU,29) (UCc,28) (UGAb,22)
CMCT:(CMCT,0) (ATT,1) (TWC,0) (VONA,1) (UGA,4) (GSAT,4) (VZ,9) (VZb,4) (ATTb,6) (OSU,6) (UCc,5) (UC,6) (PTGN,8) (UGAb,14) (GSATb,14) (CMCTb,7) (GTc,5) (OSUc,5) (GTb,5) (GT,6) (EGLN,8) (GTa,56) (DRPA,9) (UCa,56) (EGLNa,58) (TWCb,7) (VONAb,8) (UCb,5) (EGLNb,7) (EGLNc,7) (PTGNc,7) (OSUb,5) (DRPAb,8) (DRPAc,8) (OSUa,56) (DRPAa,59)
CMCTa:(CMCTa,0) (ATTa,1) (TWCa,0) (VONAa,1) (UGAa,4) (GSATa,4) (VZa,9)
CMCTb:(CMCTb,0) (ATTb,1) (TWCb,0) (VONAb,1) (UGAb,4) (GSATb,4) (VZb,9) (CMCT,14) (OSU,11) (UCc,10) (UC,11) (PTGN,13) (ATT,15) (TWC,14) (GTc,10) (OSUc,10) (GTb,10) (GT,11) (VONA,15) (EGLN,13) (GTa,61) (DRPA,14) (UCa,61) (EGLNa,63) (UGA,18) (GSAT,18) (UCb,10) (EGLNb,12) (EGLNc,12) (PTGNc,12) (OSUb,10) (DRPAb,13) (DRPAc,13) (VZ,23) (OSUa,61) (DRPAa,64) (VONAc,15) (PTGNb,12) (CMCTc,25) (PTGNa,63) (CMCTa,76)
CMCTc:(CMCTc,0) (ATTc,1) (TWCc,0) (VONAc,1) (UGAc,4) (GSATc,4) (VZc,9) (UCb,13) (GTb,13) (OSUb,13) (EGLNb,15) (PTGNb,15) (DRPAb,16) (VONAb,18) (CMCTb,28) (VZb,26) (GSATb,21) (ATTb,29) (TWCb,28)
DRPA:(DRPA,0) (EGLN,1) (CMCT,12) (GT,-1) (ATT,13) (TWC,12) (UC,-1) (GTa,49) (OSU,-1) (UCa,49) (EGLNa,51) (VONA,4) (UGA,7) (GSAT,7) (PTGN,1) (OSUa,49) (DRPAa,52) (VZ,12) (PTGNa,51) (CMCTa,64) (VZb,7) (VONAa,54) (ATTa,64) (TWCa,64) (ATTb,9) (UCc,8) (VZa,62) (GSATa,57) (UGAa,57) (UGAb,68) (GSATb,26) (CMCTb,19) (GTc,17) (OSUc,17) (GTb,17)
DRPAa:(DRPAa,0) (EGLNa,1) (CMCTa,12) (GTa,-1) (ATTa,13) (TWCa,12) (UCa,-1) (GT,49) (UC,49) (EGLN,51) (OSUa,-1) (OSU,49) (DRPA,52) (VONAa,4) (UGAa,7) (GSATa,7) (PTGNa,1) (PTGN,51) (CMCT,62) (VZa,12) (VONA,54) (ATT,64) (TWC,64) (VZ,62) (GSAT,57) (UGA,57) (VZb,57) (ATTb,59) (UCc,58)
DRPAb:(DRPAb,0) (EGLNb,1) (CMCTb,12) (GTb,-1) (ATTb,13) (TWCb,12) (UCb,-1) (OSUb,-1) (VONAb,4) (UGAb,7) (GSATb,7) (PTGNb,1) (VZb,12) (CMCT,17) (OSU,14) (UCc,13) (UC,14) (PTGN,16) (ATT,18) (TWC,17) (GTc,13) (OSUc,13) (GT,14) (VONA,18) (EGLN,16) (GTa,64) (DRPA,17) (UCa,64) (EGLNa,66) (UGA,35) (GSAT,26) (EGLNc,24) (PTGNc,24) (DRPAc,25) (VZ,35) (OSUa,73) (DRPAa,76)
DRPAc:(DRPAc,0) (EGLNc,1) (CMCTc,12) (GTc,-1) (ATTc,13) (TWCc,12) (UCc,-1) (OSUc,-1) (OSU,1) (GTb,-1) (VONAc,4) (UGAc,7) (GSATc,7) (UC,1) (PTGN,3) (UCb,-1) (EGLNb,1) (PTGNc,1) (GT,1) (VONA,6) (EGLN,3) (GTa,51) (DRPA,4) (UCa,51) (EGLNa,53) (OSUb,-1) (DRPAb,2) (VZc,12) (VZ,14) (GSAT,9) (CMCT,14) (OSUa,51) (DRPAa,54) (PTGNb,1) (CMCTb,12) (ATT,15) (VZb,9) (UGA,9) (TWC,14) (PTGNa,53) (CMCTa,66) (VONAb,4) (ATTb,11) (TWCb,14) (VONAa,56) (ATTa,67) (TWCa,66) (GSATb,7) (UGAb,7) (VZa,64) (GSATa,59) (UGAa,117)
EGLN:(EGLN,0) (GT,-2) (DRPA,1) (UC,-2) (GTa,48) (CMCT,11) (OSU,-2) (UCa,48) (EGLNa,50) (ATT,13) (TWC,13) (PTGN,0) (OSUa,48) (DRPAa,51) (VONA,3) (UGA,6) (GSAT,6) (PTGNa,50) (CMCTa,63) (VZ,11) (VONAa,53) (ATTa,63) (TWCa,63) (VZb,6) (VZa,61) (GSATa,56) (UGAa,56) (ATTb,8) (UCc,7)
EGLNa:(EGLNa,0) (GTa,-2) (DRPAa,1) (UCa,-2) (GT,48) (CMCTa,13) (UC,48) (EGLN,50) (OSUa,-2) (OSU,48) (DRPA,51) (ATTa,13) (TWCa,13) (PTGNa,0) (PTGN,50) (CMCT,61) (VONAa,3) (UGAa,6) (GSATa,6) (VONA,53) (ATT,63) (TWC,63) (VZa,11) (VZ,61) (GSAT,56) (UGA,56) (VZb,56) (ATTb,58) (UCc,57)
EGLNb:(EGLNb,0) (GTb,-2) (DRPAb,1) (UCb,-2) (CMCTb,13) (OSUb,-2) (ATTb,13) (TWCb,13) (PTGNb,0) (VONAb,3) (UGAb,6) (GSATb,6) (VZb,11) (CMCT,16) (OSU,13) (UCc,12) (UC,13) (PTGN,15) (ATT,17) (TWC,16) (GTc,12) (OSUc,12) (GT,13) (VONA,17) (EGLN,15) (GTa,63) (DRPA,16) (UCa,63) (EGLNa,65) (UGA,67) (GSAT,25)
EGLNc:(EGLNc,0) (GTc,-2) (DRPAc,1) (UCc,-2) (CMCTc,13) (OSUc,-2) (OSU,0) (GTb,-2) (ATTc,13) (TWCc,13) (UC,0) (PTGN,2) (UCb,-2) (EGLNb,0) (PTGNc,0) (GT,0) (VONA,5) (EGLN,2) (GTa,50) (DRPA,3) (UCa,50) (EGLNa,52) (OSUb,-2) (DRPAb,1) (VONAc,3) (UGAc,6) (GSATc,6) (VZ,13) (GSAT,8) (CMCT,13) (OSUa,50) (DRPAa,53) (PTGNb,0) (CMCTb,11) (VZc,11) (ATT,14) (VZb,8) (UGA,8) (TWC,13) (PTGNa,52) (CMCTa,65) (VONAb,3) (ATTb,10) (TWCb,13) (VONAa,55) (ATTa,66) (TWCa,65) (GSATb,6) (UGAb,6) (VZa,63) (GSATa,58) (UGAa,116)
GSAT:(GSAT,0) (VONA,-3) (UGA,0) (VZ,5) (ATT,6) (VZb,0) (CMCT,5) (TWC,5) (ATTb,2) (OSU,2) (UCc,1) (UC,2) (PTGN,4) (UGAb,7) (GSATb,7) (CMCTb,3) (GTc,1) (OSUc,1) (GTb,1) (GT,2) (EGLN,4) (GTa,52) (DRPA,5) (UCa,52) (EGLNa,54) (TWCb,3) (VONAb,4) (UCb,1) (EGLNb,3) (EGLNc,3) (PTGNc,3) (OSUb,1) (DRPAb,4) (DRPAc,4) (OSUa,52) (DRPAa,55) (VONAc,6) (PTGNb,3) (CMCTc,16) (PTGNa,54) (CMCTa,67) (VZc,14) (GSATc,9) (ATTc,17) (TWCc,16) (VONAa,57) (ATTa,68) (TWCa,67)
GSATa:(GSATa,0) (VONAa,-3) (UGAa,0) (VZa,5) (ATTa,7) (CMCTa,8) (TWCa,8)
GSATb:(GSATb,0) (VONAb,-3) (UGAb,0) (VZb,5) (ATTb,7) (CMCT,10) (OSU,7) (UCc,6) (CMCTb,8) (TWCb,8) (UC,7) (PTGN,9) (ATT,11) (TWC,10) (GTc,6) (OSUc,6) (GTb,6) (GT,7) (VONA,11) (EGLN,9) (GTa,57) (DRPA,10) (UCa,57) (EGLNa,59) (UGA,14) (GSAT,14) (UCb,6) (EGLNb,8) (EGLNc,8) (PTGNc,8) (OSUb,6) (DRPAb,9) (DRPAc,9) (VZ,19) (OSUa,57) (DRPAa,60) (VONAc,11) (PTGNb,8) (CMCTc,21) (PTGNa,59) (CMCTa,72) (VZc,19) (GSATc,14) (ATTc,21) (TWCc,21) (VONAa,62) (ATTa,73) (TWCa,72) (UGAc,14) (VZa,70) (GSATa,65) (UGAa,123)
GSATc:(GSATc,0) (VONAc,-3) (UGAc,0) (VZc,5) (ATTc,7) (UCb,9) (CMCTc,8) (TWCc,8) (GTb,9) (OSUb,9) (EGLNb,11) (PTGNb,11) (DRPAb,12) (VONAb,14) (CMCTb,24) (VZb,22) (GSATb,17) (ATTb,24) (TWCb,24) (CMCT,27) (OSU,24) (UCc,23) (UGAb,17) (UC,24) (PTGN,26) (ATT,28) (TWC,27) (GTc,23) (OSUc,23) (GT,24) (VONA,28) (EGLN,26) (GTa,74) (DRPA,27) (UCa,74) (EGLNa,76) (UGA,78) (GSAT,36)
GT:(GT,0) (UC,0) (EGLN,2) (GTa,50) (OSU,0) (DRPA,3) (UCa,50) (EGLNa,52) (PTGN,2) (CMCT,13) (OSUa,50) (DRPAa,53) (VONA,5) (ATT,15) (TWC,15) (PTGNa,52) (CMCTa,65) (VZ,13) (GSAT,8) (UGA,8) (VONAa,55) (ATTa,65) (TWCa,65) (VZb,8) (VZa,63) (GSATa,58) (UGAa,58) (ATTb,10) (UCc,9)
GTa:(GTa,0) (UCa,0) (EGLNa,2) (GT,50) (UC,50) (EGLN,52) (OSUa,0) (DRPAa,3) (OSU,50) (DRPA,53) (PTGNa,2) (CMCTa,15) (PTGN,52) (CMCT,63) (VONAa,5) (ATTa,15) (TWCa,15) (VONA,55) (ATT,65) (TWC,65) (VZa,13) (GSATa,8) (UGAa,8) (VZ,63) (GSAT,58) (UGA,58) (VZb,58) (ATTb,60) (UCc,59)
GTb:(GTb,0) (UCb,0) (EGLNb,2) (OSUb,0) (DRPAb,3) (PTGNb,2) (CMCTb,15) (VONAb,5) (ATTb,15) (TWCb,15) (VZb,13) (GSATb,8) (UGAb,8) (CMCT,18) (OSU,15) (UCc,14) (UC,15) (PTGN,17) (ATT,19) (TWC,18) (GTc,14) (OSUc,14) (GT,15) (VONA,19) (EGLN,17) (GTa,65) (DRPA,18) (UCa,65) (EGLNa,67) (UGA,69) (GSAT,27)
GTc:(GTc,0) (UCc,0) (EGLNc,2) (OSUc,0) (OSU,2) (GTb,0) (DRPAc,3) (UC,2) (PTGN,4) (UCb,0) (EGLNb,2) (PTGNc,2) (GT,2) (VONA,7) (EGLN,4) (GTa,52) (DRPA,5) (UCa,52) (EGLNa,54) (OSUb,0) (DRPAb,3) (CMCTc,15) (VONAc,5) (VZ,15) (GSAT,10) (CMCT,15) (OSUa,52) (DRPAa,55) (PTGNb,2) (CMCTb,13) (ATTc,15) (TWCc,15) (VZc,13) (GSATc,8) (ATT,16) (VZb,10) (UGA,10) (TWC,15) (PTGNa,54) (CMCTa,67) (VONAb,5) (ATTb,12) (TWCb,15) (UGAc,8) (VONAa,57) (ATTa,68) (TWCa,67) (GSATb,8) (UGAb,8) (VZa,65) (GSATa,60) (UGAa,118)
OSU:(OSU,0) (UC,0) (PTGN,2) (GT,0) (VONA,5) (EGLN,2) (GTa,50) (DRPA,3) (UCa,50) (EGLNa,52) (VZ,13) (GSAT,8) (CMCT,13) (OSUa,50) (DRPAa,53) (ATT,14) (VZb,8) (UGA,8) (TWC,13) (PTGNa,52) (CMCTa,65) (ATTb,10) (UCc,9) (VONAa,55) (ATTa,65) (TWCa,65) (UGAb,18) (GSATb,18) (CMCTb,11) (GTc,9) (OSUc,9) (GTb,9) (VZa,63) (GSATa,58) (UGAa,58) (TWCb,11) (VONAb,12) (UCb,9) (EGLNb,11) (EGLNc,11) (PTGNc,11) (OSUb,9) (DRPAb,12) (DRPAc,12)
OSUa:(OSUa,0) (UCa,0) (PTGNa,2) (GTa,0) (VONAa,5) (EGLNa,2) (GT,50) (UC,50) (EGLN,52) (DRPAa,3) (OSU,50) (DRPA,53) (VZa,13) (GSATa,8) (CMCTa,15) (PTGN,52) (CMCT,63) (ATTa,15) (UGAa,8) (TWCa,15) (VONA,55) (ATT,65) (TWC,65) (VZ,63) (GSAT,58) (UGA,58) (VZb,58) (ATTb,60) (UCc,59)
OSUb:(OSUb,0) (UCb,0) (PTGNb,2) (GTb,0) (VONAb,5) (EGLNb,2) (DRPAb,3) (VZb,13) (GSATb,8) (CMCTb,15) (ATTb,15) (CMCT,18) (OSU,15) (UCc,14) (UGAb,8) (TWCb,15) (UC,15) (PTGN,17) (ATT,19) (TWC,18) (GTc,14) (OSUc,14) (GT,15) (VONA,19) (EGLN,17) (GTa,65) (DRPA,18) (UCa,65) (EGLNa,67) (UGA,22) (GSAT,22) (EGLNc,16) (PTGNc,16) (DRPAc,17) (VZ,27) (OSUa,65) (DRPAa,68) (VONAc,19) (CMCTc,29) (PTGNa,67) (CMCTa,80)
OSUc:(OSUc,0) (UCc,0) (PTGNc,2) (GTc,0) (OSU,2) (GTb,0) (VONAc,5) (UC,2) (PTGN,4) (UCb,0) (EGLNb,2) (EGLNc,2) (GT,2) (VONA,7) (EGLN,4) (GTa,52) (DRPA,5) (UCa,52) (EGLNa,54) (OSUb,0) (DRPAb,3) (DRPAc,3) (VZc,13) (GSATc,8) (VZ,15) (GSAT,10) (CMCT,15) (OSUa,52) (DRPAa,55) (PTGNb,2) (CMCTb,13) (CMCTc,15) (ATTc,15) (UGAc,8) (ATT,16) (VZb,10) (UGA,10) (TWC,15) (PTGNa,54) (CMCTa,67) (VONAb,5) (ATTb,12) (TWCb,13) (TWCc,15) (VONAa,57) (ATTa,67) (TWCa,67) (GSATb,8) (UGAb,8) (VZa,65) (GSATa,60) (UGAa,60)
PTGN:(PTGN,0) (OSU,-1) (VONA,3) (UC,-1) (VZ,11) (GSAT,6) (GT,-1) (EGLN,1) (GTa,49) (DRPA,2) (UCa,49) (EGLNa,51) (ATT,12) (VZb,6) (UGA,6) (CMCT,11) (OSUa,49) (DRPAa,52) (ATTb,8) (UCc,7) (TWC,11) (PTGNa,51) (CMCTa,64) (UGAb,16) (GSATb,13) (CMCTb,9) (GTc,7) (OSUc,7) (GTb,7) (VONAa,54) (ATTa,64) (TWCa,64) (TWCb,9) (VONAb,10) (UCb,7) (EGLNb,9) (EGLNc,9) (PTGNc,9) (OSUb,7) (DRPAb,10) (DRPAc,10) (VZa,62) (GSATa,57) (UGAa,57) (VONAc,12) (PTGNb,9) (CMCTc,22)
PTGNa:(PTGNa,0) (OSUa,-1) (VONAa,3) (UCa,-1) (VZa,11) (GSATa,6) (GTa,-1) (EGLNa,1) (GT,49) (UC,49) (EGLN,51) (DRPAa,2) (OSU,49) (DRPA,52) (ATTa,13) (UGAa,6) (CMCTa,14) (PTGN,51) (CMCT,62) (TWCa,14) (VONA,54) (ATT,64) (TWC,64) (VZ,62) (GSAT,57) (UGA,57) (VZb,57) (ATTb,59) (UCc,58)
PTGNb:(PTGNb,0) (OSUb,-1) (VONAb,3) (UCb,-1) (VZb,11) (GSATb,6) (GTb,-1) (EGLNb,1) (DRPAb,2) (ATTb,13) (CMCT,16) (OSU,13) (UCc,12) (UGAb,6) (CMCTb,14) (UC,13) (PTGN,15) (ATT,17) (TWC,16) (GTc,12) (OSUc,12) (GT,13) (VONA,17) (EGLN,15) (GTa,63) (DRPA,16) (UCa,63) (EGLNa,65) (UGA,20) (GSAT,20) (TWCb,14) (EGLNc,14) (PTGNc,14) (DRPAc,15) (VZ,25) (OSUa,63) (DRPAa,66) (VONAc,17) (CMCTc,27) (PTGNa,65) (CMCTa,78) (VZc,25) (GSATc,20) (ATTc,28) (TWCc,27) (VONAa,68) (ATTa,79) (TWCa,78)
PTGNc:(PTGNc,0) (OSUc,-1) (VONAc,3) (UCc,-1) (VZc,11) (GSATc,6) (GTc,-1) (OSU,1) (GTb,-1) (UC,1) (PTGN,3) (UCb,-1) (EGLNb,1) (EGLNc,1) (GT,1) (VONA,6) (EGLN,3) (GTa,51) (DRPA,4) (UCa,51) (EGLNa,53) (OSUb,-1) (DRPAb,2) (DRPAc,2) (ATTc,13) (UGAc,6) (VZ,14) (GSAT,9) (CMCT,14) (OSUa,51) (DRPAa,54) (PTGNb,1) (CMCTb,12) (CMCTc,14) (ATT,15) (VZb,9) (UGA,9) (TWC,14) (PTGNa,53) (CMCTa,66) (VONAb,4) (ATTb,11) (TWCb,12) (TWCc,14) (VONAa,56) (ATTa,66) (TWCa,66) (GSATb,7) (UGAb,7) (VZa,64) (GSATa,59) (UGAa,59)
TWC:(TWC,0) (CMCT,0) (VONA,1) (ATT,1) (VZ,9) (GSAT,4) (UGA,4) (VZb,4) (ATTb,6) (OSU,6) (UCc,5) (UC,6) (PTGN,8) (UGAb,14) (GSATb,11) (CMCTb,7) (GTc,5) (OSUc,5) (GTb,5) (GT,6) (EGLN,8) (GTa,56) (DRPA,9) (UCa,56) (EGLNa,58) (TWCb,7) (VONAb,8) (UCb,5) (EGLNb,7) (EGLNc,7) (PTGNc,7) (OSUb,5) (DRPAb,8) (DRPAc,8) (OSUa,56) (DRPAa,59) (VONAc,10) (PTGNb,7) (CMCTc,20) (PTGNa,58) (CMCTa,71)
TWCa:(TWCa,0) (CMCTa,0) (VONAa,1) (ATTa,1) (VZa,9) (GSATa,4) (UGAa,4)
TWCb:(TWCb,0) (CMCTb,0) (VONAb,1) (ATTb,1) (VZb,9) (GSATb,4) (UGAb,4) (CMCT,14) (OSU,11) (UCc,10) (UC,11) (PTGN,13) (ATT,15) (TWC,14) (GTc,10) (OSUc,10) (GTb,10) (GT,11) (VONA,15) (EGLN,13) (GTa,61) (DRPA,14) (UCa,61) (EGLNa,63) (UGA,18) (GSAT,18) (UCb,10) (EGLNb,12) (EGLNc,12) (PTGNc,12) (OSUb,10) (DRPAb,13) (DRPAc,13) (VZ,23) (OSUa,61) (DRPAa,64) (VONAc,15) (PTGNb,12) (CMCTc,25) (PTGNa,63) (CMCTa,76) (VZc,23) (GSATc,18) (ATTc,26) (TWCc,25) (VONAa,66) (ATTa,77) (TWCa,76)
TWCc:(TWCc,0) (CMCTc,0) (VONAc,1) (ATTc,1) (VZc,9) (GSATc,4) (UGAc,4) (UCb,13) (GTb,13) (OSUb,13) (EGLNb,15) (PTGNb,15) (DRPAb,16) (VONAb,18) (CMCTb,28) (VZb,26) (GSATb,21) (ATTb,28) (TWCb,28) (CMCT,31) (OSU,28) (UCc,27) (UGAb,21)
UC:(UC,0) (GT,0) (OSU,0) (EGLN,2) (GTa,50) (PTGN,2) (DRPA,3) (UCa,50) (EGLNa,52) (VONA,5) (CMCT,13) (OSUa,50) (DRPAa,53) (VZ,13) (GSAT,8) (ATT,14) (TWC,13) (PTGNa,52) (CMCTa,65) (VZb,8) (UGA,8) (VONAa,55) (ATTa,65) (TWCa,65) (ATTb,10) (UCc,9) (VZa,63) (GSATa,58) (UGAa,58) (UGAb,60) (GSATb,18) (CMCTb,11) (GTc,9) (OSUc,9) (GTb,9)
UCa:(UCa,0) (GTa,0) (OSUa,0) (EGLNa,2) (GT,50) (PTGNa,2) (UC,50) (EGLN,52) (DRPAa,3) (OSU,50) (DRPA,53) (VONAa,5) (CMCTa,15) (PTGN,52) (CMCT,63) (VZa,13) (GSATa,8) (ATTa,15) (TWCa,15) (VONA,55) (ATT,65) (TWC,65) (UGAa,8) (VZ,63) (GSAT,58) (UGA,58) (VZb,58) (ATTb,60) (UCc,59)
UCb:(UCb,0) (GTb,0) (OSUb,0) (EGLNb,2) (PTGNb,2) (DRPAb,3) (VONAb,5) (CMCTb,15) (VZb,13) (GSATb,8) (ATTb,15) (TWCb,15) (CMCT,18) (OSU,15) (UCc,14) (UGAb,8) (UC,15) (PTGN,17) (ATT,19) (TWC,18) (GTc,14) (OSUc,14) (GT,15) (VONA,19) (EGLN,17) (GTa,65) (DRPA,18) (UCa,65) (EGLNa,67) (UGA,27) (GSAT,22) (EGLNc,16) (PTGNc,16) (DRPAc,17) (VZ,27) (OSUa,65) (DRPAa,68)
UCc:(UCc,0) (GTc,0) (OSUc,0) (OSU,2) (GTb,0) (UC,2) (PTGN,4) (UCb,0) (EGLNb,2) (EGLNc,2) (PTGNc,2) (GT,2) (VONA,7) (EGLN,4) (GTa,52) (DRPA,5) (UCa,52) (EGLNa,54) (OSUb,0) (DRPAb,3) (DRPAc,3) (VONAc,5) (VZ,15) (GSAT,10) (CMCT,15) (OSUa,52) (DRPAa,55) (PTGNb,2) (CMCTb,13) (CMCTc,15) (VZc,13) (GSATc,8) (ATT,16) (VZb,10) (UGA,10) (TWC,15) (PTGNa,54) (CMCTa,67) (VONAb,5) (ATTb,12) (TWCb,13) (ATTc,15) (TWCc,15) (UGAc,8) (VONAa,57) (ATTa,67) (TWCa,67) (GSATb,8) (UGAb,8) (VZa,65) (GSATa,60) (UGAa,60)
UGA:(UGA,0) (ATT,50) (GSAT,50) (CMCT,51) (VONA,47) (TWC,51) (VZ,55) (VZb,50) (ATTb,52) (OSU,52) (UCc,51) (UC,52) (PTGN,54) (UGAb,57) (GSATb,57) (CMCTb,53) (GTc,51) (OSUc,51) (GTb,51) (GT,52) (EGLN,54) (GTa,102) (DRPA,55) (UCa,102) (EGLNa,104) (TWCb,53) (VONAb,54) (UCb,51) (EGLNb,53) (EGLNc,53) (PTGNc,53) (OSUb,51) (DRPAb,54) (DRPAc,54) (OSUa,102) (DRPAa,105) (VONAc,56) (PTGNb,53) (CMCTc,66) (PTGNa,104) (CMCTa,117) (VZc,64) (GSATc,59) (ATTc,67) (TWCc,66) (VONAa,107) (ATTa,118) (TWCa,117)
UGAa:(UGAa,0) (ATTa,50) (GSATa,50) (CMCTa,51) (VONAa,47) (TWCa,51) (VZa,55)
UGAb:(UGAb,0) (ATTb,50) (GSATb,50) (CMCTb,51) (VONAb,47) (TWCb,51) (VZb,55) (CMCT,60) (OSU,57) (UCc,56) (UC,57) (PTGN,59) (ATT,61) (TWC,60) (GTc,56) (OSUc,56) (GTb,56) (GT,57) (VONA,61) (EGLN,59) (GTa,107) (DRPA,60) (UCa,107) (EGLNa,109) (UGA,64) (GSAT,64) (UCb,56) (EGLNb,58) (EGLNc,58) (PTGNc,58) (OSUb,56) (DRPAb,59) (DRPAc,59) (VZ,69) (OSUa,107) (DRPAa,110) (VONAc,61) (PTGNb,58) (CMCTc,71) (PTGNa,109) (CMCTa,122) (VZc,69) (GSATc,64) (ATTc,71) (TWCc,71) (VONAa,112) (ATTa,123) (TWCa,122) (UGAc,64) (VZa,120) (GSATa,115) (UGAa,173)
UGAc:(UGAc,0) (ATTc,50) (GSATc,50) (CMCTc,51) (VONAc,47) (TWCc,51) (VZc,55) (UCb,59) (GTb,59) (OSUb,59) (EGLNb,61) (PTGNb,61) (DRPAb,62) (VONAb,64) (CMCTb,74) (VZb,72) (GSATb,67) (ATTb,74) (TWCb,74) (CMCT,77) (OSU,74) (UCc,73) (UGAb,67) (UC,74) (PTGN,76) (ATT,78) (TWC,77) (GTc,73) (OSUc,73) (GT,74) (VONA,78) (EGLN,76) (GTa,124) (DRPA,77) (UCa,124) (EGLNa,126) (UGA,128) (GSAT,86)
VONA:(VONA,0) (VZ,8) (GSAT,3) (ATT,9) (VZb,3) (UGA,3) (CMCT,8) (ATTb,5) (OSU,5) (UCc,4) (TWC,8) (UC,5) (PTGN,7) (UGAb,10) (GSATb,10) (CMCTb,6) (GTc,4) (OSUc,4) (GTb,4) (GT,5) (EGLN,7) (GTa,55) (DRPA,8) (UCa,55) (EGLNa,57) (TWCb,6) (VONAb,7) (UCb,4) (EGLNb,6) (EGLNc,6) (PTGNc,6) (OSUb,4) (DRPAb,7) (DRPAc,7) (OSUa,55) (DRPAa,58) (VONAc,9) (PTGNb,6) (CMCTc,19) (PTGNa,57) (CMCTa,70) (VZc,17) (GSATc,12) (ATTc,20) (TWCc,19) (VONAa,60) (ATTa,71) (TWCa,70)
VONAa:(VONAa,0) (VZa,8) (GSATa,3) (ATTa,10) (UGAa,3) (CMCTa,11) (TWCa,11)
VONAb:(VONAb,0) (VZb,8) (GSATb,3) (ATTb,10) (CMCT,13) (OSU,10) (UCc,9) (UGAb,3) (UC,10) (PTGN,12) (ATT,14) (TWC,13) (CMCTb,11) (GTc,9) (OSUc,9) (GTb,9) (GT,10) (VONA,14) (EGLN,12) (GTa,60) (DRPA,13) (UCa,60) (EGLNa,62) (UGA,17) (GSAT,17) (TWCb,11) (UCb,9) (EGLNb,11) (EGLNc,11) (PTGNc,11) (OSUb,9) (DRPAb,12) (DRPAc,12) (VZ,22) (OSUa,60) (DRPAa,63) (VONAc,14) (PTGNb,11) (CMCTc,24) (PTGNa,62) (CMCTa,75) (VZc,22) (GSATc,17) (ATTc,24) (TWCc,24) (VONAa,65) (ATTa,76) (TWCa,75) (UGAc,17) (VZa,73) (GSATa,68) (UGAa,126)
VONAc:(VONAc,0) (VZc,8) (GSATc,3) (ATTc,10) (UCb,12) (UGAc,3) (GTb,12) (OSUb,12) (CMCTc,11) (EGLNb,14) (PTGNb,14) (DRPAb,15) (TWCc,11) (VONAb,17) (CMCTb,27) (VZb,25) (GSATb,20) (ATTb,27) (TWCb,27) (CMCT,30) (OSU,27) (UCc,26) (UGAb,20) (UC,27) (PTGN,29) (ATT,31) (TWC,30) (GTc,26) (OSUc,26) (GT,27) (VONA,31) (EGLN,29) (GTa,77) (DRPA,30) (UCa,77) (EGLNa,79) (UGA,81) (GSAT,39)
VZ:(VZ,0) (ATT,1) (VZb,-5) (UGA,4) (GSAT,4) (CMCT,0) (ATTb,-3) (OSU,-3) (UCc,-4) (TWC,0) (VONA,1) (UC,-3) (PTGN,-1) (UGAb,2) (GSATb,2) (CMCTb,-2) (GTc,-4) (OSUc,-4) (GTb,-4) (GT,-3) (EGLN,-1) (GTa,47) (DRPA,0) (UCa,47) (EGLNa,49) (TWCb,-2) (VONAb,-1) (UCb,-4) (EGLNb,-2) (EGLNc,-2) (PTGNc,-2) (OSUb,-4) (DRPAb,-1) (DRPAc,-1) (OSUa,47) (DRPAa,50) (VONAc,1) (PTGNb,-2) (CMCTc,11) (PTGNa,49) (CMCTa,62) (VZc,9) (GSATc,4) (ATTc,11) (TWCc,11) (VONAa,52) (ATTa,63) (TWCa,62) (UGAc,4) (VZa,60) (GSATa,55) (UGAa,113)
VZa:(VZa,0) (ATTa,2) (UGAa,7) (GSATa,7) (CMCTa,3) (TWCa,3) (VONAa,4)
VZb:(VZb,0) (ATTb,2) (CMCT,5) (OSU,2) (UCc,1) (UC,2) (PTGN,4) (ATT,6) (TWC,5) (UGAb,7) (GSATb,7) (CMCTb,3) (GTc,1) (OSUc,1) (GTb,1) (GT,2) (VONA,6) (EGLN,4) (GTa,52) (DRPA,5) (UCa,52) (EGLNa,54) (UGA,9) (GSAT,9) (TWCb,3) (VONAb,4) (UCb,1) (EGLNb,3) (EGLNc,3) (PTGNc,3) (OSUb,1) (DRPAb,4) (DRPAc,4) (VZ,14) (OSUa,52) (DRPAa,55) (VONAc,6) (PTGNb,3) (CMCTc,16) (PTGNa,54) (CMCTa,67) (VZc,14) (GSATc,9) (ATTc,16) (TWCc,16) (VONAa,57) (ATTa,67) (TWCa,67) (UGAc,9) (VZa,65) (GSATa,60) (UGAa,60)
VZc:(VZc,0) (ATTc,2) (UCb,4) (GTb,4) (OSUb,4) (UGAc,7) (GSATc,7) (CMCTc,3) (EGLNb,6) (PTGNb,6) (DRPAb,7) (TWCc,3) (VONAc,4) (VONAb,9) (CMCTb,19) (VZb,17) (GSATb,12) (ATTb,19) (TWCb,19) (CMCT,22) (OSU,19) (UCc,18) (UGAb,12) (UC,19) (PTGN,21) (ATT,23) (TWC,22) (GTc,18) (OSUc,18) (GT,19) (VONA,23) (EGLN,21) (GTa,69) (DRPA,22) (UCa,69) (EGLNa,71) (UGA,31) (GSAT,26) (EGLNc,20) (PTGNc,20) (DRPAc,21) (VZ,31) (OSUa,69) (DRPAa,72)
-----
ATT:(ATT,0) (UGA,5) (GSAT,5) (CMCT,1) (TWC,1) (VONA,2) (VZ,10) (VZb,5) (ATTb,7) (OSU,7) (UCc,6) (UC,7) (PTGN,9) (UGAb,12) (GSATb,12) (CMCTb,8) (GTc,6) (OSUc,6) (GTb,6) (GT,7) (EGLN,9) (GTa,57) (DRPA,10) (UCa,57) (EGLNa,59) (TWCb,8) (VONAb,9) (UCb,6) (EGLNb,8) (EGLNc,8) (PTGNc,8) (OSUb,6) (DRPAb,9) (DRPAc,9) (OSUa,57) (DRPAa,60) (VONAc,11) (PTGNb,8) (CMCTc,21) (PTGNa,59) (CMCTa,72) (VZc,19) (GSATc,14) (ATTc,22) (TWCc,21) (VONAa,62) (ATTa,73) (TWCa,72)
ATTa:(ATTa,0) (UGAa,5) (GSATa,5) (CMCTa,1) (TWCa,1) (VONAa,2) (VZa,10)
ATTb:(ATTb,0) (UGAb,5) (GSATb,5) (CMCTb,1) (TWCb,1) (VONAb,2) (VZb,10) (CMCT,15) (OSU,12) (UCc,11) (UC,12) (PTGN,14) (ATT,16) (TWC,15) (GTc,11) (OSUc,11) (GTb,11) (GT,12) (VONA,16) (EGLN,14) (GTa,62) (DRPA,15) (UCa,62) (EGLNa,64) (UGA,19) (GSAT,19) (UCb,11) (EGLNb,13) (EGLNc,13) (PTGNc,13) (OSUb,11) (DRPAb,14) (DRPAc,14) (VZ,24) (OSUa,62) (DRPAa,65) (VONAc,16) (PTGNb,13) (CMCTc,26) (PTGNa,64) (CMCTa,77) (VZc,24) (GSATc,19) (ATTc,26) (TWCc,26) (VONAa,67) (ATTa,78) (TWCa,77) (UGAc,19) (VZa,75) (GSATa,70) (UGAa,128)
ATTc:(ATTc,0) (UGAc,5) (GSATc,5) (CMCTc,1) (TWCc,1) (VONAc,2) (VZc,10) (UCb,14) (GTb,14) (OSUb,14) (EGLNb,16) (PTGNb,16) (DRPAb,17) (VONAb,19) (CMCTb,29) (VZb,27) (GSATb,22) (ATTb,29) (TWCb,29) (CMCT,32) (OSU,29) (UCc,28) (UGAb,22) (UC,29) (PTGN,31) (ATT,33) (TWC,32) (GTc,28) (OSUc,28) (GT,29) (VONA,33) (EGLN,31) (GTa,79) (DRPA,32) (UCa,79) (EGLNa,81) (UGA,83) (GSAT,41)
CMCT:(CMCT,0) (ATT,1) (TWC,0) (VONA,1) (UGA,4) (GSAT,4) (VZ,9) (VZb,4) (ATTb,6) (OSU,6) (UCc,5) (UC,6) (PTGN,8) (UGAb,14) (GSATb,11) (CMCTb,7) (GTc,5) (OSUc,5) (GTb,5) (GT,6) (EGLN,8) (GTa,56) (DRPA,9) (UCa,56) (EGLNa,58) (TWCb,7) (VONAb,8) (UCb,5) (EGLNb,7) (EGLNc,7) (PTGNc,7) (OSUb,5) (DRPAb,8) (DRPAc,8) (OSUa,56) (DRPAa,59) (VONAc,10) (PTGNb,7) (CMCTc,20) (PTGNa,58) (CMCTa,71)
CMCTa:(CMCTa,0) (ATTa,1) (TWCa,0) (VONAa,1) (UGAa,4) (GSATa,4) (VZa,9)
CMCTb:(CMCTb,0) (ATTb,1) (TWCb,0) (VONAb,1) (UGAb,4) (GSATb,4) (VZb,9) (CMCT,14) (OSU,11) (UCc,10) (UC,11) (PTGN,13) (ATT,15) (TWC,14) (GTc,10) (OSUc,10) (GTb,10) (GT,11) (VONA,15) (EGLN,13) (GTa,61) (DRPA,14) (UCa,61) (EGLNa,63) (UGA,18) (GSAT,18) (UCb,10) (EGLNb,12) (EGLNc,12) (PTGNc,12) (OSUb,10) (DRPAb,13) (DRPAc,13) (VZ,23) (OSUa,61) (DRPAa,64) (VONAc,15) (PTGNb,12) (CMCTc,25) (PTGNa,63) (CMCTa,76) (VZc,23) (GSATc,18) (ATTc,26) (TWCc,25) (VONAa,66) (ATTa,77) (TWCa,76)
CMCTc:(CMCTc,0) (ATTc,1) (TWCc,0) (VONAc,1) (UGAc,4) (GSATc,4) (VZc,9) (UCb,13) (GTb,13) (OSUb,13) (EGLNb,15) (PTGNb,15) (DRPAb,16) (VONAb,18) (CMCTb,28) (VZb,26) (GSATb,21) (ATTb,28) (TWCb,28) (CMCT,31) (OSU,28) (UCc,27) (UGAb,21)
DRPA:(DRPA,0) (EGLN,1) (CMCT,12) (GT,-1) (ATT,13) (TWC,12) (UC,-1) (GTa,49) (OSU,-1) (UCa,49) (EGLNa,51) (VONA,4) (UGA,7) (GSAT,7) (PTGN,1) (OSUa,49) (DRPAa,52) (VZ,12) (PTGNa,51) (CMCTa,64) (VZb,7) (VONAa,54) (ATTa,64) (TWCa,64) (ATTb,9) (UCc,8) (VZa,62) (GSATa,57) (UGAa,57) (UGAb,26) (GSATb,17) (CMCTb,10) (GTc,8) (OSUc,8) (GTb,8) (TWCb,19) (VONAb,20) (UCb,17) (EGLNb,19) (EGLNc,19) (PTGNc,19) (OSUb,17) (DRPAb,20) (DRPAc,20)
DRPAa:(DRPAa,0) (EGLNa,1) (CMCTa,12) (GTa,-1) (ATTa,13) (TWCa,12) (UCa,-1) (GT,49) (UC,49) (EGLN,51) (OSUa,-1) (OSU,49) (DRPA,52) (VONAa,4) (UGAa,7) (GSATa,7) (PTGNa,1) (PTGN,51) (CMCT,62) (VZa,12) (VONA,54) (ATT,63) (TWC,62) (VZ,62) (GSAT,57) (UGA,57) (VZb,57) (ATTb,59) (UCc,58) (UGAb,109) (GSATb,67) (CMCTb,60) (GTc,58) (OSUc,58) (GTb,58)
DRPAb:(DRPAb,0) (EGLNb,1) (CMCTb,12) (GTb,-1) (ATTb,13) (TWCb,12) (UCb,-1) (OSUb,-1) (VONAb,4) (UGAb,7) (GSATb,7) (PTGNb,1) (VZb,12) (CMCT,17) (OSU,14) (UCc,13) (UC,14) (PTGN,16) (ATT,18) (TWC,17) (GTc,13) (OSUc,13) (GT,14) (VONA,18) (EGLN,16) (GTa,64) (DRPA,17) (UCa,64) (EGLNa,66) (UGA,26) (GSAT,21) (EGLNc,15) (PTGNc,15) (DRPAc,16) (VZ,26) (OSUa,64) (DRPAa,67) (VONAc,27) (CMCTc,37) (PTGNa,75) (CMCTa,88)
DRPAc:(DRPAc,0) (EGLNc,1) (CMCTc,12) (GTc,-1) (ATTc,13) (TWCc,12) (UCc,-1) (OSUc,-1) (OSU,1) (GTb,-1) (VONAc,4) (UGAc,7) (GSATc,7) (UC,1) (PTGN,3) (UCb,-1) (EGLNb,1) (PTGNc,1) (GT,1) (VONA,6) (EGLN,3) (GTa,51) (DRPA,4) (UCa,51) (EGLNa,53) (OSUb,-1) (DRPAb,2) (VZc,12) (VZ,14) (GSAT,9) (CMCT,14) (OSUa,51) (DRPAa,54) (PTGNb,1) (CMCTb,12) (ATT,15) (VZb,9) (UGA,9) (TWC,14) (PTGNa,53) (CMCTa,66) (VONAb,4) (ATTb,11) (TWCb,12) (VONAa,56) (ATTa,66) (TWCa,66) (GSATb,7) (UGAb,7) (VZa,64) (GSATa,59) (UGAa,59)
EGLN:(EGLN,0) (GT,-2) (DRPA,1) (UC,-2) (GTa,48) (CMCT,11) (OSU,-2) (UCa,48) (EGLNa,50) (ATT,12) (TWC,11) (PTGN,0) (OSUa,48) (DRPAa,51) (VONA,3) (UGA,6) (GSAT,6) (PTGNa,50) (CMCTa,63) (VZ,11) (VONAa,53) (ATTa,63) (TWCa,63) (VZb,6) (VZa,61) (GSATa,56) (UGAa,56) (ATTb,8) (UCc,7) (UGAb,58) (GSATb,16) (CMCTb,9) (GTc,7) (OSUc,7) (GTb,7)
EGLNa:(EGLNa,0) (GTa,-2) (DRPAa,1) (UCa,-2) (GT,48) (CMCTa,13) (UC,48) (EGLN,50) (OSUa,-2) (OSU,48) (DRPA,51) (ATTa,13) (TWCa,13) (PTGNa,0) (PTGN,50) (CMCT,61) (VONAa,3) (UGAa,6) (GSATa,6) (VONA,53) (ATT,62) (TWC,61) (VZa,11) (VZ,61) (GSAT,56) (UGA,56) (VZb,56) (ATTb,58) (UCc,57) (UGAb,108) (GSATb,66) (CMCTb,59) (GTc,57) (OSUc,57) (GTb,57)
EGLNb:(EGLNb,0) (GTb,-2) (DRPAb,1) (UCb,-2) (CMCTb,13) (OSUb,-2) (ATTb,13) (TWCb,13) (PTGNb,0) (VONAb,3) (UGAb,6) (GSATb,6) (VZb,11) (CMCT,16) (OSU,13) (UCc,12) (UC,13) (PTGN,15) (ATT,17) (TWC,16) (GTc,12) (OSUc,12) (GT,13) (VONA,17) (EGLN,15) (GTa,63) (DRPA,16) (UCa,63) (EGLNa,65) (UGA,25) (GSAT,20) (EGLNc,14) (PTGNc,14) (DRPAc,15) (VZ,25) (OSUa,63) (DRPAa,66)
EGLNc:(EGLNc,0) (GTc,-2) (DRPAc,1) (UCc,-2) (CMCTc,13) (OSUc,-2) (OSU,0) (GTb,-2) (ATTc,13) (TWCc,13) (UC,0) (PTGN,2) (UCb,-2) (EGLNb,0) (PTGNc,0) (GT,0) (VONA,5) (EGLN,2) (GTa,50) (DRPA,3) (UCa,50) (EGLNa,52) (OSUb,-2) (DRPAb,1) (VONAc,3) (UGAc,6) (GSATc,6) (VZ,13) (GSAT,8) (CMCT,13) (OSUa,50) (DRPAa,53) (PTGNb,0) (CMCTb,11) (VZc,11) (ATT,14) (VZb,8) (UGA,8) (TWC,13) (PTGNa,52) (CMCTa,65) (VONAb,3) (ATTb,10) (TWCb,11) (VONAa,55) (ATTa,65) (TWCa,65) (GSATb,6) (UGAb,6) (VZa,63) (GSATa,58) (UGAa,58)
GSAT:(GSAT,0) (VONA,-3) (UGA,0) (VZ,5) (ATT,6) (VZb,0) (CMCT,5) (TWC,5) (ATTb,2) (OSU,2) (UCc,1) (UC,2) (PTGN,4) (UGAb,7) (GSATb,7) (CMCTb,3) (GTc,1) (OSUc,1) (GTb,1) (GT,2) (EGLN,4) (GTa,52) (DRPA,5) (UCa,52) (EGLNa,54) (TWCb,3) (VONAb,4) (UCb,1) (EGLNb,3) (EGLNc,3) (PTGNc,3) (OSUb,1) (DRPAb,4) (DRPAc,4) (OSUa,52) (DRPAa,55) (VONAc,6) (PTGNb,3) (CMCTc,16) (PTGNa,54) (CMCTa,67) (VZc,14) (GSATc,9) (ATTc,16) (TWCc,16) (VONAa,57) (ATTa,68) (TWCa,67) (UGAc,9) (VZa,65) (GSATa,60) (UGAa,118)
GSATa:(GSATa,0) (VONAa,-3) (UGAa,0) (VZa,5) (ATTa,7) (CMCTa,8) (TWCa,8)
GSATb:(GSATb,0) (VONAb,-3) (UGAb,0) (VZb,5) (ATTb,7) (CMCT,10) (OSU,7) (UCc,6) (CMCTb,8) (TWCb,8) (UC,7) (PTGN,9) (ATT,11) (TWC,10) (GTc,6) (OSUc,6) (GTb,6) (GT,7) (VONA,11) (EGLN,9) (GTa,57) (DRPA,10) (UCa,57) (EGLNa,59) (UGA,14) (GSAT,14) (UCb,6) (EGLNb,8) (EGLNc,8) (PTGNc,8) (OSUb,6) (DRPAb,9) (DRPAc,9) (VZ,19) (OSUa,57) (DRPAa,60) (VONAc,11) (PTGNb,8) (CMCTc,21) (PTGNa,59) (CMCTa,72) (VZc,19) (GSATc,14) (ATTc,21) (TWCc,21) (VONAa,62) (ATTa,72) (TWCa,72) (UGAc,14) (VZa,70) (GSATa,65) (UGAa,65)
GSATc:(GSATc,0) (VONAc,-3) (UGAc,0) (VZc,5) (ATTc,7) (UCb,9) (CMCTc,8) (TWCc,8) (GTb,9) (OSUb,9) (EGLNb,11) (PTGNb,11) (DRPAb,12) (VONAb,14) (CMCTb,24) (VZb,22) (GSATb,17) (ATTb,24) (TWCb,24) (CMCT,27) (OSU,24) (UCc,23) (UGAb,17) (UC,24) (PTGN,26) (ATT,28) (TWC,27) (GTc,23) (OSUc,23) (GT,24) (VONA,28) (EGLN,26) (GTa,74) (DRPA,27) (UCa,74) (EGLNa,76) (UGA,36) (GSAT,31) (EGLNc,25) (PTGNc,25) (DRPAc,26) (VZ,36) (OSUa,74) (DRPAa,77)
GT:(GT,0) (UC,0) (EGLN,2) (GTa,50) (OSU,0) (DRPA,3) (UCa,50) (EGLNa,52) (PTGN,2) (CMCT,13) (OSUa,50) (DRPAa,53) (VONA,5) (ATT,14) (TWC,13) (PTGNa,52) (CMCTa,65) (VZ,13) (GSAT,8) (UGA,8) (VONAa,55) (ATTa,65) (TWCa,65) (VZb,8) (VZa,63) (GSATa,58) (UGAa,58) (ATTb,10) (UCc,9) (UGAb,60) (GSATb,18) (CMCTb,11) (GTc,9) (OSUc,9) (GTb,9)
GTa:(GTa,0) (UCa,0) (EGLNa,2) (GT,50) (UC,50) (EGLN,52) (OSUa,0) (DRPAa,3) (OSU,50) (DRPA,53) (PTGNa,2) (CMCTa,15) (PTGN,52) (CMCT,63) (VONAa,5) (ATTa,15) (TWCa,15) (VONA,55) (ATT,64) (TWC,63) (VZa,13) (GSATa,8) (UGAa,8) (VZ,63) (GSAT,58) (UGA,58) (VZb,58) (ATTb,60) (UCc,59) (UGAb,110) (GSATb,68) (CMCTb,61) (GTc,59) (OSUc,59) (GTb,59)
GTb:(GTb,0) (UCb,0) (EGLNb,2) (OSUb,0) (DRPAb,3) (PTGNb,2) (CMCTb,15) (VONAb,5) (ATTb,15) (TWCb,15) (VZb,13) (GSATb,8) (UGAb,8) (CMCT,18) (OSU,15) (UCc,14) (UC,15) (PTGN,17) (ATT,19) (TWC,18) (GTc,14) (OSUc,14) (GT,15) (VONA,19) (EGLN,17) (GTa,65) (DRPA,18) (UCa,65) (EGLNa,67) (UGA,27) (GSAT,22) (EGLNc,16) (PTGNc,16) (DRPAc,17) (VZ,27) (OSUa,65) (DRPAa,68)
GTc:(GTc,0) (UCc,0) (EGLNc,2) (OSUc,0) (OSU,2) (GTb,0) (DRPAc,3) (UC,2) (PTGN,4) (UCb,0) (EGLNb,2) (PTGNc,2) (GT,2) (VONA,7) (EGLN,4) (GTa,52) (DRPA,5) (UCa,52) (EGLNa,54) (OSUb,0) (DRPAb,3) (CMCTc,15) (VONAc,5) (VZ,15) (GSAT,10) (CMCT,15) (OSUa,52) (DRPAa,55) (PTGNb,2) (CMCTb,13) (ATTc,15) (TWCc,15) (VZc,13) (GSATc,8) (ATT,16) (VZb,10) (UGA,10) (TWC,15) (PTGNa,54) (CMCTa,67) (VONAb,5) (ATTb,12) (TWCb,13) (UGAc,8) (VONAa,57) (ATTa,67) (TWCa,67) (GSATb,8) (UGAb,8) (VZa,65) (GSATa,60) (UGAa,60)
OSU:(OSU,0) (UC,0) (PTGN,2) (GT,0) (VONA,5) (EGLN,2) (GTa,50) (DRPA,3) (UCa,50) (EGLNa,52) (VZ,13) (GSAT,8) (CMCT,13) (OSUa,50) (DRPAa,53) (ATT,14) (VZb,8) (UGA,8) (TWC,13) (PTGNa,52) (CMCTa,65) (ATTb,10) (UCc,9) (VONAa,55) (ATTa,65) (TWCa,65) (UGAb,18) (GSATb,15) (CMCTb,11) (GTc,9) (OSUc,9) (GTb,9) (VZa,63) (GSATa,58) (UGAa,58) (TWCb,11) (VONAb,12) (UCb,9) (EGLNb,11) (EGLNc,11) (PTGNc,11) (OSUb,9) (DRPAb,12) (DRPAc,12) (VONAc,14) (PTGNb,11) (CMCTc,24)
OSUa:(OSUa,0) (UCa,0) (PTGNa,2) (GTa,0) (VONAa,5) (EGLNa,2) (GT,50) (UC,50) (EGLN,52) (DRPAa,3) (OSU,50) (DRPA,53) (VZa,13) (GSATa,8) (CMCTa,15) (PTGN,52) (CMCT,63) (ATTa,15) (UGAa,8) (TWCa,15) (VONA,55) (ATT,64) (TWC,63) (VZ,63) (GSAT,58) (UGA,58) (VZb,58) (ATTb,60) (UCc,59) (UGAb,110) (GSATb,68) (CMCTb,61) (GTc,59) (OSUc,59) (GTb,59)
OSUb:(OSUb,0) (UCb,0) (PTGNb,2) (GTb,0) (VONAb,5) (EGLNb,2) (DRPAb,3) (VZb,13) (GSATb,8) (CMCTb,15) (ATTb,15) (CMCT,18) (OSU,15) (UCc,14) (UGAb,8) (TWCb,15) (UC,15) (PTGN,17) (ATT,19) (TWC,18) (GTc,14) (OSUc,14) (GT,15) (VONA,19) (EGLN,17) (GTa,65) (DRPA,18) (UCa,65) (EGLNa,67) (UGA,22) (GSAT,22) (EGLNc,16) (PTGNc,16) (DRPAc,17) (VZ,27) (OSUa,65) (DRPAa,68) (VONAc,19) (CMCTc,29) (PTGNa,67) (CMCTa,80) (VZc,27) (GSATc,22) (ATTc,30) (TWCc,29) (VONAa,70) (ATTa,81) (TWCa,80)
OSUc:(OSUc,0) (UCc,0) (PTGNc,2) (GTc,0) (OSU,2) (GTb,0) (VONAc,5) (UC,2) (PTGN,4) (UCb,0) (EGLNb,2) (EGLNc,2) (GT,2) (VONA,7) (EGLN,4) (GTa,52) (DRPA,5) (UCa,52) (EGLNa,54) (OSUb,0) (DRPAb,3) (DRPAc,3) (VZc,13) (GSATc,8) (VZ,15) (GSAT,10) (CMCT,15) (OSUa,52) (DRPAa,55) (PTGNb,2) (CMCTb,13) (CMCTc,15) (ATTc,15) (UGAc,8) (ATT,16) (VZb,10) (UGA,10) (TWC,15) (PTGNa,54) (CMCTa,67) (VONAb,5) (ATTb,12) (TWCb,13) (TWCc,15) (VONAa,57) (ATTa,67) (TWCa,67) (GSATb,8) (UGAb,8) (VZa,65) (GSATa,60) (UGAa,60)
PTGN:(PTGN,0) (OSU,-1) (VONA,3) (UC,-1) (VZ,11) (GSAT,6) (GT,-1) (EGLN,1) (GTa,49) (DRPA,2) (UCa,49) (EGLNa,51) (ATT,12) (VZb,6) (UGA,6) (CMCT,11) (OSUa,49) (DRPAa,52) (ATTb,8) (UCc,7) (TWC,11) (PTGNa,51) (CMCTa,64) (UGAb,13) (GSATb,13) (CMCTb,9) (GTc,7) (OSUc,7) (GTb,7) (VONAa,54) (ATTa,64) (TWCa,64) (TWCb,9) (VONAb,10) (UCb,7) (EGLNb,9) (EGLNc,9) (PTGNc,9) (OSUb,7) (DRPAb,10) (DRPAc,10) (VZa,62) (GSATa,57) (UGAa,57) (VONAc,12) (PTGNb,9) (CMCTc,22) (VZc,20) (GSATc,15) (ATTc,23) (TWCc,22)
PTGNa:(PTGNa,0) (OSUa,-1) (VONAa,3) (UCa,-1) (VZa,11) (GSATa,6) (GTa,-1) (EGLNa,1) (GT,49) (UC,49) (EGLN,51) (DRPAa,2) (OSU,49) (DRPA,52) (ATTa,13) (UGAa,6) (CMCTa,14) (PTGN,51) (CMCT,62) (TWCa,14) (VONA,54) (ATT,63) (TWC,62) (VZ,62) (GSAT,57) (UGA,57) (VZb,57) (ATTb,59) (UCc,58) (UGAb,109) (GSATb,67) (CMCTb,60) (GTc,58) (OSUc,58) (GTb,58)
PTGNb:(PTGNb,0) (OSUb,-1) (VONAb,3) (UCb,-1) (VZb,11) (GSATb,6) (GTb,-1) (EGLNb,1) (DRPAb,2) (ATTb,13) (CMCT,16) (OSU,13) (UCc,12) (UGAb,6) (CMCTb,14) (UC,13) (PTGN,15) (ATT,17) (TWC,16) (GTc,12) (OSUc,12) (GT,13) (VONA,17) (EGLN,15) (GTa,63) (DRPA,16) (UCa,63) (EGLNa,65) (UGA,20) (GSAT,20) (TWCb,14) (EGLNc,14) (PTGNc,14) (DRPAc,15) (VZ,25) (OSUa,63) (DRPAa,66) (VONAc,17) (CMCTc,27) (PTGNa,65) (CMCTa,78) (VZc,25) (GSATc,20) (ATTc,27) (TWCc,27) (VONAa,68) (ATTa,79) (TWCa,78) (UGAc,20) (VZa,76) (GSATa,71) (UGAa,129)
PTGNc:(PTGNc,0) (OSUc,-1) (VONAc,3) (UCc,-1) (VZc,11) (GSATc,6) (GTc,-1) (OSU,1) (GTb,-1) (UC,1) (PTGN,3) (UCb,-1) (EGLNb,1) (EGLNc,1) (GT,1) (VONA,6) (EGLN,3) (GTa,51) (DRPA,4) (UCa,51) (EGLNa,53) (OSUb,-1) (DRPAb,2) (DRPAc,2) (ATTc,13) (UGAc,6) (VZ,14) (GSAT,9) (CMCT,14) (OSUa,51) (DRPAa,54) (PTGNb,1) (CMCTb,12) (CMCTc,14) (ATT,15) (VZb,9) (UGA,9) (TWC,14) (PTGNa,53) (CMCTa,66) (VONAb,4) (ATTb,11) (TWCb,12) (TWCc,14) (VONAa,56) (ATTa,66) (TWCa,66) (GSATb,7) (UGAb,7) (VZa,64) (GSATa,59) (UGAa,59)
TWC:(TWC,0) (CMCT,0) (VONA,1) (ATT,1) (VZ,9) (GSAT,4) (UGA,4) (VZb,4) (ATTb,6) (OSU,6) (UCc,5) (UC,6) (PTGN,8) (UGAb,11) (GSATb,11) (CMCTb,7) (GTc,5) (OSUc,5) (GTb,5) (GT,6) (EGLN,8) (GTa,56) (DRPA,9) (UCa,56) (EGLNa,58) (TWCb,7) (VONAb,8) (UCb,5) (EGLNb,7) (EGLNc,7) (PTGNc,7) (OSUb,5) (DRPAb,8) (DRPAc,8) (OSUa,56) (DRPAa,59) (VONAc,10) (PTGNb,7) (CMCTc,20) (PTGNa,58) (CMCTa,71) (VZc,18) (GSATc,13) (ATTc,21) (TWCc,20) (VONAa,61) (ATTa,72) (TWCa,71)
TWCa:(TWCa,0) (CMCTa,0) (VONAa,1) (ATTa,1) (VZa,9) (GSATa,4) (UGAa,4)
TWCb:(TWCb,0) (CMCTb,0) (VONAb,1) (ATTb,1) (VZb,9) (GSATb,4) (UGAb,4) (CMCT,14) (OSU,11) (UCc,10) (UC,11) (PTGN,13) (ATT,15) (TWC,14) (GTc,10) (OSUc,10) (GTb,10) (GT,11) (VONA,15) (EGLN,13) (GTa,61) (DRPA,14) (UCa,61) (EGLNa,63) (UGA,18) (GSAT,18) (UCb,10) (EGLNb,12) (EGLNc,12) (PTGNc,12) (OSUb,10) (DRPAb,13) (DRPAc,13) (VZ,23) (OSUa,61) (DRPAa,64) (VONAc,15) (PTGNb,12) (CMCTc,25) (PTGNa,63) (CMCTa,76) (VZc,23) (GSATc,18) (ATTc,25) (TWCc,25) (VONAa,66) (ATTa,77) (TWCa,76) (UGAc,18) (VZa,74) (GSATa,69) (UGAa,127)
TWCc:(TWCc,0) (CMCTc,0) (VONAc,1) (ATTc,1) (VZc,9) (GSATc,4) (UGAc,4) (UCb,13) (GTb,13) (OSUb,13) (EGLNb,15) (PTGNb,15) (DRPAb,16) (VONAb,18) (CMCTb,28) (VZb,26) (GSATb,21) (ATTb,28) (TWCb,28) (CMCT,31) (OSU,28) (UCc,27) (UGAb,21) (UC,28) (PTGN,30) (ATT,32) (TWC,31) (GTc,27) (OSUc,27) (GT,28) (VONA,32) (EGLN,30) (GTa,78) (DRPA,31) (UCa,78) (EGLNa,80) (UGA,82) (GSAT,40)
UC:(UC,0) (GT,0) (OSU,0) (EGLN,2) (GTa,50) (PTGN,2) (DRPA,3) (UCa,50) (EGLNa,52) (VONA,5) (CMCT,13) (OSUa,50) (DRPAa,53) (VZ,13) (GSAT,8) (ATT,14) (TWC,13) (PTGNa,52) (CMCTa,65) (VZb,8) (UGA,8) (VONAa,55) (ATTa,65) (TWCa,65) (ATTb,10) (UCc,9) (VZa,63) (GSATa,58) (UGAa,58) (UGAb,18) (GSATb,18) (CMCTb,11) (GTc,9) (OSUc,9) (GTb,9) (TWCb,11) (VONAb,12) (UCb,9) (EGLNb,11) (EGLNc,11) (PTGNc,11) (OSUb,9) (DRPAb,12) (DRPAc,12)
UCa:(UCa,0) (GTa,0) (OSUa,0) (EGLNa,2) (GT,50) (PTGNa,2) (UC,50) (EGLN,52) (DRPAa,3) (OSU,50) (DRPA,53) (VONAa,5) (CMCTa,15) (PTGN,52) (CMCT,63) (VZa,13) (GSATa,8) (ATTa,15) (TWCa,15) (VONA,55) (ATT,64) (TWC,63) (UGAa,8) (VZ,63) (GSAT,58) (UGA,58) (VZb,58) (ATTb,60) (UCc,59) (UGAb,110) (GSATb,68) (CMCTb,61) (GTc,59) (OSUc,59) (GTb,59)
UCb:(UCb,0) (GTb,0) (OSUb,0) (EGLNb,2) (PTGNb,2) (DRPAb,3) (VONAb,5) (CMCTb,15) (VZb,13) (GSATb,8) (ATTb,15) (TWCb,15) (CMCT,18) (OSU,15) (UCc,14) (UGAb,8) (UC,15) (PTGN,17) (ATT,19) (TWC,18) (GTc,14) (OSUc,14) (GT,15) (VONA,19) (EGLN,17) (GTa,65) (DRPA,18) (UCa,65) (EGLNa,67) (UGA,22) (GSAT,22) (EGLNc,16) (PTGNc,16) (DRPAc,17) (VZ,27) (OSUa,65) (DRPAa,68) (VONAc,19) (CMCTc,29) (PTGNa,67) (CMCTa,80)
UCc:(UCc,0) (GTc,0) (OSUc,0) (OSU,2) (GTb,0) (UC,2) (PTGN,4) (UCb,0) (EGLNb,2) (EGLNc,2) (PTGNc,2) (GT,2) (VONA,7) (EGLN,4) (GTa,52) (DRPA,5) (UCa,52) (EGLNa,54) (OSUb,0) (DRPAb,3) (DRPAc,3) (VONAc,5) (VZ,15) (GSAT,10) (CMCT,15) (OSUa,52) (DRPAa,55) (PTGNb,2) (CMCTb,13) (CMCTc,15) (VZc,13) (GSATc,8) (ATT,16) (VZb,10) (UGA,10) (TWC,15) (PTGNa,54) (CMCTa,67) (VONAb,5) (ATTb,12) (TWCb,13) (ATTc,15) (TWCc,15) (UGAc,8) (VONAa,57) (ATTa,67) (TWCa,67) (GSATb,8) (UGAb,8) (VZa,65) (GSATa,60) (UGAa,60)
UGA:(UGA,0) (ATT,50) (GSAT,50) (CMCT,51) (VONA,47) (TWC,51) (VZ,55) (VZb,50) (ATTb,52) (OSU,52) (UCc,51) (UC,52) (PTGN,54) (UGAb,57) (GSATb,57) (CMCTb,53) (GTc,51) (OSUc,51) (GTb,51) (GT,52) (EGLN,54) (GTa,102) (DRPA,55) (UCa,102) (EGLNa,104) (TWCb,53) (VONAb,54) (UCb,51) (EGLNb,53) (EGLNc,53) (PTGNc,53) (OSUb,51) (DRPAb,54) (DRPAc,54) (OSUa,102) (DRPAa,105) (VONAc,56) (PTGNb,53) (CMCTc,66) (PTGNa,104) (CMCTa,117) (VZc,64) (GSATc,59) (ATTc,66) (TWCc,66) (VONAa,107) (ATTa,118) (TWCa,117) (UGAc,59) (VZa,115) (GSATa,110) (UGAa,168)
UGAa:(UGAa,0) (ATTa,50) (GSATa,50) (CMCTa,51) (VONAa,47) (TWCa,51) (VZa,55)
UGAb:(UGAb,0) (ATTb,50) (GSATb,50) (CMCTb,51) (VONAb,47) (TWCb,51) (VZb,55) (CMCT,60) (OSU,57) (UCc,56) (UC,57) (PTGN,59) (ATT,61) (TWC,60) (GTc,56) (OSUc,56) (GTb,56) (GT,57) (VONA,61) (EGLN,59) (GTa,107) (DRPA,60) (UCa,107) (EGLNa,109) (UGA,64) (GSAT,64) (UCb,56) (EGLNb,58) (EGLNc,58) (PTGNc,58) (OSUb,56) (DRPAb,59) (DRPAc,59) (VZ,69) (OSUa,107) (DRPAa,110) (VONAc,61) (PTGNb,58) (CMCTc,71) (PTGNa,109) (CMCTa,122) (VZc,69) (GSATc,64) (ATTc,71) (TWCc,71) (VONAa,112) (ATTa,122) (TWCa,122) (UGAc,64) (VZa,120) (GSATa,115) (UGAa,115)
UGAc:(UGAc,0) (ATTc,50) (GSATc,50) (CMCTc,51) (VONAc,47) (TWCc,51) (VZc,55) (UCb,59) (GTb,59) (OSUb,59) (EGLNb,61) (PTGNb,61) (DRPAb,62) (VONAb,64) (CMCTb,74) (VZb,72) (GSATb,67) (ATTb,74) (TWCb,74) (CMCT,77) (OSU,74) (UCc,73) (UGAb,67) (UC,74) (PTGN,76) (ATT,78) (TWC,77) (GTc,73) (OSUc,73) (GT,74) (VONA,78) (EGLN,76) (GTa,124) (DRPA,77) (UCa,124) (EGLNa,126) (UGA,86) (GSAT,81) (EGLNc,75) (PTGNc,75) (DRPAc,76) (VZ,86) (OSUa,124) (DRPAa,127)
VONA:(VONA,0) (VZ,8) (GSAT,3) (ATT,9) (VZb,3) (UGA,3) (CMCT,8) (ATTb,5) (OSU,5) (UCc,4) (TWC,8) (UC,5) (PTGN,7) (UGAb,10) (GSATb,10) (CMCTb,6) (GTc,4) (OSUc,4) (GTb,4) (GT,5) (EGLN,7) (GTa,55) (DRPA,8) (UCa,55) (EGLNa,57) (TWCb,6) (VONAb,7) (UCb,4) (EGLNb,6) (EGLNc,6) (PTGNc,6) (OSUb,4) (DRPAb,7) (DRPAc,7) (OSUa,55) (DRPAa,58) (VONAc,9) (PTGNb,6) (CMCTc,19) (PTGNa,57) (CMCTa,70) (VZc,17) (GSATc,12) (ATTc,19) (TWCc,19) (VONAa,60) (ATTa,71) (TWCa,70) (UGAc,12) (VZa,68) (GSATa,63) (UGAa,121)
VONAa:(VONAa,0) (VZa,8) (GSATa,3) (ATTa,10) (UGAa,3) (CMCTa,11) (TWCa,11)
VONAb:(VONAb,0) (VZb,8) (GSATb,3) (ATTb,10) (CMCT,13) (OSU,10) (UCc,9) (UGAb,3) (UC,10) (PTGN,12) (ATT,14) (TWC,13) (CMCTb,11) (GTc,9) (OSUc,9) (GTb,9) (GT,10) (VONA,14) (EGLN,12) (GTa,60) (DRPA,13) (UCa,60) (EGLNa,62) (UGA,17) (GSAT,17) (TWCb,11) (UCb,9) (EGLNb,11) (EGLNc,11) (PTGNc,11) (OSUb,9) (DRPAb,12) (DRPAc,12) (VZ,22) (OSUa,60) (DRPAa,63) (VONAc,14) (PTGNb,11) (CMCTc,24) (PTGNa,62) (CMCTa,75) (VZc,22) (GSATc,17) (ATTc,24) (TWCc,24) (VONAa,65) (ATTa,75) (TWCa,75) (UGAc,17) (VZa,73) (GSATa,68) (UGAa,68)
VONAc:(VONAc,0) (VZc,8) (GSATc,3) (ATTc,10) (UCb,12) (UGAc,3) (GTb,12) (OSUb,12) (CMCTc,11) (EGLNb,14) (PTGNb,14) (DRPAb,15) (TWCc,11) (VONAb,17) (CMCTb,27) (VZb,25) (GSATb,20) (ATTb,27) (TWCb,27) (CMCT,30) (OSU,27) (UCc,26) (UGAb,20) (UC,27) (PTGN,29) (ATT,31) (TWC,30) (GTc,26) (OSUc,26) (GT,27) (VONA,31) (EGLN,29) (GTa,77) (DRPA,30) (UCa,77) (EGLNa,79) (UGA,39) (GSAT,34) (EGLNc,28) (PTGNc,28) (DRPAc,29) (VZ,39) (OSUa,77) (DRPAa,80)
VZ:(VZ,0) (ATT,1) (VZb,-5) (UGA,4) (GSAT,4) (CMCT,0) (ATTb,-3) (OSU,-3) (UCc,-4) (TWC,0) (VONA,1) (UC,-3) (PTGN,-1) (UGAb,2) (GSATb,2) (CMCTb,-2) (GTc,-4) (OSUc,-4) (GTb,-4) (GT,-3) (EGLN,-1) (GTa,47) (DRPA,0) (UCa,47) (EGLNa,49) (TWCb,-2) (VONAb,-1) (UCb,-4) (EGLNb,-2) (EGLNc,-2) (PTGNc,-2) (OSUb,-4) (DRPAb,-1) (DRPAc,-1) (OSUa,47) (DRPAa,50) (VONAc,1) (PTGNb,-2) (CMCTc,11) (PTGNa,49) (CMCTa,62) (VZc,9) (GSATc,4) (ATTc,11) (TWCc,11) (VONAa,52) (ATTa,62) (TWCa,62) (UGAc,4) (VZa,60) (GSATa,55) (UGAa,55)
VZa:(VZa,0) (ATTa,2) (UGAa,7) (GSATa,7) (CMCTa,3) (TWCa,3) (VONAa,4)
VZb:(VZb,0) (ATTb,2) (CMCT,5) (OSU,2) (UCc,1) (UC,2) (PTGN,4) (ATT,6) (TWC,5) (UGAb,7) (GSATb,7) (CMCTb,3) (GTc,1) (OSUc,1) (GTb,1) (GT,2) (VONA,6) (EGLN,4) (GTa,52) (DRPA,5) (UCa,52) (EGLNa,54) (UGA,9) (GSAT,9) (TWCb,3) (VONAb,4) (UCb,1) (EGLNb,3) (EGLNc,3) (PTGNc,3) (OSUb,1) (DRPAb,4) (DRPAc,4) (VZ,14) (OSUa,52) (DRPAa,55) (VONAc,6) (PTGNb,3) (CMCTc,16) (PTGNa,54) (CMCTa,67) (VZc,14) (GSATc,9) (ATTc,16) (TWCc,16) (VONAa,57) (ATTa,67) (TWCa,67) (UGAc,9) (VZa,65) (GSATa,60) (UGAa,60)
VZc:(VZc,0) (ATTc,2) (UCb,4) (GTb,4) (OSUb,4) (UGAc,7) (GSATc,7) (CMCTc,3) (EGLNb,6) (PTGNb,6) (DRPAb,7) (TWCc,3) (VONAc,4) (VONAb,9) (CMCTb,19) (VZb,17) (GSATb,12) (ATTb,19) (TWCb,19) (CMCT,22) (OSU,19) (UCc,18) (UGAb,12) (UC,19) (PTGN,21) (ATT,23) (TWC,22) (GTc,18) (OSUc,18) (GT,19) (VONA,23) (EGLN,21) (GTa,69) (DRPA,22) (UCa,69) (EGLNa,71) (UGA,26) (GSAT,26) (EGLNc,20) (PTGNc,20) (DRPAc,21) (VZ,31) (OSUa,69) (DRPAa,72) (PTGNa,71) (CMCTa,84)
-----
ATT:(ATT,0) (UGA,5) (GSAT,5) (CMCT,1) (TWC,1) (VONA,2) (VZ,10) (VZb,5) (ATTb,7) (OSU,7) (UCc,6) (UC,7) (PTGN,9) (UGAb,12) (GSATb,12) (CMCTb,8) (GTc,6) (OSUc,6) (GTb,6) (GT,7) (EGLN,9) (GTa,57) (DRPA,10) (UCa,57) (EGLNa,59) (TWCb,8) (VONAb,9) (UCb,6) (EGLNb,8) (EGLNc,8) (PTGNc,8) (OSUb,6) (DRPAb,9) (DRPAc,9) (OSUa,57) (DRPAa,60) (VONAc,11) (PTGNb,8) (CMCTc,21) (PTGNa,59) (CMCTa,72) (VZc,19) (GSATc,14) (ATTc,21) (TWCc,21) (VONAa,62) (ATTa,73) (TWCa,72) (UGAc,14) (VZa,70) (GSATa,65) (UGAa,123)
ATTa:(ATTa,0) (UGAa,5) (GSATa,5) (CMCTa,1) (TWCa,1) (VONAa,2) (VZa,10)
ATTb:(ATTb,0) (UGAb,5) (GSATb,5) (CMCTb,1) (TWCb,1) (VONAb,2) (VZb,10) (CMCT,15) (OSU,12) (UCc,11) (UC,12) (PTGN,14) (ATT,16) (TWC,15) (GTc,11) (OSUc,11) (GTb,11) (GT,12) (VONA,16) (EGLN,14) (GTa,62) (DRPA,15) (UCa,62) (EGLNa,64) (UGA,19) (GSAT,19) (UCb,11) (EGLNb,13) (EGLNc,13) (PTGNc,13) (OSUb,11) (DRPAb,14) (DRPAc,14) (VZ,24) (OSUa,62) (DRPAa,65) (VONAc,16) (PTGNb,13) (CMCTc,26) (PTGNa,64) (CMCTa,77) (VZc,24) (GSATc,19) (ATTc,26) (TWCc,26) (VONAa,67) (ATTa,77) (TWCa,77) (UGAc,19) (VZa,75) (GSATa,70) (UGAa,70)
ATTc:(ATTc,0) (UGAc,5) (GSATc,5) (CMCTc,1) (TWCc,1) (VONAc,2) (VZc,10) (UCb,14) (GTb,14) (OSUb,14) (EGLNb,16) (PTGNb,16) (DRPAb,17) (VONAb,19) (CMCTb,29) (VZb,27) (GSATb,22) (ATTb,29) (TWCb,29) (CMCT,32) (OSU,29) (UCc,28) (UGAb,22) (UC,29) (PTGN,31) (ATT,33) (TWC,32) (GTc,28) (OSUc,28) (GT,29) (VONA,33) (EGLN,31) (GTa,79) (DRPA,32) (UCa,79) (EGLNa,81) (UGA,41) (GSAT,36) (EGLNc,30) (PTGNc,30) (DRPAc,31) (VZ,41) (OSUa,79) (DRPAa,82)
CMCT:(CMCT,0) (ATT,1) (TWC,0) (VONA,1) (UGA,4) (GSAT,4) (VZ,9) (VZb,4) (ATTb,6) (OSU,6) (UCc,5) (UC,6) (PTGN,8) (UGAb,11) (GSATb,11) (CMCTb,7) (GTc,5) (OSUc,5) (GTb,5) (GT,6) (EGLN,8) (GTa,56) (DRPA,9) (UCa,56) (EGLNa,58) (TWCb,7) (VONAb,8) (UCb,5) (EGLNb,7) (EGLNc,7) (PTGNc,7) (OSUb,5) (DRPAb,8) (DRPAc,8) (OSUa,56) (DRPAa,59) (VONAc,10) (PTGNb,7) (CMCTc,20) (PTGNa,58) (CMCTa,71) (VZc,18) (GSATc,13) (ATTc,21) (TWCc,20) (VONAa,61) (ATTa,72) (TWCa,71)
CMCTa:(CMCTa,0) (ATTa,1) (TWCa,0) (VONAa,1) (UGAa,4) (GSATa,4) (VZa,9)
CMCTb:(CMCTb,0) (ATTb,1) (TWCb,0) (VONAb,1) (UGAb,4) (GSATb,4) (VZb,9) (CMCT,14) (OSU,11) (UCc,10) (UC,11) (PTGN,13) (ATT,15) (TWC,14) (GTc,10) (OSUc,10) (GTb,10) (GT,11) (VONA,15) (EGLN,13) (GTa,61) (DRPA,14) (UCa,61) (EGLNa,63) (UGA,18) (GSAT,18) (UCb,10) (EGLNb,12) (EGLNc,12) (PTGNc,12) (OSUb,10) (DRPAb,13) (DRPAc,13) (VZ,23) (OSUa,61) (DRPAa,64) (VONAc,15) (PTGNb,12) (CMCTc,25) (PTGNa,63) (CMCTa,76) (VZc,23) (GSATc,18) (ATTc,25) (TWCc,25) (VONAa,66) (ATTa,77) (TWCa,76) (UGAc,18) (VZa,74) (GSATa,69) (UGAa,127)
CMCTc:(CMCTc,0) (ATTc,1) (TWCc,0) (VONAc,1) (UGAc,4) (GSATc,4) (VZc,9) (UCb,13) (GTb,13) (OSUb,13) (EGLNb,15) (PTGNb,15) (DRPAb,16) (VONAb,18) (CMCTb,28) (VZb,26) (GSATb,21) (ATTb,28) (TWCb,28) (CMCT,31) (OSU,28) (UCc,27) (UGAb,21) (UC,28) (PTGN,30) (ATT,32) (TWC,31) (GTc,27) (OSUc,27) (GT,28) (VONA,32) (EGLN,30) (GTa,78) (DRPA,31) (UCa,78) (EGLNa,80) (UGA,82) (GSAT,40)
DRPA:(DRPA,0) (EGLN,1) (CMCT,12) (GT,-1) (ATT,13) (TWC,12) (UC,-1) (GTa,49) (OSU,-1) (UCa,49) (EGLNa,51) (VONA,4) (UGA,7) (GSAT,7) (PTGN,1) (OSUa,49) (DRPAa,52) (VZ,12) (PTGNa,51) (CMCTa,64) (VZb,7) (VONAa,54) (ATTa,64) (TWCa,64) (ATTb,9) (UCc,8) (VZa,62) (GSATa,57) (UGAa,57) (UGAb,17) (GSATb,17) (CMCTb,10) (GTc,8) (OSUc,8) (GTb,8) (TWCb,10) (VONAb,11) (UCb,8) (EGLNb,10) (EGLNc,10) (PTGNc,10) (OSUb,8) (DRPAb,11) (DRPAc,11) (VONAc,22) (PTGNb,19) (CMCTc,32)
DRPAa:(DRPAa,0) (EGLNa,1) (CMCTa,12) (GTa,-1) (ATTa,13) (TWCa,12) (UCa,-1) (GT,49) (UC,49) (EGLN,51) (OSUa,-1) (OSU,49) (DRPA,52) (VONAa,4) (UGAa,7) (GSATa,7) (PTGNa,1) (PTGN,51) (CMCT,62) (VZa,12) (VONA,54) (ATT,63) (TWC,62) (VZ,62) (GSAT,57) (UGA,57) (VZb,57) (ATTb,59) (UCc,58) (UGAb,67) (GSATb,67) (CMCTb,60) (GTc,58) (OSUc,58) (GTb,58) (TWCb,60) (VONAb,61) (UCb,58) (EGLNb,60) (EGLNc,60) (PTGNc,60) (OSUb,58) (DRPAb,61) (DRPAc,61)
DRPAb:(DRPAb,0) (EGLNb,1) (CMCTb,12) (GTb,-1) (ATTb,13) (TWCb,12) (UCb,-1) (OSUb,-1) (VONAb,4) (UGAb,7) (GSATb,7) (PTGNb,1) (VZb,12) (CMCT,17) (OSU,14) (UCc,13) (UC,14) (PTGN,16) (ATT,18) (TWC,17) (GTc,13) (OSUc,13) (GT,14) (VONA,18) (EGLN,16) (GTa,64) (DRPA,17) (UCa,64) (EGLNa,66) (UGA,21) (GSAT,21) (EGLNc,15) (PTGNc,15) (DRPAc,16) (VZ,26) (OSUa,64) (DRPAa,67) (VONAc,18) (CMCTc,28) (PTGNa,66) (CMCTa,79) (VZc,35) (GSATc,30) (ATTc,38) (TWCc,37) (VONAa,78) (ATTa,89) (TWCa,88)
DRPAc:(DRPAc,0) (EGLNc,1) (CMCTc,12) (GTc,-1) (ATTc,13) (TWCc,12) (UCc,-1) (OSUc,-1) (OSU,1) (GTb,-1) (VONAc,4) (UGAc,7) (GSATc,7) (UC,1) (PTGN,3) (UCb,-1) (EGLNb,1) (PTGNc,1) (GT,1) (VONA,6) (EGLN,3) (GTa,51) (DRPA,4) (UCa,51) (EGLNa,53) (OSUb,-1) (DRPAb,2) (VZc,12) (VZ,14) (GSAT,9) (CMCT,14) (OSUa,51) (DRPAa,54) (PTGNb,1) (CMCTb,12) (ATT,15) (VZb,9) (UGA,9) (TWC,14) (PTGNa,53) (CMCTa,66) (VONAb,4) (ATTb,11) (TWCb,12) (VONAa,56) (ATTa,66) (TWCa,66) (GSATb,7) (UGAb,7) (VZa,64) (GSATa,59) (UGAa,59)
EGLN:(EGLN,0) (GT,-2) (DRPA,1) (UC,-2) (GTa,48) (CMCT,11) (OSU,-2) (UCa,48) (EGLNa,50) (ATT,12) (TWC,11) (PTGN,0) (OSUa,48) (DRPAa,51) (VONA,3) (UGA,6) (GSAT,6) (PTGNa,50) (CMCTa,63) (VZ,11) (VONAa,53) (ATTa,63) (TWCa,63) (VZb,6) (VZa,61) (GSATa,56) (UGAa,56) (ATTb,8) (UCc,7) (UGAb,16) (GSATb,16) (CMCTb,9) (GTc,7) (OSUc,7) (GTb,7) (TWCb,9) (VONAb,10) (UCb,7) (EGLNb,9) (EGLNc,9) (PTGNc,9) (OSUb,7) (DRPAb,10) (DRPAc,10)
EGLNa:(EGLNa,0) (GTa,-2) (DRPAa,1) (UCa,-2) (GT,48) (CMCTa,13) (UC,48) (EGLN,50) (OSUa,-2) (OSU,48) (DRPA,51) (ATTa,13) (TWCa,13) (PTGNa,0) (PTGN,50) (CMCT,61) (VONAa,3) (UGAa,6) (GSATa,6) (VONA,53) (ATT,62) (TWC,61) (VZa,11) (VZ,61) (GSAT,56) (UGA,56) (VZb,56) (ATTb,58) (UCc,57) (UGAb,66) (GSATb,66) (CMCTb,59) (GTc,57) (OSUc,57) (GTb,57) (TWCb,59) (VONAb,60) (UCb,57) (EGLNb,59) (EGLNc,59) (PTGNc,59) (OSUb,57) (DRPAb,60) (DRPAc,60)
EGLNb:(EGLNb,0) (GTb,-2) (DRPAb,1) (UCb,-2) (CMCTb,13) (OSUb,-2) (ATTb,13) (TWCb,13) (PTGNb,0) (VONAb,3) (UGAb,6) (GSATb,6) (VZb,11) (CMCT,16) (OSU,13) (UCc,12) (UC,13) (PTGN,15) (ATT,17) (TWC,16) (GTc,12) (OSUc,12) (GT,13) (VONA,17) (EGLN,15) (GTa,63) (DRPA,16) (UCa,63) (EGLNa,65) (UGA,20) (GSAT,20) (EGLNc,14) (PTGNc,14) (DRPAc,15) (VZ,25) (OSUa,63) (DRPAa,66) (VONAc,17) (CMCTc,27) (PTGNa,65) (CMCTa,78)
EGLNc:(EGLNc,0) (GTc,-2) (DRPAc,1) (UCc,-2) (CMCTc,13) (OSUc,-2) (OSU,0) (GTb,-2) (ATTc,13) (TWCc,13) (UC,0) (PTGN,2) (UCb,-2) (EGLNb,0) (PTGNc,0) (GT,0) (VONA,5) (EGLN,2) (GTa,50) (DRPA,3) (UCa,50) (EGLNa,52) (OSUb,-2) (DRPAb,1) (VONAc,3) (UGAc,6) (GSATc,6) (VZ,13) (GSAT,8) (CMCT,13) (OSUa,50) (DRPAa,53) (PTGNb,0) (CMCTb,11) (VZc,11) (ATT,14) (VZb,8) (UGA,8) (TWC,13) (PTGNa,52) (CMCTa,65) (VONAb,3) (ATTb,10) (TWCb,11) (VONAa,55) (ATTa,65) (TWCa,65) (GSATb,6) (UGAb,6) (VZa,63) (GSATa,58) (UGAa,58)
GSAT:(GSAT,0) (VONA,-3) (UGA,0) (VZ,5) (ATT,6) (VZb,0) (CMCT,5) (TWC,5) (ATTb,2) (OSU,2) (UCc,1) (UC,2) (PTGN,4) (UGAb,7) (GSATb,7) (CMCTb,3) (GTc,1) (OSUc,1) (GTb,1) (GT,2) (EGLN,4) (GTa,52) (DRPA,5) (UCa,52) (EGLNa,54) (TWCb,3) (VONAb,4) (UCb,1) (EGLNb,3) (EGLNc,3) (PTGNc,3) (OSUb,1) (DRPAb,4) (DRPAc,4) (OSUa,52) (DRPAa,55) (VONAc,6) (PTGNb,3) (CMCTc,16) (PTGNa,54) (CMCTa,67) (VZc,14) (GSATc,9) (ATTc,16) (TWCc,16) (VONAa,57) (ATTa,67) (TWCa,67) (UGAc,9) (VZa,65) (GSATa,60) (UGAa,60)
GSATa:(GSATa,0) (VONAa,-3) (UGAa,0) (VZa,5) (ATTa,7) (CMCTa,8) (TWCa,8)
GSATb:(GSATb,0) (VONAb,-3) (UGAb,0) (VZb,5) (ATTb,7) (CMCT,10) (OSU,7) (UCc,6) (CMCTb,8) (TWCb,8) (UC,7) (PTGN,9) (ATT,11) (TWC,10) (GTc,6) (OSUc,6) (GTb,6) (GT,7) (VONA,11) (EGLN,9) (GTa,57) (DRPA,10) (UCa,57) (EGLNa,59) (UGA,14) (GSAT,14) (UCb,6) (EGLNb,8) (EGLNc,8) (PTGNc,8) (OSUb,6) (DRPAb,9) (DRPAc,9) (VZ,19) (OSUa,57) (DRPAa,60) (VONAc,11) (PTGNb,8) (CMCTc,21) (PTGNa,59) (CMCTa,72) (VZc,19) (GSATc,14) (ATTc,21) (TWCc,21) (VONAa,62) (ATTa,72) (TWCa,72) (UGAc,14) (VZa,70) (GSATa,65) (UGAa,65)
GSATc:(GSATc,0) (VONAc,-3) (UGAc,0) (VZc,5) (ATTc,7) (UCb,9) (CMCTc,8) (TWCc,8) (GTb,9) (OSUb,9) (EGLNb,11) (PTGNb,11) (DRPAb,12) (VONAb,14) (CMCTb,24) (VZb,22) (GSATb,17) (ATTb,24) (TWCb,24) (CMCT,27) (OSU,24) (UCc,23) (UGAb,17) (UC,24) (PTGN,26) (ATT,28) (TWC,27) (GTc,23) (OSUc,23) (GT,24) (VONA,28) (EGLN,26) (GTa,74) (DRPA,27) (UCa,74) (EGLNa,76) (UGA,31) (GSAT,31) (EGLNc,25) (PTGNc,25) (DRPAc,26) (VZ,36) (OSUa,74) (DRPAa,77) (PTGNa,76) (CMCTa,89)
GT:(GT,0) (UC,0) (EGLN,2) (GTa,50) (OSU,0) (DRPA,3) (UCa,50) (EGLNa,52) (PTGN,2) (CMCT,13) (OSUa,50) (DRPAa,53) (VONA,5) (ATT,14) (TWC,13) (PTGNa,52) (CMCTa,65) (VZ,13) (GSAT,8) (UGA,8) (VONAa,55) (ATTa,65) (TWCa,65) (VZb,8) (VZa,63) (GSATa,58) (UGAa,58) (ATTb,10) (UCc,9) (UGAb,18) (GSATb,18) (CMCTb,11) (GTc,9) (OSUc,9) (GTb,9) (TWCb,11) (VONAb,12) (UCb,9) (EGLNb,11) (EGLNc,11) (PTGNc,11) (OSUb,9) (DRPAb,12) (DRPAc,12)
GTa:(GTa,0) (UCa,0) (EGLNa,2) (GT,50) (UC,50) (EGLN,52) (OSUa,0) (DRPAa,3) (OSU,50) (DRPA,53) (PTGNa,2) (CMCTa,15) (PTGN,52) (CMCT,63) (VONAa,5) (ATTa,15) (TWCa,15) (VONA,55) (ATT,64) (TWC,63) (VZa,13) (GSATa,8) (UGAa,8) (VZ,63) (GSAT,58) (UGA,58) (VZb,58) (ATTb,60) (UCc,59) (UGAb,68) (GSATb,68) (CMCTb,61) (GTc,59) (OSUc,59) (GTb,59) (TWCb,61) (VONAb,62) (UCb,59) (EGLNb,61) (EGLNc,61) (PTGNc,61) (OSUb,59) (DRPAb,62) (DRPAc,62)
GTb:(GTb,0) (UCb,0) (EGLNb,2) (OSUb,0) (DRPAb,3) (PTGNb,2) (CMCTb,15) (VONAb,5) (ATTb,15) (TWCb,15) (VZb,13) (GSATb,8) (UGAb,8) (CMCT,18) (OSU,15) (UCc,14) (UC,15) (PTGN,17) (ATT,19) (TWC,18) (GTc,14) (OSUc,14) (GT,15) (VONA,19) (EGLN,17) (GTa,65) (DRPA,18) (UCa,65) (EGLNa,67) (UGA,22) (GSAT,22) (EGLNc,16) (PTGNc,16) (DRPAc,17) (VZ,27) (OSUa,65) (DRPAa,68) (VONAc,19) (CMCTc,29) (PTGNa,67) (CMCTa,80)
GTc:(GTc,0) (UCc,0) (EGLNc,2) (OSUc,0) (OSU,2) (GTb,0) (DRPAc,3) (UC,2) (PTGN,4) (UCb,0) (EGLNb,2) (PTGNc,2) (GT,2) (VONA,7) (EGLN,4) (GTa,52) (DRPA,5) (UCa,52) (EGLNa,54) (OSUb,0) (DRPAb,3) (CMCTc,15) (VONAc,5) (VZ,15) (GSAT,10) (CMCT,15) (OSUa,52) (DRPAa,55) (PTGNb,2) (CMCTb,13) (ATTc,15) (TWCc,15) (VZc,13) (GSATc,8) (ATT,16) (VZb,10) (UGA,10) (TWC,15) (PTGNa,54) (CMCTa,67) (VONAb,5) (ATTb,12) (TWCb,13) (UGAc,8) (VONAa,57) (ATTa,67) (TWCa,67) (GSATb,8) (UGAb,8) (VZa,65) (GSATa,60) (UGAa,60)
OSU:(OSU,0) (UC,0) (PTGN,2) (GT,0) (VONA,5) (EGLN,2) (GTa,50) (DRPA,3) (UCa,50) (EGLNa,52) (VZ,13) (GSAT,8) (CMCT,13) (OSUa,50) (DRPAa,53) (ATT,14) (VZb,8) (UGA,8) (TWC,13) (PTGNa,52) (CMCTa,65) (ATTb,10) (UCc,9) (VONAa,55) (ATTa,65) (TWCa,65) (UGAb,15) (GSATb,15) (CMCTb,11) (GTc,9) (OSUc,9) (GTb,9) (VZa,63) (GSATa,58) (UGAa,58) (TWCb,11) (VONAb,12) (UCb,9) (EGLNb,11) (EGLNc,11) (PTGNc,11) (OSUb,9) (DRPAb,12) (DRPAc,12) (VONAc,14) (PTGNb,11) (CMCTc,24) (VZc,22) (GSATc,17) (ATTc,25) (TWCc,24)
OSUa:(OSUa,0) (UCa,0) (PTGNa,2) (GTa,0) (VONAa,5) (EGLNa,2) (GT,50) (UC,50) (EGLN,52) (DRPAa,3) (OSU,50) (DRPA,53) (VZa,13) (GSATa,8) (CMCTa,15) (PTGN,52) (CMCT,63) (ATTa,15) (UGAa,8) (TWCa,15) (VONA,55) (ATT,64) (TWC,63) (VZ,63) (GSAT,58) (UGA,58) (VZb,58) (ATTb,60) (UCc,59) (UGAb,68) (GSATb,68) (CMCTb,61) (GTc,59) (OSUc,59) (GTb,59) (TWCb,61) (VONAb,62) (UCb,59) (EGLNb,61) (EGLNc,61) (PTGNc,61) (OSUb,59) (DRPAb,62) (DRPAc,62)
OSUb:(OSUb,0) (UCb,0) (PTGNb,2) (GTb,0) (VONAb,5) (EGLNb,2) (DRPAb,3) (VZb,13) (GSATb,8) (CMCTb,15) (ATTb,15) (CMCT,18) (OSU,15) (UCc,14) (UGAb,8) (TWCb,15) (UC,15) (PTGN,17) (ATT,19) (TWC,18) (GTc,14) (OSUc,14) (GT,15) (VONA,19) (EGLN,17) (GTa,65) (DRPA,18) (UCa,65) (EGLNa,67) (UGA,22) (GSAT,22) (EGLNc,16) (PTGNc,16) (DRPAc,17) (VZ,27) (OSUa,65) (DRPAa,68) (VONAc,19) (CMCTc,29) (PTGNa,67) (CMCTa,80) (VZc,27) (GSATc,22) (ATTc,29) (TWCc,29) (VONAa,70) (ATTa,81) (TWCa,80) (UGAc,22) (VZa,78) (GSATa,73) (UGAa,131)
OSUc:(OSUc,0) (UCc,0) (PTGNc,2) (GTc,0) (OSU,2) (GTb,0) (VONAc,5) (UC,2) (PTGN,4) (UCb,0) (EGLNb,2) (EGLNc,2) (GT,2) (VONA,7) (EGLN,4) (GTa,52) (DRPA,5) (UCa,52) (EGLNa,54) (OSUb,0) (DRPAb,3) (DRPAc,3) (VZc,13) (GSATc,8) (VZ,15) (GSAT,10) (CMCT,15) (OSUa,52) (DRPAa,55) (PTGNb,2) (CMCTb,13) (CMCTc,15) (ATTc,15) (UGAc,8) (ATT,16) (VZb,10) (UGA,10) (TWC,15) (PTGNa,54) (CMCTa,67) (VONAb,5) (ATTb,12) (TWCb,13) (TWCc,15) (VONAa,57) (ATTa,67) (TWCa,67) (GSATb,8) (UGAb,8) (VZa,65) (GSATa,60) (UGAa,60)
PTGN:(PTGN,0) (OSU,-1) (VONA,3) (UC,-1) (VZ,11) (GSAT,6) (GT,-1) (EGLN,1) (GTa,49) (DRPA,2) (UCa,49) (EGLNa,51) (ATT,12) (VZb,6) (UGA,6) (CMCT,11) (OSUa,49) (DRPAa,52) (ATTb,8) (UCc,7) (TWC,11) (PTGNa,51) (CMCTa,64) (UGAb,13) (GSATb,13) (CMCTb,9) (GTc,7) (OSUc,7) (GTb,7) (VONAa,54) (ATTa,64) (TWCa,64) (TWCb,9) (VONAb,10) (UCb,7) (EGLNb,9) (EGLNc,9) (PTGNc,9) (OSUb,7) (DRPAb,10) (DRPAc,10) (VZa,62) (GSATa,57) (UGAa,57) (VONAc,12) (PTGNb,9) (CMCTc,22) (VZc,20) (GSATc,15) (ATTc,22) (TWCc,22) (UGAc,15)
PTGNa:(PTGNa,0) (OSUa,-1) (VONAa,3) (UCa,-1) (VZa,11) (GSATa,6) (GTa,-1) (EGLNa,1) (GT,49) (UC,49) (EGLN,51) (DRPAa,2) (OSU,49) (DRPA,52) (ATTa,13) (UGAa,6) (CMCTa,14) (PTGN,51) (CMCT,62) (TWCa,14) (VONA,54) (ATT,63) (TWC,62) (VZ,62) (GSAT,57) (UGA,57) (VZb,57) (ATTb,59) (UCc,58) (UGAb,67) (GSATb,67) (CMCTb,60) (GTc,58) (OSUc,58) (GTb,58) (TWCb,60) (VONAb,61) (UCb,58) (EGLNb,60) (EGLNc,60) (PTGNc,60) (OSUb,58) (DRPAb,61) (DRPAc,61)
PTGNb:(PTGNb,0) (OSUb,-1) (VONAb,3) (UCb,-1) (VZb,11) (GSATb,6) (GTb,-1) (EGLNb,1) (DRPAb,2) (ATTb,13) (CMCT,16) (OSU,13) (UCc,12) (UGAb,6) (CMCTb,14) (UC,13) (PTGN,15) (ATT,17) (TWC,16) (GTc,12) (OSUc,12) (GT,13) (VONA,17) (EGLN,15) (GTa,63) (DRPA,16) (UCa,63) (EGLNa,65) (UGA,20) (GSAT,20) (TWCb,14) (EGLNc,14) (PTGNc,14) (DRPAc,15) (VZ,25) (OSUa,63) (DRPAa,66) (VONAc,17) (CMCTc,27) (PTGNa,65) (CMCTa,78) (VZc,25) (GSATc,20) (ATTc,27) (TWCc,27) (VONAa,68) (ATTa,78) (TWCa,78) (UGAc,20) (VZa,76) (GSATa,71) (UGAa,71)
PTGNc:(PTGNc,0) (OSUc,-1) (VONAc,3) (UCc,-1) (VZc,11) (GSATc,6) (GTc,-1) (OSU,1) (GTb,-1) (UC,1) (PTGN,3) (UCb,-1) (EGLNb,1) (EGLNc,1) (GT,1) (VONA,6) (EGLN,3) (GTa,51) (DRPA,4) (UCa,51) (EGLNa,53) (OSUb,-1) (DRPAb,2) (DRPAc,2) (ATTc,13) (UGAc,6) (VZ,14) (GSAT,9) (CMCT,14) (OSUa,51) (DRPAa,54) (PTGNb,1) (CMCTb,12) (CMCTc,14) (ATT,15) (VZb,9) (UGA,9) (TWC,14) (PTGNa,53) (CMCTa,66) (VONAb,4) (ATTb,11) (TWCb,12) (TWCc,14) (VONAa,56) (ATTa,66) (TWCa,66) (GSATb,7) (UGAb,7) (VZa,64) (GSATa,59) (UGAa,59)
TWC:(TWC,0) (CMCT,0) (VONA,1) (ATT,1) (VZ,9) (GSAT,4) (UGA,4) (VZb,4) (ATTb,6) (OSU,6) (UCc,5) (UC,6) (PTGN,8) (UGAb,11) (GSATb,11) (CMCTb,7) (GTc,5) (OSUc,5) (GTb,5) (GT,6) (EGLN,8) (GTa,56) (DRPA,9) (UCa,56) (EGLNa,58) (TWCb,7) (VONAb,8) (UCb,5) (EGLNb,7) (EGLNc,7) (PTGNc,7) (OSUb,5) (DRPAb,8) (DRPAc,8) (OSUa,56) (DRPAa,59) (VONAc,10) (PTGNb,7) (CMCTc,20) (PTGNa,58) (CMCTa,71) (VZc,18) (GSATc,13) (ATTc,20) (TWCc,20) (VONAa,61) (ATTa,72) (TWCa,71) (UGAc,13) (VZa,69) (GSATa,64) (UGAa,122)
TWCa:(TWCa,0) (CMCTa,0) (VONAa,1) (ATTa,1) (VZa,9) (GSATa,4) (UGAa,4)
TWCb:(TWCb,0) (CMCTb,0) (VONAb,1) (ATTb,1) (VZb,9) (GSATb,4) (UGAb,4) (CMCT,14) (OSU,11) (UCc,10) (UC,11) (PTGN,13) (ATT,15) (TWC,14) (GTc,10) (OSUc,10) (GTb,10) (GT,11) (VONA,15) (EGLN,13) (GTa,61) (DRPA,14) (UCa,61) (EGLNa,63) (UGA,18) (GSAT,18) (UCb,10) (EGLNb,12) (EGLNc,12) (PTGNc,12) (OSUb,10) (DRPAb,13) (DRPAc,13) (VZ,23) (OSUa,61) (DRPAa,64) (VONAc,15) (PTGNb,12) (CMCTc,25) (PTGNa,63) (CMCTa,76) (VZc,23) (GSATc,18) (ATTc,25) (TWCc,25) (VONAa,66) (ATTa,76) (TWCa,76) (UGAc,18) (VZa,74) (GSATa,69) (UGAa,69)
TWCc:(TWCc,0) (CMCTc,0) (VONAc,1) (ATTc,1) (VZc,9) (GSATc,4) (UGAc,4) (UCb,13) (GTb,13) (OSUb,13) (EGLNb,15) (PTGNb,15) (DRPAb,16) (VONAb,18) (CMCTb,28) (VZb,26) (GSATb,21) (ATTb,28) (TWCb,28) (CMCT,31) (OSU,28) (UCc,27) (UGAb,21) (UC,28) (PTGN,30) (ATT,32) (TWC,31) (GTc,27) (OSUc,27) (GT,28) (VONA,32) (EGLN,30) (GTa,78) (DRPA,31) (UCa,78) (EGLNa,80) (UGA,40) (GSAT,35) (EGLNc,29) (PTGNc,29) (DRPAc,30) (VZ,40) (OSUa,78) (DRPAa,81)
UC:(UC,0) (GT,0) (OSU,0) (EGLN,2) (GTa,50) (PTGN,2) (DRPA,3) (UCa,50) (EGLNa,52) (VONA,5) (CMCT,13) (OSUa,50) (DRPAa,53) (VZ,13) (GSAT,8) (ATT,14) (TWC,13) (PTGNa,52) (CMCTa,65) (VZb,8) (UGA,8) (VONAa,55) (ATTa,65) (TWCa,65) (ATTb,10) (UCc,9) (VZa,63) (GSATa,58) (UGAa,58) (UGAb,18) (GSATb,15) (CMCTb,11) (GTc,9) (OSUc,9) (GTb,9) (TWCb,11) (VONAb,12) (UCb,9) (EGLNb,11) (EGLNc,11) (PTGNc,11) (OSUb,9) (DRPAb,12) (DRPAc,12) (VONAc,14) (PTGNb,11) (CMCTc,24)
UCa:(UCa,0) (GTa,0) (OSUa,0) (EGLNa,2) (GT,50) (PTGNa,2) (UC,50) (EGLN,52) (DRPAa,3) (OSU,50) (DRPA,53) (VONAa,5) (CMCTa,15) (PTGN,52) (CMCT,63) (VZa,13) (GSATa,8) (ATTa,15) (TWCa,15) (VONA,55) (ATT,64) (TWC,63) (UGAa,8) (VZ,63) (GSAT,58) (UGA,58) (VZb,58) (ATTb,60) (UCc,59) (UGAb,68) (GSATb,68) (CMCTb,61) (GTc,59) (OSUc,59) (GTb,59) (TWCb,61) (VONAb,62) (UCb,59) (EGLNb,61) (EGLNc,61) (PTGNc,61) (OSUb,59) (DRPAb,62) (DRPAc,62)
UCb:(UCb,0) (GTb,0) (OSUb,0) (EGLNb,2) (PTGNb,2) (DRPAb,3) (VONAb,5) (CMCTb,15) (VZb,13) (GSATb,8) (ATTb,15) (TWCb,15) (CMCT,18) (OSU,15) (UCc,14) (UGAb,8) (UC,15) (PTGN,17) (ATT,19) (TWC,18) (GTc,14) (OSUc,14) (GT,15) (VONA,19) (EGLN,17) (GTa,65) (DRPA,18) (UCa,65) (EGLNa,67) (UGA,22) (GSAT,22) (EGLNc,16) (PTGNc,16) (DRPAc,17) (VZ,27) (OSUa,65) (DRPAa,68) (VONAc,19) (CMCTc,29) (PTGNa,67) (CMCTa,80) (VZc,27) (GSATc,22) (ATTc,30) (TWCc,29) (VONAa,70) (ATTa,81) (TWCa,80)
UCc:(UCc,0) (GTc,0) (OSUc,0) (OSU,2) (GTb,0) (UC,2) (PTGN,4) (UCb,0) (EGLNb,2) (EGLNc,2) (PTGNc,2) (GT,2) (VONA,7) (EGLN,4) (GTa,52) (DRPA,5) (UCa,52) (EGLNa,54) (OSUb,0) (DRPAb,3) (DRPAc,3) (VONAc,5) (VZ,15) (GSAT,10) (CMCT,15) (OSUa,52) (DRPAa,55) (PTGNb,2) (CMCTb,13) (CMCTc,15) (VZc,13) (GSATc,8) (ATT,16) (VZb,10) (UGA,10) (TWC,15) (PTGNa,54) (CMCTa,67) (VONAb,5) (ATTb,12) (TWCb,13) (ATTc,15) (TWCc,15) (UGAc,8) (VONAa,57) (ATTa,67) (TWCa,67) (GSATb,8) (UGAb,8) (VZa,65) (GSATa,60) (UGAa,60)
UGA:(UGA,0) (ATT,50) (GSAT,50) (CMCT,51) (VONA,47) (TWC,51) (VZ,55) (VZb,50) (ATTb,52) (OSU,52) (UCc,51) (UC,52) (PTGN,54) (UGAb,57) (GSATb,57) (CMCTb,53) (GTc,51) (OSUc,51) (GTb,51) (GT,52) (EGLN,54) (GTa,102) (DRPA,55) (UCa,102) (EGLNa,104) (TWCb,53) (VONAb,54) (UCb,51) (EGLNb,53) (EGLNc,53) (PTGNc,53) (OSUb,51) (DRPAb,54) (DRPAc,54) (OSUa,102) (DRPAa,105) (VONAc,56) (PTGNb,53) (CMCTc,66) (PTGNa,104) (CMCTa,117) (VZc,64) (GSATc,59) (ATTc,66) (TWCc,66) (VONAa,107) (ATTa,117) (TWCa,117) (UGAc,59) (VZa,115) (GSATa,110) (UGAa,110)
UGAa:(UGAa,0) (ATTa,50) (GSATa,50) (CMCTa,51) (VONAa,47) (TWCa,51) (VZa,55)
UGAb:(UGAb,0) (ATTb,50) (GSATb,50) (CMCTb,51) (VONAb,47) (TWCb,51) (VZb,55) (CMCT,60) (OSU,57) (UCc,56) (UC,57) (PTGN,59) (ATT,61) (TWC,60) (GTc,56) (OSUc,56) (GTb,56) (GT,57) (VONA,61) (EGLN,59) (GTa,107) (DRPA,60) (UCa,107) (EGLNa,109) (UGA,64) (GSAT,64) (UCb,56) (EGLNb,58) (EGLNc,58) (PTGNc,58) (OSUb,56) (DRPAb,59) (DRPAc,59) (VZ,69) (OSUa,107) (DRPAa,110) (VONAc,61) (PTGNb,58) (CMCTc,71) (PTGNa,109) (CMCTa,122) (VZc,69) (GSATc,64) (ATTc,71) (TWCc,71) (VONAa,112) (ATTa,122) (TWCa,122) (UGAc,64) (VZa,120) (GSATa,115) (UGAa,115)
UGAc:(UGAc,0) (ATTc,50) (GSATc,50) (CMCTc,51) (VONAc,47) (TWCc,51) (VZc,55) (UCb,59) (GTb,59) (OSUb,59) (EGLNb,61) (PTGNb,61) (DRPAb,62) (VONAb,64) (CMCTb,74) (VZb,72) (GSATb,67) (ATTb,74) (TWCb,74) (CMCT,77) (OSU,74) (UCc,73) (UGAb,67) (UC,74) (PTGN,76) (ATT,78) (TWC,77) (GTc,73) (OSUc,73) (GT,74) (VONA,78) (EGLN,76) (GTa,124) (DRPA,77) (UCa,124) (EGLNa,126) (UGA,81) (GSAT,81) (EGLNc,75) (PTGNc,75) (DRPAc,76) (VZ,86) (OSUa,124) (DRPAa,127) (PTGNa,126) (CMCTa,139)
VONA:(VONA,0) (VZ,8) (GSAT,3) (ATT,9) (VZb,3) (UGA,3) (CMCT,8) (ATTb,5) (OSU,5) (UCc,4) (TWC,8) (UC,5) (PTGN,7) (UGAb,10) (GSATb,10) (CMCTb,6) (GTc,4) (OSUc,4) (GTb,4) (GT,5) (EGLN,7) (GTa,55) (DRPA,8) (UCa,55) (EGLNa,57) (TWCb,6) (VONAb,7) (UCb,4) (EGLNb,6) (EGLNc,6) (PTGNc,6) (OSUb,4) (DRPAb,7) (DRPAc,7) (OSUa,55) (DRPAa,58) (VONAc,9) (PTGNb,6) (CMCTc,19) (PTGNa,57) (CMCTa,70) (VZc,17) (GSATc,12) (ATTc,19) (TWCc,19) (VONAa,60) (ATTa,70) (TWCa,70) (UGAc,12) (VZa,68) (GSATa,63) (UGAa,63)
VONAa:(VONAa,0) (VZa,8) (GSATa,3) (ATTa,10) (UGAa,3) (CMCTa,11) (TWCa,11)
VONAb:(VONAb,0) (VZb,8) (GSATb,3) (ATTb,10) (CMCT,13) (OSU,10) (UCc,9) (UGAb,3) (UC,10) (PTGN,12) (ATT,14) (TWC,13) (CMCTb,11) (GTc,9) (OSUc,9) (GTb,9) (GT,10) (VONA,14) (EGLN,12) (GTa,60) (DRPA,13) (UCa,60) (EGLNa,62) (UGA,17) (GSAT,17) (TWCb,11) (UCb,9) (EGLNb,11) (EGLNc,11) (PTGNc,11) (OSUb,9) (DRPAb,12) (DRPAc,12) (VZ,22) (OSUa,60) (DRPAa,63) (VONAc,14) (PTGNb,11) (CMCTc,24) (PTGNa,62) (CMCTa,75) (VZc,22) (GSATc,17) (ATTc,24) (TWCc,24) (VONAa,65) (ATTa,75) (TWCa,75) (UGAc,17) (VZa,73) (GSATa,68) (UGAa,68)
VONAc:(VONAc,0) (VZc,8) (GSATc,3) (ATTc,10) (UCb,12) (UGAc,3) (GTb,12) (OSUb,12) (CMCTc,11) (EGLNb,14) (PTGNb,14) (DRPAb,15) (TWCc,11) (VONAb,17) (CMCTb,27) (VZb,25) (GSATb,20) (ATTb,27) (TWCb,27) (CMCT,30) (OSU,27) (UCc,26) (UGAb,20) (UC,27) (PTGN,29) (ATT,31) (TWC,30) (GTc,26) (OSUc,26) (GT,27) (VONA,31) (EGLN,29) (GTa,77) (DRPA,30) (UCa,77) (EGLNa,79) (UGA,34) (GSAT,34) (EGLNc,28) (PTGNc,28) (DRPAc,29) (VZ,39) (OSUa,77) (DRPAa,80) (PTGNa,79) (CMCTa,92)
VZ:(VZ,0) (ATT,1) (VZb,-5) (UGA,4) (GSAT,4) (CMCT,0) (ATTb,-3) (OSU,-3) (UCc,-4) (TWC,0) (VONA,1) (UC,-3) (PTGN,-1) (UGAb,2) (GSATb,2) (CMCTb,-2) (GTc,-4) (OSUc,-4) (GTb,-4) (GT,-3) (EGLN,-1) (GTa,47) (DRPA,0) (UCa,47) (EGLNa,49) (TWCb,-2) (VONAb,-1) (UCb,-4) (EGLNb,-2) (EGLNc,-2) (PTGNc,-2) (OSUb,-4) (DRPAb,-1) (DRPAc,-1) (OSUa,47) (DRPAa,50) (VONAc,1) (PTGNb,-2) (CMCTc,11) (PTGNa,49) (CMCTa,62) (VZc,9) (GSATc,4) (ATTc,11) (TWCc,11) (VONAa,52) (ATTa,62) (TWCa,62) (UGAc,4) (VZa,60) (GSATa,55) (UGAa,55)
VZa:(VZa,0) (ATTa,2) (UGAa,7) (GSATa,7) (CMCTa,3) (TWCa,3) (VONAa,4)
VZb:(VZb,0) (ATTb,2) (CMCT,5) (OSU,2) (UCc,1) (UC,2) (PTGN,4) (ATT,6) (TWC,5) (UGAb,7) (GSATb,7) (CMCTb,3) (GTc,1) (OSUc,1) (GTb,1) (GT,2) (VONA,6) (EGLN,4) (GTa,52) (DRPA,5) (UCa,52) (EGLNa,54) (UGA,9) (GSAT,9) (TWCb,3) (VONAb,4) (UCb,1) (EGLNb,3) (EGLNc,3) (PTGNc,3) (OSUb,1) (DRPAb,4) (DRPAc,4) (VZ,14) (OSUa,52) (DRPAa,55) (VONAc,6) (PTGNb,3) (CMCTc,16) (PTGNa,54) (CMCTa,67) (VZc,14) (GSATc,9) (ATTc,16) (TWCc,16) (VONAa,57) (ATTa,67) (TWCa,67) (UGAc,9) (VZa,65) (GSATa,60) (UGAa,60)
VZc:(VZc,0) (ATTc,2) (UCb,4) (GTb,4) (OSUb,4) (UGAc,7) (GSATc,7) (CMCTc,3) (EGLNb,6) (PTGNb,6) (DRPAb,7) (TWCc,3) (VONAc,4) (VONAb,9) (CMCTb,19) (VZb,17) (GSATb,12) (ATTb,19) (TWCb,19) (CMCT,22) (OSU,19) (UCc,18) (UGAb,12) (UC,19) (PTGN,21) (ATT,23) (TWC,22) (GTc,18) (OSUc,18) (GT,19) (VONA,23) (EGLN,21) (GTa,69) (DRPA,22) (UCa,69) (EGLNa,71) (UGA,26) (GSAT,26) (EGLNc,20) (PTGNc,20) (DRPAc,21) (VZ,31) (OSUa,69) (DRPAa,72) (PTGNa,71) (CMCTa,84) (VONAa,74) (ATTa,85) (TWCa,84)
-----
ATT:(ATT,0) (UGA,5) (GSAT,5) (CMCT,1) (TWC,1) (VONA,2) (VZ,10) (VZb,5) (ATTb,7) (OSU,7) (UCc,6) (UC,7) (PTGN,9) (UGAb,12) (GSATb,12) (CMCTb,8) (GTc,6) (OSUc,6) (GTb,6) (GT,7) (EGLN,9) (GTa,57) (DRPA,10) (UCa,57) (EGLNa,59) (TWCb,8) (VONAb,9) (UCb,6) (EGLNb,8) (EGLNc,8) (PTGNc,8) (OSUb,6) (DRPAb,9) (DRPAc,9) (OSUa,57) (DRPAa,60) (VONAc,11) (PTGNb,8) (CMCTc,21) (PTGNa,59) (CMCTa,72) (VZc,19) (GSATc,14) (ATTc,21) (TWCc,21) (VONAa,62) (ATTa,72) (TWCa,72) (UGAc,14) (VZa,70) (GSATa,65) (UGAa,65)
ATTa:(ATTa,0) (UGAa,5) (GSATa,5) (CMCTa,1) (TWCa,1) (VONAa,2) (VZa,10)
ATTb:(ATTb,0) (UGAb,5) (GSATb,5) (CMCTb,1) (TWCb,1) (VONAb,2) (VZb,10) (CMCT,15) (OSU,12) (UCc,11) (UC,12) (PTGN,14) (ATT,16) (TWC,15) (GTc,11) (OSUc,11) (GTb,11) (GT,12) (VONA,16) (EGLN,14) (GTa,62) (DRPA,15) (UCa,62) (EGLNa,64) (UGA,19) (GSAT,19) (UCb,11) (EGLNb,13) (EGLNc,13) (PTGNc,13) (OSUb,11) (DRPAb,14) (DRPAc,14) (VZ,24) (OSUa,62) (DRPAa,65) (VONAc,16) (PTGNb,13) (CMCTc,26) (PTGNa,64) (CMCTa,77) (VZc,24) (GSATc,19) (ATTc,26) (TWCc,26) (VONAa,67) (ATTa,77) (TWCa,77) (UGAc,19) (VZa,75) (GSATa,70) (UGAa,70)
ATTc:(ATTc,0) (UGAc,5) (GSATc,5) (CMCTc,1) (TWCc,1) (VONAc,2) (VZc,10) (UCb,14) (GTb,14) (OSUb,14) (EGLNb,16) (PTGNb,16) (DRPAb,17) (VONAb,19) (CMCTb,29) (VZb,27) (GSATb,22) (ATTb,29) (TWCb,29) (CMCT,32) (OSU,29) (UCc,28) (UGAb,22) (UC,29) (PTGN,31) (ATT,33) (TWC,32) (GTc,28) (OSUc,28) (GT,29) (VONA,33) (EGLN,31) (GTa,79) (DRPA,32) (UCa,79) (EGLNa,81) (UGA,36) (GSAT,36) (EGLNc,30) (PTGNc,30) (DRPAc,31) (VZ,41) (OSUa,79) (DRPAa,82) (PTGNa,81) (CMCTa,94)
CMCT:(CMCT,0) (ATT,1) (TWC,0) (VONA,1) (UGA,4) (GSAT,4) (VZ,9) (VZb,4) (ATTb,6) (OSU,6) (UCc,5) (UC,6) (PTGN,8) (UGAb,11) (GSATb,11) (CMCTb,7) (GTc,5) (OSUc,5) (GTb,5) (GT,6) (EGLN,8) (GTa,56) (DRPA,9) (UCa,56) (EGLNa,58) (TWCb,7) (VONAb,8) (UCb,5) (EGLNb,7) (EGLNc,7) (PTGNc,7) (OSUb,5) (DRPAb,8) (DRPAc,8) (OSUa,56) (DRPAa,59) (VONAc,10) (PTGNb,7) (CMCTc,20) (PTGNa,58) (CMCTa,71) (VZc,18) (GSATc,13) (ATTc,20) (TWCc,20) (VONAa,61) (ATTa,72) (TWCa,71) (UGAc,13) (VZa,69) (GSATa,64) (UGAa,122)
CMCTa:(CMCTa,0) (ATTa,1) (TWCa,0) (VONAa,1) (UGAa,4) (GSATa,4) (VZa,9)
CMCTb:(CMCTb,0) (ATTb,1) (TWCb,0) (VONAb,1) (UGAb,4) (GSATb,4) (VZb,9) (CMCT,14) (OSU,11) (UCc,10) (UC,11) (PTGN,13) (ATT,15) (TWC,14) (GTc,10) (OSUc,10) (GTb,10) (GT,11) (VONA,15) (EGLN,13) (GTa,61) (DRPA,14) (UCa,61) (EGLNa,63) (UGA,18) (GSAT,18) (UCb,10) (EGLNb,12) (EGLNc,12) (PTGNc,12) (OSUb,10) (DRPAb,13) (DRPAc,13) (VZ,23) (OSUa,61) (DRPAa,64) (VONAc,15) (PTGNb,12) (CMCTc,25) (PTGNa,63) (CMCTa,76) (VZc,23) (GSATc,18) (ATTc,25) (TWCc,25) (VONAa,66) (ATTa,76) (TWCa,76) (UGAc,18) (VZa,74) (GSATa,69) (UGAa,69)
CMCTc:(CMCTc,0) (ATTc,1) (TWCc,0) (VONAc,1) (UGAc,4) (GSATc,4) (VZc,9) (UCb,13) (GTb,13) (OSUb,13) (EGLNb,15) (PTGNb,15) (DRPAb,16) (VONAb,18) (CMCTb,28) (VZb,26) (GSATb,21) (ATTb,28) (TWCb,28) (CMCT,31) (OSU,28) (UCc,27) (UGAb,21) (UC,28) (PTGN,30) (ATT,32) (TWC,31) (GTc,27) (OSUc,27) (GT,28) (VONA,32) (EGLN,30) (GTa,78) (DRPA,31) (UCa,78) (EGLNa,80) (UGA,40) (GSAT,35) (EGLNc,29) (PTGNc,29) (DRPAc,30) (VZ,40) (OSUa,78) (DRPAa,81)
DRPA:(DRPA,0) (EGLN,1) (CMCT,12) (GT,-1) (ATT,13) (TWC,12) (UC,-1) (GTa,49) (OSU,-1) (UCa,49) (EGLNa,51) (VONA,4) (UGA,7) (GSAT,7) (PTGN,1) (OSUa,49) (DRPAa,52) (VZ,12) (PTGNa,51) (CMCTa,64) (VZb,7) (VONAa,54) (ATTa,64) (TWCa,64) (ATTb,9) (UCc,8) (VZa,62) (GSATa,57) (UGAa,57) (UGAb,17) (GSATb,14) (CMCTb,10) (GTc,8) (OSUc,8) (GTb,8) (TWCb,10) (VONAb,11) (UCb,8) (EGLNb,10) (EGLNc,10) (PTGNc,10) (OSUb,8) (DRPAb,11) (DRPAc,11) (VONAc,13) (PTGNb,10) (CMCTc,23) (VZc,30) (GSATc,25) (ATTc,33) (TWCc,32)
DRPAa:(DRPAa,0) (EGLNa,1) (CMCTa,12) (GTa,-1) (ATTa,13) (TWCa,12) (UCa,-1) (GT,49) (UC,49) (EGLN,51) (OSUa,-1) (OSU,49) (DRPA,52) (VONAa,4) (UGAa,7) (GSATa,7) (PTGNa,1) (PTGN,51) (CMCT,62) (VZa,12) (VONA,54) (ATT,63) (TWC,62) (VZ,62) (GSAT,57) (UGA,57) (VZb,57) (ATTb,59) (UCc,58) (UGAb,67) (GSATb,64) (CMCTb,60) (GTc,58) (OSUc,58) (GTb,58) (TWCb,60) (VONAb,61) (UCb,58) (EGLNb,60) (EGLNc,60) (PTGNc,60) (OSUb,58) (DRPAb,61) (DRPAc,61) (VONAc,63) (PTGNb,60) (CMCTc,73)
DRPAb:(DRPAb,0) (EGLNb,1) (CMCTb,12) (GTb,-1) (ATTb,13) (TWCb,12) (UCb,-1) (OSUb,-1) (VONAb,4) (UGAb,7) (GSATb,7) (PTGNb,1) (VZb,12) (CMCT,17) (OSU,14) (UCc,13) (UC,14) (PTGN,16) (ATT,18) (TWC,17) (GTc,13) (OSUc,13) (GT,14) (VONA,18) (EGLN,16) (GTa,64) (DRPA,17) (UCa,64) (EGLNa,66) (UGA,21) (GSAT,21) (EGLNc,15) (PTGNc,15) (DRPAc,16) (VZ,26) (OSUa,64) (DRPAa,67) (VONAc,18) (CMCTc,28) (PTGNa,66) (CMCTa,79) (VZc,26) (GSATc,21) (ATTc,29) (TWCc,28) (VONAa,69) (ATTa,80) (TWCa,79) (UGAc,30) (VZa,86) (GSATa,81) (UGAa,139)
DRPAc:(DRPAc,0) (EGLNc,1) (CMCTc,12) (GTc,-1) (ATTc,13) (TWCc,12) (UCc,-1) (OSUc,-1) (OSU,1) (GTb,-1) (VONAc,4) (UGAc,7) (GSATc,7) (UC,1) (PTGN,3) (UCb,-1) (EGLNb,1) (PTGNc,1) (GT,1) (VONA,6) (EGLN,3) (GTa,51) (DRPA,4) (UCa,51) (EGLNa,53) (OSUb,-1) (DRPAb,2) (VZc,12) (VZ,14) (GSAT,9) (CMCT,14) (OSUa,51) (DRPAa,54) (PTGNb,1) (CMCTb,12) (ATT,15) (VZb,9) (UGA,9) (TWC,14) (PTGNa,53) (CMCTa,66) (VONAb,4) (ATTb,11) (TWCb,12) (VONAa,56) (ATTa,66) (TWCa,66) (GSATb,7) (UGAb,7) (VZa,64) (GSATa,59) (UGAa,59)
EGLN:(EGLN,0) (GT,-2) (DRPA,1) (UC,-2) (GTa,48) (CMCT,11) (OSU,-2) (UCa,48) (EGLNa,50) (ATT,12) (TWC,11) (PTGN,0) (OSUa,48) (DRPAa,51) (VONA,3) (UGA,6) (GSAT,6) (PTGNa,50) (CMCTa,63) (VZ,11) (VONAa,53) (ATTa,63) (TWCa,63) (VZb,6) (VZa,61) (GSATa,56) (UGAa,56) (ATTb,8) (UCc,7) (UGAb,16) (GSATb,13) (CMCTb,9) (GTc,7) (OSUc,7) (GTb,7) (TWCb,9) (VONAb,10) (UCb,7) (EGLNb,9) (EGLNc,9) (PTGNc,9) (OSUb,7) (DRPAb,10) (DRPAc,10) (VONAc,12) (PTGNb,9) (CMCTc,22)
EGLNa:(EGLNa,0) (GTa,-2) (DRPAa,1) (UCa,-2) (GT,48) (CMCTa,13) (UC,48) (EGLN,50) (OSUa,-2) (OSU,48) (DRPA,51) (ATTa,13) (TWCa,13) (PTGNa,0) (PTGN,50) (CMCT,61) (VONAa,3) (UGAa,6) (GSATa,6) (VONA,53) (ATT,62) (TWC,61) (VZa,11) (VZ,61) (GSAT,56) (UGA,56) (VZb,56) (ATTb,58) (UCc,57) (UGAb,66) (GSATb,63) (CMCTb,59) (GTc,57) (OSUc,57) (GTb,57) (TWCb,59) (VONAb,60) (UCb,57) (EGLNb,59) (EGLNc,59) (PTGNc,59) (OSUb,57) (DRPAb,60) (DRPAc,60) (VONAc,62) (PTGNb,59) (CMCTc,72)
EGLNb:(EGLNb,0) (GTb,-2) (DRPAb,1) (UCb,-2) (CMCTb,13) (OSUb,-2) (ATTb,13) (TWCb,13) (PTGNb,0) (VONAb,3) (UGAb,6) (GSATb,6) (VZb,11) (CMCT,16) (OSU,13) (UCc,12) (UC,13) (PTGN,15) (ATT,17) (TWC,16) (GTc,12) (OSUc,12) (GT,13) (VONA,17) (EGLN,15) (GTa,63) (DRPA,16) (UCa,63) (EGLNa,65) (UGA,20) (GSAT,20) (EGLNc,14) (PTGNc,14) (DRPAc,15) (VZ,25) (OSUa,63) (DRPAa,66) (VONAc,17) (CMCTc,27) (PTGNa,65) (CMCTa,78) (VZc,25) (GSATc,20) (ATTc,28) (TWCc,27) (VONAa,68) (ATTa,79) (TWCa,78)
EGLNc:(EGLNc,0) (GTc,-2) (DRPAc,1) (UCc,-2) (CMCTc,13) (OSUc,-2) (OSU,0) (GTb,-2) (ATTc,13) (TWCc,13) (UC,0) (PTGN,2) (UCb,-2) (EGLNb,0) (PTGNc,0) (GT,0) (VONA,5) (EGLN,2) (GTa,50) (DRPA,3) (UCa,50) (EGLNa,52) (OSUb,-2) (DRPAb,1) (VONAc,3) (UGAc,6) (GSATc,6) (VZ,13) (GSAT,8) (CMCT,13) (OSUa,50) (DRPAa,53) (PTGNb,0) (CMCTb,11) (VZc,11) (ATT,14) (VZb,8) (UGA,8) (TWC,13) (PTGNa,52) (CMCTa,65) (VONAb,3) (ATTb,10) (TWCb,11) (VONAa,55) (ATTa,65) (TWCa,65) (GSATb,6) (UGAb,6) (VZa,63) (GSATa,58) (UGAa,58)
GSAT:(GSAT,0) (VONA,-3) (UGA,0) (VZ,5) (ATT,6) (VZb,0) (CMCT,5) (TWC,5) (ATTb,2) (OSU,2) (UCc,1) (UC,2) (PTGN,4) (UGAb,7) (GSATb,7) (CMCTb,3) (GTc,1) (OSUc,1) (GTb,1) (GT,2) (EGLN,4) (GTa,52) (DRPA,5) (UCa,52) (EGLNa,54) (TWCb,3) (VONAb,4) (UCb,1) (EGLNb,3) (EGLNc,3) (PTGNc,3) (OSUb,1) (DRPAb,4) (DRPAc,4) (OSUa,52) (DRPAa,55) (VONAc,6) (PTGNb,3) (CMCTc,16) (PTGNa,54) (CMCTa,67) (VZc,14) (GSATc,9) (ATTc,16) (TWCc,16) (VONAa,57) (ATTa,67) (TWCa,67) (UGAc,9) (VZa,65) (GSATa,60) (UGAa,60)
GSATa:(GSATa,0) (VONAa,-3) (UGAa,0) (VZa,5) (ATTa,7) (CMCTa,8) (TWCa,8)
GSATb:(GSATb,0) (VONAb,-3) (UGAb,0) (VZb,5) (ATTb,7) (CMCT,10) (OSU,7) (UCc,6) (CMCTb,8) (TWCb,8) (UC,7) (PTGN,9) (ATT,11) (TWC,10) (GTc,6) (OSUc,6) (GTb,6) (GT,7) (VONA,11) (EGLN,9) (GTa,57) (DRPA,10) (UCa,57) (EGLNa,59) (UGA,14) (GSAT,14) (UCb,6) (EGLNb,8) (EGLNc,8) (PTGNc,8) (OSUb,6) (DRPAb,9) (DRPAc,9) (VZ,19) (OSUa,57) (DRPAa,60) (VONAc,11) (PTGNb,8) (CMCTc,21) (PTGNa,59) (CMCTa,72) (VZc,19) (GSATc,14) (ATTc,21) (TWCc,21) (VONAa,62) (ATTa,72) (TWCa,72) (UGAc,14) (VZa,70) (GSATa,65) (UGAa,65)
GSATc:(GSATc,0) (VONAc,-3) (UGAc,0) (VZc,5) (ATTc,7) (UCb,9) (CMCTc,8) (TWCc,8) (GTb,9) (OSUb,9) (EGLNb,11) (PTGNb,11) (DRPAb,12) (VONAb,14) (CMCTb,24) (VZb,22) (GSATb,17) (ATTb,24) (TWCb,24) (CMCT,27) (OSU,24) (UCc,23) (UGAb,17) (UC,24) (PTGN,26) (ATT,28) (TWC,27) (GTc,23) (OSUc,23) (GT,24) (VONA,28) (EGLN,26) (GTa,74) (DRPA,27) (UCa,74) (EGLNa,76) (UGA,31) (GSAT,31) (EGLNc,25) (PTGNc,25) (DRPAc,26) (VZ,36) (OSUa,74) (DRPAa,77) (PTGNa,76) (CMCTa,89) (VONAa,79) (ATTa,90) (TWCa,89)
GT:(GT,0) (UC,0) (EGLN,2) (GTa,50) (OSU,0) (DRPA,3) (UCa,50) (EGLNa,52) (PTGN,2) (CMCT,13) (OSUa,50) (DRPAa,53) (VONA,5) (ATT,14) (TWC,13) (PTGNa,52) (CMCTa,65) (VZ,13) (GSAT,8) (UGA,8) (VONAa,55) (ATTa,65) (TWCa,65) (VZb,8) (VZa,63) (GSATa,58) (UGAa,58) (ATTb,10) (UCc,9) (UGAb,18) (GSATb,15) (CMCTb,11) (GTc,9) (OSUc,9) (GTb,9) (TWCb,11) (VONAb,12) (UCb,9) (EGLNb,11) (EGLNc,11) (PTGNc,11) (OSUb,9) (DRPAb,12) (DRPAc,12) (VONAc,14) (PTGNb,11) (CMCTc,24)
GTa:(GTa,0) (UCa,0) (EGLNa,2) (GT,50) (UC,50) (EGLN,52) (OSUa,0) (DRPAa,3) (OSU,50) (DRPA,53) (PTGNa,2) (CMCTa,15) (PTGN,52) (CMCT,63) (VONAa,5) (ATTa,15) (TWCa,15) (VONA,55) (ATT,64) (TWC,63) (VZa,13) (GSATa,8) (UGAa,8) (VZ,63) (GSAT,58) (UGA,58) (VZb,58) (ATTb,60) (UCc,59) (UGAb,68) (GSATb,65) (CMCTb,61) (GTc,59) (OSUc,59) (GTb,59) (TWCb,61) (VONAb,62) (UCb,59) (EGLNb,61) (EGLNc,61) (PTGNc,61) (OSUb,59) (DRPAb,62) (DRPAc,62) (VONAc,64) (PTGNb,61) (CMCTc,74)
GTb:(GTb,0) (UCb,0) (EGLNb,2) (OSUb,0) (DRPAb,3) (PTGNb,2) (CMCTb,15) (VONAb,5) (ATTb,15) (TWCb,15) (VZb,13) (GSATb,8) (UGAb,8) (CMCT,18) (OSU,15) (UCc,14) (UC,15) (PTGN,17) (ATT,19) (TWC,18) (GTc,14) (OSUc,14) (GT,15) (VONA,19) (EGLN,17) (GTa,65) (DRPA,18) (UCa,65) (EGLNa,67) (UGA,22) (GSAT,22) (EGLNc,16) (PTGNc,16) (DRPAc,17) (VZ,27) (OSUa,65) (DRPAa,68) (VONAc,19) (CMCTc,29) (PTGNa,67) (CMCTa,80) (VZc,27) (GSATc,22) (ATTc,30) (TWCc,29) (VONAa,70) (ATTa,81) (TWCa,80)
GTc:(GTc,0) (UCc,0) (EGLNc,2) (OSUc,0) (OSU,2) (GTb,0) (DRPAc,3) (UC,2) (PTGN,4) (UCb,0) (EGLNb,2) (PTGNc,2) (GT,2) (VONA,7) (EGLN,4) (GTa,52) (DRPA,5) (UCa,52) (EGLNa,54) (OSUb,0) (DRPAb,3) (CMCTc,15) (VONAc,5) (VZ,15) (GSAT,10) (CMCT,15) (OSUa,52) (DRPAa,55) (PTGNb,2) (CMCTb,13) (ATTc,15) (TWCc,15) (VZc,13) (GSATc,8) (ATT,16) (VZb,10) (UGA,10) (TWC,15) (PTGNa,54) (CMCTa,67) (VONAb,5) (ATTb,12) (TWCb,13) (UGAc,8) (VONAa,57) (ATTa,67) (TWCa,67) (GSATb,8) (UGAb,8) (VZa,65) (GSATa,60) (UGAa,60)
OSU:(OSU,0) (UC,0) (PTGN,2) (GT,0) (VONA,5) (EGLN,2) (GTa,50) (DRPA,3) (UCa,50) (EGLNa,52) (VZ,13) (GSAT,8) (CMCT,13) (OSUa,50) (DRPAa,53) (ATT,14) (VZb,8) (UGA,8) (TWC,13) (PTGNa,52) (CMCTa,65) (ATTb,10) (UCc,9) (VONAa,55) (ATTa,65) (TWCa,65) (UGAb,15) (GSATb,15) (CMCTb,11) (GTc,9) (OSUc,9) (GTb,9) (VZa,63) (GSATa,58) (UGAa,58) (TWCb,11) (VONAb,12) (UCb,9) (EGLNb,11) (EGLNc,11) (PTGNc,11) (OSUb,9) (DRPAb,12) (DRPAc,12) (VONAc,14) (PTGNb,11) (CMCTc,24) (VZc,22) (GSATc,17) (ATTc,24) (TWCc,24) (UGAc,17)
OSUa:(OSUa,0) (UCa,0) (PTGNa,2) (GTa,0) (VONAa,5) (EGLNa,2) (GT,50) (UC,50) (EGLN,52) (DRPAa,3) (OSU,50) (DRPA,53) (VZa,13) (GSATa,8) (CMCTa,15) (PTGN,52) (CMCT,63) (ATTa,15) (UGAa,8) (TWCa,15) (VONA,55) (ATT,64) (TWC,63) (VZ,63) (GSAT,58) (UGA,58) (VZb,58) (ATTb,60) (UCc,59) (UGAb,68) (GSATb,65) (CMCTb,61) (GTc,59) (OSUc,59) (GTb,59) (TWCb,61) (VONAb,62) (UCb,59) (EGLNb,61) (EGLNc,61) (PTGNc,61) (OSUb,59) (DRPAb,62) (DRPAc,62) (VONAc,64) (PTGNb,61) (CMCTc,74)
OSUb:(OSUb,0) (UCb,0) (PTGNb,2) (GTb,0) (VONAb,5) (EGLNb,2) (DRPAb,3) (VZb,13) (GSATb,8) (CMCTb,15) (ATTb,15) (CMCT,18) (OSU,15) (UCc,14) (UGAb,8) (TWCb,15) (UC,15) (PTGN,17) (ATT,19) (TWC,18) (GTc,14) (OSUc,14) (GT,15) (VONA,19) (EGLN,17) (GTa,65) (DRPA,18) (UCa,65) (EGLNa,67) (UGA,22) (GSAT,22) (EGLNc,16) (PTGNc,16) (DRPAc,17) (VZ,27) (OSUa,65) (DRPAa,68) (VONAc,19) (CMCTc,29) (PTGNa,67) (CMCTa,80) (VZc,27) (GSATc,22) (ATTc,29) (TWCc,29) (VONAa,70) (ATTa,80) (TWCa,80) (UGAc,22) (VZa,78) (GSATa,73) (UGAa,73)
OSUc:(OSUc,0) (UCc,0) (PTGNc,2) (GTc,0) (OSU,2) (GTb,0) (VONAc,5) (UC,2) (PTGN,4) (UCb,0) (EGLNb,2) (EGLNc,2) (GT,2) (VONA,7) (EGLN,4) (GTa,52) (DRPA,5) (UCa,52) (EGLNa,54) (OSUb,0) (DRPAb,3) (DRPAc,3) (VZc,13) (GSATc,8) (VZ,15) (GSAT,10) (CMCT,15) (OSUa,52) (DRPAa,55) (PTGNb,2) (CMCTb,13) (CMCTc,15) (ATTc,15) (UGAc,8) (ATT,16) (VZb,10) (UGA,10) (TWC,15) (PTGNa,54) (CMCTa,67) (VONAb,5) (ATTb,12) (TWCb,13) (TWCc,15) (VONAa,57) (ATTa,67) (TWCa,67) (GSATb,8) (UGAb,8) (VZa,65) (GSATa,60) (UGAa,60)
PTGN:(PTGN,0) (OSU,-1) (VONA,3) (UC,-1) (VZ,11) (GSAT,6) (GT,-1) (EGLN,1) (GTa,49) (DRPA,2) (UCa,49) (EGLNa,51) (ATT,12) (VZb,6) (UGA,6) (CMCT,11) (OSUa,49) (DRPAa,52) (ATTb,8) (UCc,7) (TWC,11) (PTGNa,51) (CMCTa,64) (UGAb,13) (GSATb,13) (CMCTb,9) (GTc,7) (OSUc,7) (GTb,7) (VONAa,54) (ATTa,64) (TWCa,64) (TWCb,9) (VONAb,10) (UCb,7) (EGLNb,9) (EGLNc,9) (PTGNc,9) (OSUb,7) (DRPAb,10) (DRPAc,10) (VZa,62) (GSATa,57) (UGAa,57) (VONAc,12) (PTGNb,9) (CMCTc,22) (VZc,20) (GSATc,15) (ATTc,22) (TWCc,22) (UGAc,15)
PTGNa:(PTGNa,0) (OSUa,-1) (VONAa,3) (UCa,-1) (VZa,11) (GSATa,6) (GTa,-1) (EGLNa,1) (GT,49) (UC,49) (EGLN,51) (DRPAa,2) (OSU,49) (DRPA,52) (ATTa,13) (UGAa,6) (CMCTa,14) (PTGN,51) (CMCT,62) (TWCa,14) (VONA,54) (ATT,63) (TWC,62) (VZ,62) (GSAT,57) (UGA,57) (VZb,57) (ATTb,59) (UCc,58) (UGAb,67) (GSATb,64) (CMCTb,60) (GTc,58) (OSUc,58) (GTb,58) (TWCb,60) (VONAb,61) (UCb,58) (EGLNb,60) (EGLNc,60) (PTGNc,60) (OSUb,58) (DRPAb,61) (DRPAc,61) (VONAc,63) (PTGNb,60) (CMCTc,73)
PTGNb:(PTGNb,0) (OSUb,-1) (VONAb,3) (UCb,-1) (VZb,11) (GSATb,6) (GTb,-1) (EGLNb,1) (DRPAb,2) (ATTb,13) (CMCT,16) (OSU,13) (UCc,12) (UGAb,6) (CMCTb,14) (UC,13) (PTGN,15) (ATT,17) (TWC,16) (GTc,12) (OSUc,12) (GT,13) (VONA,17) (EGLN,15) (GTa,63) (DRPA,16) (UCa,63) (EGLNa,65) (UGA,20) (GSAT,20) (TWCb,14) (EGLNc,14) (PTGNc,14) (DRPAc,15) (VZ,25) (OSUa,63) (DRPAa,66) (VONAc,17) (CMCTc,27) (PTGNa,65) (CMCTa,78) (VZc,25) (GSATc,20) (ATTc,27) (TWCc,27) (VONAa,68) (ATTa,78) (TWCa,78) (UGAc,20) (VZa,76) (GSATa,71) (UGAa,71)
PTGNc:(PTGNc,0) (OSUc,-1) (VONAc,3) (UCc,-1) (VZc,11) (GSATc,6) (GTc,-1) (OSU,1) (GTb,-1) (UC,1) (PTGN,3) (UCb,-1) (EGLNb,1) (EGLNc,1) (GT,1) (VONA,6) (EGLN,3) (GTa,51) (DRPA,4) (UCa,51) (EGLNa,53) (OSUb,-1) (DRPAb,2) (DRPAc,2) (ATTc,13) (UGAc,6) (VZ,14) (GSAT,9) (CMCT,14) (OSUa,51) (DRPAa,54) (PTGNb,1) (CMCTb,12) (CMCTc,14) (ATT,15) (VZb,9) (UGA,9) (TWC,14) (PTGNa,53) (CMCTa,66) (VONAb,4) (ATTb,11) (TWCb,12) (TWCc,14) (VONAa,56) (ATTa,66) (TWCa,66) (GSATb,7) (UGAb,7) (VZa,64) (GSATa,59) (UGAa,59)
TWC:(TWC,0) (CMCT,0) (VONA,1) (ATT,1) (VZ,9) (GSAT,4) (UGA,4) (VZb,4) (ATTb,6) (OSU,6) (UCc,5) (UC,6) (PTGN,8) (UGAb,11) (GSATb,11) (CMCTb,7) (GTc,5) (OSUc,5) (GTb,5) (GT,6) (EGLN,8) (GTa,56) (DRPA,9) (UCa,56) (EGLNa,58) (TWCb,7) (VONAb,8) (UCb,5) (EGLNb,7) (EGLNc,7) (PTGNc,7) (OSUb,5) (DRPAb,8) (DRPAc,8) (OSUa,56) (DRPAa,59) (VONAc,10) (PTGNb,7) (CMCTc,20) (PTGNa,58) (CMCTa,71) (VZc,18) (GSATc,13) (ATTc,20) (TWCc,20) (VONAa,61) (ATTa,71) (TWCa,71) (UGAc,13) (VZa,69) (GSATa,64) (UGAa,64)
TWCa:(TWCa,0) (CMCTa,0) (VONAa,1) (ATTa,1) (VZa,9) (GSATa,4) (UGAa,4)
TWCb:(TWCb,0) (CMCTb,0) (VONAb,1) (ATTb,1) (VZb,9) (GSATb,4) (UGAb,4) (CMCT,14) (OSU,11) (UCc,10) (UC,11) (PTGN,13) (ATT,15) (TWC,14) (GTc,10) (OSUc,10) (GTb,10) (GT,11) (VONA,15) (EGLN,13) (GTa,61) (DRPA,14) (UCa,61) (EGLNa,63) (UGA,18) (GSAT,18) (UCb,10) (EGLNb,12) (EGLNc,12) (PTGNc,12) (OSUb,10) (DRPAb,13) (DRPAc,13) (VZ,23) (OSUa,61) (DRPAa,64) (VONAc,15) (PTGNb,12) (CMCTc,25) (PTGNa,63) (CMCTa,76) (VZc,23) (GSATc,18) (ATTc,25) (TWCc,25) (VONAa,66) (ATTa,76) (TWCa,76) (UGAc,18) (VZa,74) (GSATa,69) (UGAa,69)
TWCc:(TWCc,0) (CMCTc,0) (VONAc,1) (ATTc,1) (VZc,9) (GSATc,4) (UGAc,4) (UCb,13) (GTb,13) (OSUb,13) (EGLNb,15) (PTGNb,15) (DRPAb,16) (VONAb,18) (CMCTb,28) (VZb,26) (GSATb,21) (ATTb,28) (TWCb,28) (CMCT,31) (OSU,28) (UCc,27) (UGAb,21) (UC,28) (PTGN,30) (ATT,32) (TWC,31) (GTc,27) (OSUc,27) (GT,28) (VONA,32) (EGLN,30) (GTa,78) (DRPA,31) (UCa,78) (EGLNa,80) (UGA,35) (GSAT,35) (EGLNc,29) (PTGNc,29) (DRPAc,30) (VZ,40) (OSUa,78) (DRPAa,81) (PTGNa,80) (CMCTa,93)
UC:(UC,0) (GT,0) (OSU,0) (EGLN,2) (GTa,50) (PTGN,2) (DRPA,3) (UCa,50) (EGLNa,52) (VONA,5) (CMCT,13) (OSUa,50) (DRPAa,53) (VZ,13) (GSAT,8) (ATT,14) (TWC,13) (PTGNa,52) (CMCTa,65) (VZb,8) (UGA,8) (VONAa,55) (ATTa,65) (TWCa,65) (ATTb,10) (UCc,9) (VZa,63) (GSATa,58) (UGAa,58) (UGAb,15) (GSATb,15) (CMCTb,11) (GTc,9) (OSUc,9) (GTb,9) (TWCb,11) (VONAb,12) (UCb,9) (EGLNb,11) (EGLNc,11) (PTGNc,11) (OSUb,9) (DRPAb,12) (DRPAc,12) (VONAc,14) (PTGNb,11) (CMCTc,24) (VZc,22) (GSATc,17) (ATTc,25) (TWCc,24)
UCa:(UCa,0) (GTa,0) (OSUa,0) (EGLNa,2) (GT,50) (PTGNa,2) (UC,50) (EGLN,52) (DRPAa,3) (OSU,50) (DRPA,53) (VONAa,5) (CMCTa,15) (PTGN,52) (CMCT,63) (VZa,13) (GSATa,8) (ATTa,15) (TWCa,15) (VONA,55) (ATT,64) (TWC,63) (UGAa,8) (VZ,63) (GSAT,58) (UGA,58) (VZb,58) (ATTb,60) (UCc,59) (UGAb,68) (GSATb,65) (CMCTb,61) (GTc,59) (OSUc,59) (GTb,59) (TWCb,61) (VONAb,62) (UCb,59) (EGLNb,61) (EGLNc,61) (PTGNc,61) (OSUb,59) (DRPAb,62) (DRPAc,62) (VONAc,64) (PTGNb,61) (CMCTc,74)
UCb:(UCb,0) (GTb,0) (OSUb,0) (EGLNb,2) (PTGNb,2) (DRPAb,3) (VONAb,5) (CMCTb,15) (VZb,13) (GSATb,8) (ATTb,15) (TWCb,15) (CMCT,18) (OSU,15) (UCc,14) (UGAb,8) (UC,15) (PTGN,17) (ATT,19) (TWC,18) (GTc,14) (OSUc,14) (GT,15) (VONA,19) (EGLN,17) (GTa,65) (DRPA,18) (UCa,65) (EGLNa,67) (UGA,22) (GSAT,22) (EGLNc,16) (PTGNc,16) (DRPAc,17) (VZ,27) (OSUa,65) (DRPAa,68) (VONAc,19) (CMCTc,29) (PTGNa,67) (CMCTa,80) (VZc,27) (GSATc,22) (ATTc,29) (TWCc,29) (VONAa,70) (ATTa,81) (TWCa,80) (UGAc,22) (VZa,78) (GSATa,73) (UGAa,131)
UCc:(UCc,0) (GTc,0) (OSUc,0) (OSU,2) (GTb,0) (UC,2) (PTGN,4) (UCb,0) (EGLNb,2) (EGLNc,2) (PTGNc,2) (GT,2) (VONA,7) (EGLN,4) (GTa,52) (DRPA,5) (UCa,52) (EGLNa,54) (OSUb,0) (DRPAb,3) (DRPAc,3) (VONAc,5) (VZ,15) (GSAT,10) (CMCT,15) (OSUa,52) (DRPAa,55) (PTGNb,2) (CMCTb,13) (CMCTc,15) (VZc,13) (GSATc,8) (ATT,16) (VZb,10) (UGA,10) (TWC,15) (PTGNa,54) (CMCTa,67) (VONAb,5) (ATTb,12) (TWCb,13) (ATTc,15) (TWCc,15) (UGAc,8) (VONAa,57) (ATTa,67) (TWCa,67) (GSATb,8) (UGAb,8) (VZa,65) (GSATa,60) (UGAa,60)
UGA:(UGA,0) (ATT,50) (GSAT,50) (CMCT,51) (VONA,47) (TWC,51) (VZ,55) (VZb,50) (ATTb,52) (OSU,52) (UCc,51) (UC,52) (PTGN,54) (UGAb,57) (GSATb,57) (CMCTb,53) (GTc,51) (OSUc,51) (GTb,51) (GT,52) (EGLN,54) (GTa,102) (DRPA,55) (UCa,102) (EGLNa,104) (TWCb,53) (VONAb,54) (UCb,51) (EGLNb,53) (EGLNc,53) (PTGNc,53) (OSUb,51) (DRPAb,54) (DRPAc,54) (OSUa,102) (DRPAa,105) (VONAc,56) (PTGNb,53) (CMCTc,66) (PTGNa,104) (CMCTa,117) (VZc,64) (GSATc,59) (ATTc,66) (TWCc,66) (VONAa,107) (ATTa,117) (TWCa,117) (UGAc,59) (VZa,115) (GSATa,110) (UGAa,110)
UGAa:(UGAa,0) (ATTa,50) (GSATa,50) (CMCTa,51) (VONAa,47) (TWCa,51) (VZa,55)
UGAb:(UGAb,0) (ATTb,50) (GSATb,50) (CMCTb,51) (VONAb,47) (TWCb,51) (VZb,55) (CMCT,60) (OSU,57) (UCc,56) (UC,57) (PTGN,59) (ATT,61) (TWC,60) (GTc,56) (OSUc,56) (GTb,56) (GT,57) (VONA,61) (EGLN,59) (GTa,107) (DRPA,60) (UCa,107) (EGLNa,109) (UGA,64) (GSAT,64) (UCb,56) (EGLNb,58) (EGLNc,58) (PTGNc,58) (OSUb,56) (DRPAb,59) (DRPAc,59) (VZ,69) (OSUa,107) (DRPAa,110) (VONAc,61) (PTGNb,58) (CMCTc,71) (PTGNa,109) (CMCTa,122) (VZc,69) (GSATc,64) (ATTc,71) (TWCc,71) (VONAa,112) (ATTa,122) (TWCa,122) (UGAc,64) (VZa,120) (GSATa,115) (UGAa,115)
UGAc:(UGAc,0) (ATTc,50) (GSATc,50) (CMCTc,51) (VONAc,47) (TWCc,51) (VZc,55) (UCb,59) (GTb,59) (OSUb,59) (EGLNb,61) (PTGNb,61) (DRPAb,62) (VONAb,64) (CMCTb,74) (VZb,72) (GSATb,67) (ATTb,74) (TWCb,74) (CMCT,77) (OSU,74) (UCc,73) (UGAb,67) (UC,74) (PTGN,76) (ATT,78) (TWC,77) (GTc,73) (OSUc,73) (GT,74) (VONA,78) (EGLN,76) (GTa,124) (DRPA,77) (UCa,124) (EGLNa,126) (UGA,81) (GSAT,81) (EGLNc,75) (PTGNc,75) (DRPAc,76) (VZ,86) (OSUa,124) (DRPAa,127) (PTGNa,126) (CMCTa,139) (VONAa,129) (ATTa,140) (TWCa,139)
VONA:(VONA,0) (VZ,8) (GSAT,3) (ATT,9) (VZb,3) (UGA,3) (CMCT,8) (ATTb,5) (OSU,5) (UCc,4) (TWC,8) (UC,5) (PTGN,7) (UGAb,10) (GSATb,10) (CMCTb,6) (GTc,4) (OSUc,4) (GTb,4) (GT,5) (EGLN,7) (GTa,55) (DRPA,8) (UCa,55) (EGLNa,57) (TWCb,6) (VONAb,7) (UCb,4) (EGLNb,6) (EGLNc,6) (PTGNc,6) (OSUb,4) (DRPAb,7) (DRPAc,7) (OSUa,55) (DRPAa,58) (VONAc,9) (PTGNb,6) (CMCTc,19) (PTGNa,57) (CMCTa,70) (VZc,17) (GSATc,12) (ATTc,19) (TWCc,19) (VONAa,60) (ATTa,70) (TWCa,70) (UGAc,12) (VZa,68) (GSATa,63) (UGAa,63)
VONAa:(VONAa,0) (VZa,8) (GSATa,3) (ATTa,10) (UGAa,3) (CMCTa,11) (TWCa,11)
VONAb:(VONAb,0) (VZb,8) (GSATb,3) (ATTb,10) (CMCT,13) (OSU,10) (UCc,9) (UGAb,3) (UC,10) (PTGN,12) (ATT,14) (TWC,13) (CMCTb,11) (GTc,9) (OSUc,9) (GTb,9) (GT,10) (VONA,14) (EGLN,12) (GTa,60) (DRPA,13) (UCa,60) (EGLNa,62) (UGA,17) (GSAT,17) (TWCb,11) (UCb,9) (EGLNb,11) (EGLNc,11) (PTGNc,11) (OSUb,9) (DRPAb,12) (DRPAc,12) (VZ,22) (OSUa,60) (DRPAa,63) (VONAc,14) (PTGNb,11) (CMCTc,24) (PTGNa,62) (CMCTa,75) (VZc,22) (GSATc,17) (ATTc,24) (TWCc,24) (VONAa,65) (ATTa,75) (TWCa,75) (UGAc,17) (VZa,73) (GSATa,68) (UGAa,68)
VONAc:(VONAc,0) (VZc,8) (GSATc,3) (ATTc,10) (UCb,12) (UGAc,3) (GTb,12) (OSUb,12) (CMCTc,11) (EGLNb,14) (PTGNb,14) (DRPAb,15) (TWCc,11) (VONAb,17) (CMCTb,27) (VZb,25) (GSATb,20) (ATTb,27) (TWCb,27) (CMCT,30) (OSU,27) (UCc,26) (UGAb,20) (UC,27) (PTGN,29) (ATT,31) (TWC,30) (GTc,26) (OSUc,26) (GT,27) (VONA,31) (EGLN,29) (GTa,77) (DRPA,30) (UCa,77) (EGLNa,79) (UGA,34) (GSAT,34) (EGLNc,28) (PTGNc,28) (DRPAc,29) (VZ,39) (OSUa,77) (DRPAa,80) (PTGNa,79) (CMCTa,92) (VONAa,82) (ATTa,93) (TWCa,92)
VZ:(VZ,0) (ATT,1) (VZb,-5) (UGA,4) (GSAT,4) (CMCT,0) (ATTb,-3) (OSU,-3) (UCc,-4) (TWC,0) (VONA,1) (UC,-3) (PTGN,-1) (UGAb,2) (GSATb,2) (CMCTb,-2) (GTc,-4) (OSUc,-4) (GTb,-4) (GT,-3) (EGLN,-1) (GTa,47) (DRPA,0) (UCa,47) (EGLNa,49) (TWCb,-2) (VONAb,-1) (UCb,-4) (EGLNb,-2) (EGLNc,-2) (PTGNc,-2) (OSUb,-4) (DRPAb,-1) (DRPAc,-1) (OSUa,47) (DRPAa,50) (VONAc,1) (PTGNb,-2) (CMCTc,11) (PTGNa,49) (CMCTa,62) (VZc,9) (GSATc,4) (ATTc,11) (TWCc,11) (VONAa,52) (ATTa,62) (TWCa,62) (UGAc,4) (VZa,60) (GSATa,55) (UGAa,55)
VZa:(VZa,0) (ATTa,2) (UGAa,7) (GSATa,7) (CMCTa,3) (TWCa,3) (VONAa,4)
VZb:(VZb,0) (ATTb,2) (CMCT,5) (OSU,2) (UCc,1) (UC,2) (PTGN,4) (ATT,6) (TWC,5) (UGAb,7) (GSATb,7) (CMCTb,3) (GTc,1) (OSUc,1) (GTb,1) (GT,2) (VONA,6) (EGLN,4) (GTa,52) (DRPA,5) (UCa,52) (EGLNa,54) (UGA,9) (GSAT,9) (TWCb,3) (VONAb,4) (UCb,1) (EGLNb,3) (EGLNc,3) (PTGNc,3) (OSUb,1) (DRPAb,4) (DRPAc,4) (VZ,14) (OSUa,52) (DRPAa,55) (VONAc,6) (PTGNb,3) (CMCTc,16) (PTGNa,54) (CMCTa,67) (VZc,14) (GSATc,9) (ATTc,16) (TWCc,16) (VONAa,57) (ATTa,67) (TWCa,67) (UGAc,9) (VZa,65) (GSATa,60) (UGAa,60)
VZc:(VZc,0) (ATTc,2) (UCb,4) (GTb,4) (OSUb,4) (UGAc,7) (GSATc,7) (CMCTc,3) (EGLNb,6) (PTGNb,6) (DRPAb,7) (TWCc,3) (VONAc,4) (VONAb,9) (CMCTb,19) (VZb,17) (GSATb,12) (ATTb,19) (TWCb,19) (CMCT,22) (OSU,19) (UCc,18) (UGAb,12) (UC,19) (PTGN,21) (ATT,23) (TWC,22) (GTc,18) (OSUc,18) (GT,19) (VONA,23) (EGLN,21) (GTa,69) (DRPA,22) (UCa,69) (EGLNa,71) (UGA,26) (GSAT,26) (EGLNc,20) (PTGNc,20) (DRPAc,21) (VZ,31) (OSUa,69) (DRPAa,72) (PTGNa,71) (CMCTa,84) (VONAa,74) (ATTa,85) (TWCa,84) (VZa,82) (GSATa,77) (UGAa,135)
-----
ATT:(ATT,0) (UGA,5) (GSAT,5) (CMCT,1) (TWC,1) (VONA,2) (VZ,10) (VZb,5) (ATTb,7) (OSU,7) (UCc,6) (UC,7) (PTGN,9) (UGAb,12) (GSATb,12) (CMCTb,8) (GTc,6) (OSUc,6) (GTb,6) (GT,7) (EGLN,9) (GTa,57) (DRPA,10) (UCa,57) (EGLNa,59) (TWCb,8) (VONAb,9) (UCb,6) (EGLNb,8) (EGLNc,8) (PTGNc,8) (OSUb,6) (DRPAb,9) (DRPAc,9) (OSUa,57) (DRPAa,60) (VONAc,11) (PTGNb,8) (CMCTc,21) (PTGNa,59) (CMCTa,72) (VZc,19) (GSATc,14) (ATTc,21) (TWCc,21) (VONAa,62) (ATTa,72) (TWCa,72) (UGAc,14) (VZa,70) (GSATa,65) (UGAa,65)
ATTa:(ATTa,0) (UGAa,5) (GSATa,5) (CMCTa,1) (TWCa,1) (VONAa,2) (VZa,10)
ATTb:(ATTb,0) (UGAb,5) (GSATb,5) (CMCTb,1) (TWCb,1) (VONAb,2) (VZb,10) (CMCT,15) (OSU,12) (UCc,11) (UC,12) (PTGN,14) (ATT,16) (TWC,15) (GTc,11) (OSUc,11) (GTb,11) (GT,12) (VONA,16) (EGLN,14) (GTa,62) (DRPA,15) (UCa,62) (EGLNa,64) (UGA,19) (GSAT,19) (UCb,11) (EGLNb,13) (EGLNc,13) (PTGNc,13) (OSUb,11) (DRPAb,14) (DRPAc,14) (VZ,24) (OSUa,62) (DRPAa,65) (VONAc,16) (PTGNb,13) (CMCTc,26) (PTGNa,64) (CMCTa,77) (VZc,24) (GSATc,19) (ATTc,26) (TWCc,26) (VONAa,67) (ATTa,77) (TWCa,77) (UGAc,19) (VZa,75) (GSATa,70) (UGAa,70)
ATTc:(ATTc,0) (UGAc,5) (GSATc,5) (CMCTc,1) (TWCc,1) (VONAc,2) (VZc,10) (UCb,14) (GTb,14) (OSUb,14) (EGLNb,16) (PTGNb,16) (DRPAb,17) (VONAb,19) (CMCTb,29) (VZb,27) (GSATb,22) (ATTb,29) (TWCb,29) (CMCT,32) (OSU,29) (UCc,28) (UGAb,22) (UC,29) (PTGN,31) (ATT,33) (TWC,32) (GTc,28) (OSUc,28) (GT,29) (VONA,33) (EGLN,31) (GTa,79) (DRPA,32) (UCa,79) (EGLNa,81) (UGA,36) (GSAT,36) (EGLNc,30) (PTGNc,30) (DRPAc,31) (VZ,41) (OSUa,79) (DRPAa,82) (PTGNa,81) (CMCTa,94) (VONAa,84) (ATTa,95) (TWCa,94)
CMCT:(CMCT,0) (ATT,1) (TWC,0) (VONA,1) (UGA,4) (GSAT,4) (VZ,9) (VZb,4) (ATTb,6) (OSU,6) (UCc,5) (UC,6) (PTGN,8) (UGAb,11) (GSATb,11) (CMCTb,7) (GTc,5) (OSUc,5) (GTb,5) (GT,6) (EGLN,8) (GTa,56) (DRPA,9) (UCa,56) (EGLNa,58) (TWCb,7) (VONAb,8) (UCb,5) (EGLNb,7) (EGLNc,7) (PTGNc,7) (OSUb,5) (DRPAb,8) (DRPAc,8) (OSUa,56) (DRPAa,59) (VONAc,10) (PTGNb,7) (CMCTc,20) (PTGNa,58) (CMCTa,71) (VZc,18) (GSATc,13) (ATTc,20) (TWCc,20) (VONAa,61) (ATTa,71) (TWCa,71) (UGAc,13) (VZa,69) (GSATa,64) (UGAa,64)
CMCTa:(CMCTa,0) (ATTa,1) (TWCa,0) (VONAa,1) (UGAa,4) (GSATa,4) (VZa,9)
CMCTb:(CMCTb,0) (ATTb,1) (TWCb,0) (VONAb,1) (UGAb,4) (GSATb,4) (VZb,9) (CMCT,14) (OSU,11) (UCc,10) (UC,11) (PTGN,13) (ATT,15) (TWC,14) (GTc,10) (OSUc,10) (GTb,10) (GT,11) (VONA,15) (EGLN,13) (GTa,61) (DRPA,14) (UCa,61) (EGLNa,63) (UGA,18) (GSAT,18) (UCb,10) (EGLNb,12) (EGLNc,12) (PTGNc,12) (OSUb,10) (DRPAb,13) (DRPAc,13) (VZ,23) (OSUa,61) (DRPAa,64) (VONAc,15) (PTGNb,12) (CMCTc,25) (PTGNa,63) (CMCTa,76) (VZc,23) (GSATc,18) (ATTc,25) (TWCc,25) (VONAa,66) (ATTa,76) (TWCa,76) (UGAc,18) (VZa,74) (GSATa,69) (UGAa,69)
CMCTc:(CMCTc,0) (ATTc,1) (TWCc,0) (VONAc,1) (UGAc,4) (GSATc,4) (VZc,9) (UCb,13) (GTb,13) (OSUb,13) (EGLNb,15) (PTGNb,15) (DRPAb,16) (VONAb,18) (CMCTb,28) (VZb,26) (GSATb,21) (ATTb,28) (TWCb,28) (CMCT,31) (OSU,28) (UCc,27) (UGAb,21) (UC,28) (PTGN,30) (ATT,32) (TWC,31) (GTc,27) (OSUc,27) (GT,28) (VONA,32) (EGLN,30) (GTa,78) (DRPA,31) (UCa,78) (EGLNa,80) (UGA,35) (GSAT,35) (EGLNc,29) (PTGNc,29) (DRPAc,30) (VZ,40) (OSUa,78) (DRPAa,81) (PTGNa,80) (CMCTa,93)
DRPA:(DRPA,0) (EGLN,1) (CMCT,12) (GT,-1) (ATT,13) (TWC,12) (UC,-1) (GTa,49) (OSU,-1) (UCa,49) (EGLNa,51) (VONA,4) (UGA,7) (GSAT,7) (PTGN,1) (OSUa,49) (DRPAa,52) (VZ,12) (PTGNa,51) (CMCTa,64) (VZb,7) (VONAa,54) (ATTa,64) (TWCa,64) (ATTb,9) (UCc,8) (VZa,62) (GSATa,57) (UGAa,57) (UGAb,14) (GSATb,14) (CMCTb,10) (GTc,8) (OSUc,8) (GTb,8) (TWCb,10) (VONAb,11) (UCb,8) (EGLNb,10) (EGLNc,10) (PTGNc,10) (OSUb,8) (DRPAb,11) (DRPAc,11) (VONAc,13) (PTGNb,10) (CMCTc,23) (VZc,21) (GSATc,16) (ATTc,24) (TWCc,23) (UGAc,25)
DRPAa:(DRPAa,0) (EGLNa,1) (CMCTa,12) (GTa,-1) (ATTa,13) (TWCa,12) (UCa,-1) (GT,49) (UC,49) (EGLN,51) (OSUa,-1) (OSU,49) (DRPA,52) (VONAa,4) (UGAa,7) (GSATa,7) (PTGNa,1) (PTGN,51) (CMCT,62) (VZa,12) (VONA,54) (ATT,63) (TWC,62) (VZ,62) (GSAT,57) (UGA,57) (VZb,57) (ATTb,59) (UCc,58) (UGAb,64) (GSATb,64) (CMCTb,60) (GTc,58) (OSUc,58) (GTb,58) (TWCb,60) (VONAb,61) (UCb,58) (EGLNb,60) (EGLNc,60) (PTGNc,60) (OSUb,58) (DRPAb,61) (DRPAc,61) (VONAc,63) (PTGNb,60) (CMCTc,73) (VZc,71) (GSATc,66) (ATTc,74) (TWCc,73)
DRPAb:(DRPAb,0) (EGLNb,1) (CMCTb,12) (GTb,-1) (ATTb,13) (TWCb,12) (UCb,-1) (OSUb,-1) (VONAb,4) (UGAb,7) (GSATb,7) (PTGNb,1) (VZb,12) (CMCT,17) (OSU,14) (UCc,13) (UC,14) (PTGN,16) (ATT,18) (TWC,17) (GTc,13) (OSUc,13) (GT,14) (VONA,18) (EGLN,16) (GTa,64) (DRPA,17) (UCa,64) (EGLNa,66) (UGA,21) (GSAT,21) (EGLNc,15) (PTGNc,15) (DRPAc,16) (VZ,26) (OSUa,64) (DRPAa,67) (VONAc,18) (CMCTc,28) (PTGNa,66) (CMCTa,79) (VZc,26) (GSATc,21) (ATTc,28) (TWCc,28) (VONAa,69) (ATTa,80) (TWCa,79) (UGAc,21) (VZa,77) (GSATa,72) (UGAa,81)
DRPAc:(DRPAc,0) (EGLNc,1) (CMCTc,12) (GTc,-1) (ATTc,13) (TWCc,12) (UCc,-1) (OSUc,-1) (OSU,1) (GTb,-1) (VONAc,4) (UGAc,7) (GSATc,7) (UC,1) (PTGN,3) (UCb,-1) (EGLNb,1) (PTGNc,1) (GT,1) (VONA,6) (EGLN,3) (GTa,51) (DRPA,4) (UCa,51) (EGLNa,53) (OSUb,-1) (DRPAb,2) (VZc,12) (VZ,14) (GSAT,9) (CMCT,14) (OSUa,51) (DRPAa,54) (PTGNb,1) (CMCTb,12) (ATT,15) (VZb,9) (UGA,9) (TWC,14) (PTGNa,53) (CMCTa,66) (VONAb,4) (ATTb,11) (TWCb,12) (VONAa,56) (ATTa,66) (TWCa,66) (GSATb,7) (UGAb,7) (VZa,64) (GSATa,59) (UGAa,59)
EGLN:(EGLN,0) (GT,-2) (DRPA,1) (UC,-2) (GTa,48) (CMCT,11) (OSU,-2) (UCa,48) (EGLNa,50) (ATT,12) (TWC,11) (PTGN,0) (OSUa,48) (DRPAa,51) (VONA,3) (UGA,6) (GSAT,6) (PTGNa,50) (CMCTa,63) (VZ,11) (VONAa,53) (ATTa,63) (TWCa,63) (VZb,6) (VZa,61) (GSATa,56) (UGAa,56) (ATTb,8) (UCc,7) (UGAb,13) (GSATb,13) (CMCTb,9) (GTc,7) (OSUc,7) (GTb,7) (TWCb,9) (VONAb,10) (UCb,7) (EGLNb,9) (EGLNc,9) (PTGNc,9) (OSUb,7) (DRPAb,10) (DRPAc,10) (VONAc,12) (PTGNb,9) (CMCTc,22) (VZc,20) (GSATc,15) (ATTc,23) (TWCc,22)
EGLNa:(EGLNa,0) (GTa,-2) (DRPAa,1) (UCa,-2) (GT,48) (CMCTa,13) (UC,48) (EGLN,50) (OSUa,-2) (OSU,48) (DRPA,51) (ATTa,13) (TWCa,13) (PTGNa,0) (PTGN,50) (CMCT,61) (VONAa,3) (UGAa,6) (GSATa,6) (VONA,53) (ATT,62) (TWC,61) (VZa,11) (VZ,61) (GSAT,56) (UGA,56) (VZb,56) (ATTb,58) (UCc,57) (UGAb,63) (GSATb,63) (CMCTb,59) (GTc,57) (OSUc,57) (GTb,57) (TWCb,59) (VONAb,60) (UCb,57) (EGLNb,59) (EGLNc,59) (PTGNc,59) (OSUb,57) (DRPAb,60) (DRPAc,60) (VONAc,62) (PTGNb,59) (CMCTc,72) (VZc,70) (GSATc,65) (ATTc,73) (TWCc,72)
EGLNb:(EGLNb,0) (GTb,-2) (DRPAb,1) (UCb,-2) (CMCTb,13) (OSUb,-2) (ATTb,13) (TWCb,13) (PTGNb,0) (VONAb,3) (UGAb,6) (GSATb,6) (VZb,11) (CMCT,16) (OSU,13) (UCc,12) (UC,13) (PTGN,15) (ATT,17) (TWC,16) (GTc,12) (OSUc,12) (GT,13) (VONA,17) (EGLN,15) (GTa,63) (DRPA,16) (UCa,63) (EGLNa,65) (UGA,20) (GSAT,20) (EGLNc,14) (PTGNc,14) (DRPAc,15) (VZ,25) (OSUa,63) (DRPAa,66) (VONAc,17) (CMCTc,27) (PTGNa,65) (CMCTa,78) (VZc,25) (GSATc,20) (ATTc,27) (TWCc,27) (VONAa,68) (ATTa,79) (TWCa,78) (UGAc,20) (VZa,76) (GSATa,71) (UGAa,129)
EGLNc:(EGLNc,0) (GTc,-2) (DRPAc,1) (UCc,-2) (CMCTc,13) (OSUc,-2) (OSU,0) (GTb,-2) (ATTc,13) (TWCc,13) (UC,0) (PTGN,2) (UCb,-2) (EGLNb,0) (PTGNc,0) (GT,0) (VONA,5) (EGLN,2) (GTa,50) (DRPA,3) (UCa,50) (EGLNa,52) (OSUb,-2) (DRPAb,1) (VONAc,3) (UGAc,6) (GSATc,6) (VZ,13) (GSAT,8) (CMCT,13) (OSUa,50) (DRPAa,53) (PTGNb,0) (CMCTb,11) (VZc,11) (ATT,14) (VZb,8) (UGA,8) (TWC,13) (PTGNa,52) (CMCTa,65) (VONAb,3) (ATTb,10) (TWCb,11) (VONAa,55) (ATTa,65) (TWCa,65) (GSATb,6) (UGAb,6) (VZa,63) (GSATa,58) (UGAa,58)
GSAT:(GSAT,0) (VONA,-3) (UGA,0) (VZ,5) (ATT,6) (VZb,0) (CMCT,5) (TWC,5) (ATTb,2) (OSU,2) (UCc,1) (UC,2) (PTGN,4) (UGAb,7) (GSATb,7) (CMCTb,3) (GTc,1) (OSUc,1) (GTb,1) (GT,2) (EGLN,4) (GTa,52) (DRPA,5) (UCa,52) (EGLNa,54) (TWCb,3) (VONAb,4) (UCb,1) (EGLNb,3) (EGLNc,3) (PTGNc,3) (OSUb,1) (DRPAb,4) (DRPAc,4) (OSUa,52) (DRPAa,55) (VONAc,6) (PTGNb,3) (CMCTc,16) (PTGNa,54) (CMCTa,67) (VZc,14) (GSATc,9) (ATTc,16) (TWCc,16) (VONAa,57) (ATTa,67) (TWCa,67) (UGAc,9) (VZa,65) (GSATa,60) (UGAa,60)
GSATa:(GSATa,0) (VONAa,-3) (UGAa,0) (VZa,5) (ATTa,7) (CMCTa,8) (TWCa,8)
GSATb:(GSATb,0) (VONAb,-3) (UGAb,0) (VZb,5) (ATTb,7) (CMCT,10) (OSU,7) (UCc,6) (CMCTb,8) (TWCb,8) (UC,7) (PTGN,9) (ATT,11) (TWC,10) (GTc,6) (OSUc,6) (GTb,6) (GT,7) (VONA,11) (EGLN,9) (GTa,57) (DRPA,10) (UCa,57) (EGLNa,59) (UGA,14) (GSAT,14) (UCb,6) (EGLNb,8) (EGLNc,8) (PTGNc,8) (OSUb,6) (DRPAb,9) (DRPAc,9) (VZ,19) (OSUa,57) (DRPAa,60) (VONAc,11) (PTGNb,8) (CMCTc,21) (PTGNa,59) (CMCTa,72) (VZc,19) (GSATc,14) (ATTc,21) (TWCc,21) (VONAa,62) (ATTa,72) (TWCa,72) (UGAc,14) (VZa,70) (GSATa,65) (UGAa,65)
GSATc:(GSATc,0) (VONAc,-3) (UGAc,0) (VZc,5) (ATTc,7) (UCb,9) (CMCTc,8) (TWCc,8) (GTb,9) (OSUb,9) (EGLNb,11) (PTGNb,11) (DRPAb,12) (VONAb,14) (CMCTb,24) (VZb,22) (GSATb,17) (ATTb,24) (TWCb,24) (CMCT,27) (OSU,24) (UCc,23) (UGAb,17) (UC,24) (PTGN,26) (ATT,28) (TWC,27) (GTc,23) (OSUc,23) (GT,24) (VONA,28) (EGLN,26) (GTa,74) (DRPA,27) (UCa,74) (EGLNa,76) (UGA,31) (GSAT,31) (EGLNc,25) (PTGNc,25) (DRPAc,26) (VZ,36) (OSUa,74) (DRPAa,77) (PTGNa,76) (CMCTa,89) (VONAa,79) (ATTa,90) (TWCa,89) (VZa,87) (GSATa,82) (UGAa,140)
GT:(GT,0) (UC,0) (EGLN,2) (GTa,50) (OSU,0) (DRPA,3) (UCa,50) (EGLNa,52) (PTGN,2) (CMCT,13) (OSUa,50) (DRPAa,53) (VONA,5) (ATT,14) (TWC,13) (PTGNa,52) (CMCTa,65) (VZ,13) (GSAT,8) (UGA,8) (VONAa,55) (ATTa,65) (TWCa,65) (VZb,8) (VZa,63) (GSATa,58) (UGAa,58) (ATTb,10) (UCc,9) (UGAb,15) (GSATb,15) (CMCTb,11) (GTc,9) (OSUc,9) (GTb,9) (TWCb,11) (VONAb,12) (UCb,9) (EGLNb,11) (EGLNc,11) (PTGNc,11) (OSUb,9) (DRPAb,12) (DRPAc,12) (VONAc,14) (PTGNb,11) (CMCTc,24) (VZc,22) (GSATc,17) (ATTc,25) (TWCc,24)
GTa:(GTa,0) (UCa,0) (EGLNa,2) (GT,50) (UC,50) (EGLN,52) (OSUa,0) (DRPAa,3) (OSU,50) (DRPA,53) (PTGNa,2) (CMCTa,15) (PTGN,52) (CMCT,63) (VONAa,5) (ATTa,15) (TWCa,15) (VONA,55) (ATT,64) (TWC,63) (VZa,13) (GSATa,8) (UGAa,8) (VZ,63) (GSAT,58) (UGA,58) (VZb,58) (ATTb,60) (UCc,59) (UGAb,65) (GSATb,65) (CMCTb,61) (GTc,59) (OSUc,59) (GTb,59) (TWCb,61) (VONAb,62) (UCb,59) (EGLNb,61) (EGLNc,61) (PTGNc,61) (OSUb,59) (DRPAb,62) (DRPAc,62) (VONAc,64) (PTGNb,61) (CMCTc,74) (VZc,72) (GSATc,67) (ATTc,75) (TWCc,74)
GTb:(GTb,0) (UCb,0) (EGLNb,2) (OSUb,0) (DRPAb,3) (PTGNb,2) (CMCTb,15) (VONAb,5) (ATTb,15) (TWCb,15) (VZb,13) (GSATb,8) (UGAb,8) (CMCT,18) (OSU,15) (UCc,14) (UC,15) (PTGN,17) (ATT,19) (TWC,18) (GTc,14) (OSUc,14) (GT,15) (VONA,19) (EGLN,17) (GTa,65) (DRPA,18) (UCa,65) (EGLNa,67) (UGA,22) (GSAT,22) (EGLNc,16) (PTGNc,16) (DRPAc,17) (VZ,27) (OSUa,65) (DRPAa,68) (VONAc,19) (CMCTc,29) (PTGNa,67) (CMCTa,80) (VZc,27) (GSATc,22) (ATTc,29) (TWCc,29) (VONAa,70) (ATTa,81) (TWCa,80) (UGAc,22) (VZa,78) (GSATa,73) (UGAa,131)
GTc:(GTc,0) (UCc,0) (EGLNc,2) (OSUc,0) (OSU,2) (GTb,0) (DRPAc,3) (UC,2) (PTGN,4) (UCb,0) (EGLNb,2) (PTGNc,2) (GT,2) (VONA,7) (EGLN,4) (GTa,52) (DRPA,5) (UCa,52) (EGLNa,54) (OSUb,0) (DRPAb,3) (CMCTc,15) (VONAc,5) (VZ,15) (GSAT,10) (CMCT,15) (OSUa,52) (DRPAa,55) (PTGNb,2) (CMCTb,13) (ATTc,15) (TWCc,15) (VZc,13) (GSATc,8) (ATT,16) (VZb,10) (UGA,10) (TWC,15) (PTGNa,54) (CMCTa,67) (VONAb,5) (ATTb,12) (TWCb,13) (UGAc,8) (VONAa,57) (ATTa,67) (TWCa,67) (GSATb,8) (UGAb,8) (VZa,65) (GSATa,60) (UGAa,60)
OSU:(OSU,0) (UC,0) (PTGN,2) (GT,0) (VONA,5) (EGLN,2) (GTa,50) (DRPA,3) (UCa,50) (EGLNa,52) (VZ,13) (GSAT,8) (CMCT,13) (OSUa,50) (DRPAa,53) (ATT,14) (VZb,8) (UGA,8) (TWC,13) (PTGNa,52) (CMCTa,65) (ATTb,10) (UCc,9) (VONAa,55) (ATTa,65) (TWCa,65) (UGAb,15) (GSATb,15) (CMCTb,11) (GTc,9) (OSUc,9) (GTb,9) (VZa,63) (GSATa,58) (UGAa,58) (TWCb,11) (VONAb,12) (UCb,9) (EGLNb,11) (EGLNc,11) (PTGNc,11) (OSUb,9) (DRPAb,12) (DRPAc,12) (VONAc,14) (PTGNb,11) (CMCTc,24) (VZc,22) (GSATc,17) (ATTc,24) (TWCc,24) (UGAc,17)
OSUa:(OSUa,0) (UCa,0) (PTGNa,2) (GTa,0) (VONAa,5) (EGLNa,2) (GT,50) (UC,50) (EGLN,52) (DRPAa,3) (OSU,50) (DRPA,53) (VZa,13) (GSATa,8) (CMCTa,15) (PTGN,52) (CMCT,63) (ATTa,15) (UGAa,8) (TWCa,15) (VONA,55) (ATT,64) (TWC,63) (VZ,63) (GSAT,58) (UGA,58) (VZb,58) (ATTb,60) (UCc,59) (UGAb,65) (GSATb,65) (CMCTb,61) (GTc,59) (OSUc,59) (GTb,59) (TWCb,61) (VONAb,62) (UCb,59) (EGLNb,61) (EGLNc,61) (PTGNc,61) (OSUb,59) (DRPAb,62) (DRPAc,62) (VONAc,64) (PTGNb,61) (CMCTc,74) (VZc,72) (GSATc,67) (ATTc,75) (TWCc,74)
OSUb:(OSUb,0) (UCb,0) (PTGNb,2) (GTb,0) (VONAb,5) (EGLNb,2) (DRPAb,3) (VZb,13) (GSATb,8) (CMCTb,15) (ATTb,15) (CMCT,18) (OSU,15) (UCc,14) (UGAb,8) (TWCb,15) (UC,15) (PTGN,17) (ATT,19) (TWC,18) (GTc,14) (OSUc,14) (GT,15) (VONA,19) (EGLN,17) (GTa,65) (DRPA,18) (UCa,65) (EGLNa,67) (UGA,22) (GSAT,22) (EGLNc,16) (PTGNc,16) (DRPAc,17) (VZ,27) (OSUa,65) (DRPAa,68) (VONAc,19) (CMCTc,29) (PTGNa,67) (CMCTa,80) (VZc,27) (GSATc,22) (ATTc,29) (TWCc,29) (VONAa,70) (ATTa,80) (TWCa,80) (UGAc,22) (VZa,78) (GSATa,73) (UGAa,73)
OSUc:(OSUc,0) (UCc,0) (PTGNc,2) (GTc,0) (OSU,2) (GTb,0) (VONAc,5) (UC,2) (PTGN,4) (UCb,0) (EGLNb,2) (EGLNc,2) (GT,2) (VONA,7) (EGLN,4) (GTa,52) (DRPA,5) (UCa,52) (EGLNa,54) (OSUb,0) (DRPAb,3) (DRPAc,3) (VZc,13) (GSATc,8) (VZ,15) (GSAT,10) (CMCT,15) (OSUa,52) (DRPAa,55) (PTGNb,2) (CMCTb,13) (CMCTc,15) (ATTc,15) (UGAc,8) (ATT,16) (VZb,10) (UGA,10) (TWC,15) (PTGNa,54) (CMCTa,67) (VONAb,5) (ATTb,12) (TWCb,13) (TWCc,15) (VONAa,57) (ATTa,67) (TWCa,67) (GSATb,8) (UGAb,8) (VZa,65) (GSATa,60) (UGAa,60)
PTGN:(PTGN,0) (OSU,-1) (VONA,3) (UC,-1) (VZ,11) (GSAT,6) (GT,-1) (EGLN,1) (GTa,49) (DRPA,2) (UCa,49) (EGLNa,51) (ATT,12) (VZb,6) (UGA,6) (CMCT,11) (OSUa,49) (DRPAa,52) (ATTb,8) (UCc,7) (TWC,11) (PTGNa,51) (CMCTa,64) (UGAb,13) (GSATb,13) (CMCTb,9) (GTc,7) (OSUc,7) (GTb,7) (VONAa,54) (ATTa,64) (TWCa,64) (TWCb,9) (VONAb,10) (UCb,7) (EGLNb,9) (EGLNc,9) (PTGNc,9) (OSUb,7) (DRPAb,10) (DRPAc,10) (VZa,62) (GSATa,57) (UGAa,57) (VONAc,12) (PTGNb,9) (CMCTc,22) (VZc,20) (GSATc,15) (ATTc,22) (TWCc,22) (UGAc,15)
PTGNa:(PTGNa,0) (OSUa,-1) (VONAa,3) (UCa,-1) (VZa,11) (GSATa,6) (GTa,-1) (EGLNa,1) (GT,49) (UC,49) (EGLN,51) (DRPAa,2) (OSU,49) (DRPA,52) (ATTa,13) (UGAa,6) (CMCTa,14) (PTGN,51) (CMCT,62) (TWCa,14) (VONA,54) (ATT,63) (TWC,62) (VZ,62) (GSAT,57) (UGA,57) (VZb,57) (ATTb,59) (UCc,58) (UGAb,64) (GSATb,64) (CMCTb,60) (GTc,58) (OSUc,58) (GTb,58) (TWCb,60) (VONAb,61) (UCb,58) (EGLNb,60) (EGLNc,60) (PTGNc,60) (OSUb,58) (DRPAb,61) (DRPAc,61) (VONAc,63) (PTGNb,60) (CMCTc,73) (VZc,71) (GSATc,66) (ATTc,74) (TWCc,73)
PTGNb:(PTGNb,0) (OSUb,-1) (VONAb,3) (UCb,-1) (VZb,11) (GSATb,6) (GTb,-1) (EGLNb,1) (DRPAb,2) (ATTb,13) (CMCT,16) (OSU,13) (UCc,12) (UGAb,6) (CMCTb,14) (UC,13) (PTGN,15) (ATT,17) (TWC,16) (GTc,12) (OSUc,12) (GT,13) (VONA,17) (EGLN,15) (GTa,63) (DRPA,16) (UCa,63) (EGLNa,65) (UGA,20) (GSAT,20) (TWCb,14) (EGLNc,14) (PTGNc,14) (DRPAc,15) (VZ,25) (OSUa,63) (DRPAa,66) (VONAc,17) (CMCTc,27) (PTGNa,65) (CMCTa,78) (VZc,25) (GSATc,20) (ATTc,27) (TWCc,27) (VONAa,68) (ATTa,78) (TWCa,78) (UGAc,20) (VZa,76) (GSATa,71) (UGAa,71)
PTGNc:(PTGNc,0) (OSUc,-1) (VONAc,3) (UCc,-1) (VZc,11) (GSATc,6) (GTc,-1) (OSU,1) (GTb,-1) (UC,1) (PTGN,3) (UCb,-1) (EGLNb,1) (EGLNc,1) (GT,1) (VONA,6) (EGLN,3) (GTa,51) (DRPA,4) (UCa,51) (EGLNa,53) (OSUb,-1) (DRPAb,2) (DRPAc,2) (ATTc,13) (UGAc,6) (VZ,14) (GSAT,9) (CMCT,14) (OSUa,51) (DRPAa,54) (PTGNb,1) (CMCTb,12) (CMCTc,14) (ATT,15) (VZb,9) (UGA,9) (TWC,14) (PTGNa,53) (CMCTa,66) (VONAb,4) (ATTb,11) (TWCb,12) (TWCc,14) (VONAa,56) (ATTa,66) (TWCa,66) (GSATb,7) (UGAb,7) (VZa,64) (GSATa,59) (UGAa,59)
TWC:(TWC,0) (CMCT,0) (VONA,1) (ATT,1) (VZ,9) (GSAT,4) (UGA,4) (VZb,4) (ATTb,6) (OSU,6) (UCc,5) (UC,6) (PTGN,8) (UGAb,11) (GSATb,11) (CMCTb,7) (GTc,5) (OSUc,5) (GTb,5) (GT,6) (EGLN,8) (GTa,56) (DRPA,9) (UCa,56) (EGLNa,58) (TWCb,7) (VONAb,8) (UCb,5) (EGLNb,7) (EGLNc,7) (PTGNc,7) (OSUb,5) (DRPAb,8) (DRPAc,8) (OSUa,56) (DRPAa,59) (VONAc,10) (PTGNb,7) (CMCTc,20) (PTGNa,58) (CMCTa,71) (VZc,18) (GSATc,13) (ATTc,20) (TWCc,20) (VONAa,61) (ATTa,71) (TWCa,71) (UGAc,13) (VZa,69) (GSATa,64) (UGAa,64)
TWCa:(TWCa,0) (CMCTa,0) (VONAa,1) (ATTa,1) (VZa,9) (GSATa,4) (UGAa,4)
TWCb:(TWCb,0) (CMCTb,0) (VONAb,1) (ATTb,1) (VZb,9) (GSATb,4) (UGAb,4) (CMCT,14) (OSU,11) (UCc,10) (UC,11) (PTGN,13) (ATT,15) (TWC,14) (GTc,10) (OSUc,10) (GTb,10) (GT,11) (VONA,15) (EGLN,13) (GTa,61) (DRPA,14) (UCa,61) (EGLNa,63) (UGA,18) (GSAT,18) (UCb,10) (EGLNb,12) (EGLNc,12) (PTGNc,12) (OSUb,10) (DRPAb,13) (DRPAc,13) (VZ,23) (OSUa,61) (DRPAa,64) (VONAc,15) (PTGNb,12) (CMCTc,25) (PTGNa,63) (CMCTa,76) (VZc,23) (GSATc,18) (ATTc,25) (TWCc,25) (VONAa,66) (ATTa,76) (TWCa,76) (UGAc,18) (VZa,74) (GSATa,69) (UGAa,69)
TWCc:(TWCc,0) (CMCTc,0) (VONAc,1) (ATTc,1) (VZc,9) (GSATc,4) (UGAc,4) (UCb,13) (GTb,13) (OSUb,13) (EGLNb,15) (PTGNb,15) (DRPAb,16) (VONAb,18) (CMCTb,28) (VZb,26) (GSATb,21) (ATTb,28) (TWCb,28) (CMCT,31) (OSU,28) (UCc,27) (UGAb,21) (UC,28) (PTGN,30) (ATT,32) (TWC,31) (GTc,27) (OSUc,27) (GT,28) (VONA,32) (EGLN,30) (GTa,78) (DRPA,31) (UCa,78) (EGLNa,80) (UGA,35) (GSAT,35) (EGLNc,29) (PTGNc,29) (DRPAc,30) (VZ,40) (OSUa,78) (DRPAa,81) (PTGNa,80) (CMCTa,93) (VONAa,83) (ATTa,94) (TWCa,93)
UC:(UC,0) (GT,0) (OSU,0) (EGLN,2) (GTa,50) (PTGN,2) (DRPA,3) (UCa,50) (EGLNa,52) (VONA,5) (CMCT,13) (OSUa,50) (DRPAa,53) (VZ,13) (GSAT,8) (ATT,14) (TWC,13) (PTGNa,52) (CMCTa,65) (VZb,8) (UGA,8) (VONAa,55) (ATTa,65) (TWCa,65) (ATTb,10) (UCc,9) (VZa,63) (GSATa,58) (UGAa,58) (UGAb,15) (GSATb,15) (CMCTb,11) (GTc,9) (OSUc,9) (GTb,9) (TWCb,11) (VONAb,12) (UCb,9) (EGLNb,11) (EGLNc,11) (PTGNc,11) (OSUb,9) (DRPAb,12) (DRPAc,12) (VONAc,14) (PTGNb,11) (CMCTc,24) (VZc,22) (GSATc,17) (ATTc,24) (TWCc,24) (UGAc,17)
UCa:(UCa,0) (GTa,0) (OSUa,0) (EGLNa,2) (GT,50) (PTGNa,2) (UC,50) (EGLN,52) (DRPAa,3) (OSU,50) (DRPA,53) (VONAa,5) (CMCTa,15) (PTGN,52) (CMCT,63) (VZa,13) (GSATa,8) (ATTa,15) (TWCa,15) (VONA,55) (ATT,64) (TWC,63) (UGAa,8) (VZ,63) (GSAT,58) (UGA,58) (VZb,58) (ATTb,60) (UCc,59) (UGAb,65) (GSATb,65) (CMCTb,61) (GTc,59) (OSUc,59) (GTb,59) (TWCb,61) (VONAb,62) (UCb,59) (EGLNb,61) (EGLNc,61) (PTGNc,61) (OSUb,59) (DRPAb,62) (DRPAc,62) (VONAc,64) (PTGNb,61) (CMCTc,74) (VZc,72) (GSATc,67) (ATTc,75) (TWCc,74)
UCb:(UCb,0) (GTb,0) (OSUb,0) (EGLNb,2) (PTGNb,2) (DRPAb,3) (VONAb,5) (CMCTb,15) (VZb,13) (GSATb,8) (ATTb,15) (TWCb,15) (CMCT,18) (OSU,15) (UCc,14) (UGAb,8) (UC,15) (PTGN,17) (ATT,19) (TWC,18) (GTc,14) (OSUc,14) (GT,15) (VONA,19) (EGLN,17) (GTa,65) (DRPA,18) (UCa,65) (EGLNa,67) (UGA,22) (GSAT,22) (EGLNc,16) (PTGNc,16) (DRPAc,17) (VZ,27) (OSUa,65) (DRPAa,68) (VONAc,19) (CMCTc,29) (PTGNa,67) (CMCTa,80) (VZc,27) (GSATc,22) (ATTc,29) (TWCc,29) (VONAa,70) (ATTa,80) (TWCa,80) (UGAc,22) (VZa,78) (GSATa,73) (UGAa,73)
UCc:(UCc,0) (GTc,0) (OSUc,0) (OSU,2) (GTb,0) (UC,2) (PTGN,4) (UCb,0) (EGLNb,2) (EGLNc,2) (PTGNc,2) (GT,2) (VONA,7) (EGLN,4) (GTa,52) (DRPA,5) (UCa,52) (EGLNa,54) (OSUb,0) (DRPAb,3) (DRPAc,3) (VONAc,5) (VZ,15) (GSAT,10) (CMCT,15) (OSUa,52) (DRPAa,55) (PTGNb,2) (CMCTb,13) (CMCTc,15) (VZc,13) (GSATc,8) (ATT,16) (VZb,10) (UGA,10) (TWC,15) (PTGNa,54) (CMCTa,67) (VONAb,5) (ATTb,12) (TWCb,13) (ATTc,15) (TWCc,15) (UGAc,8) (VONAa,57) (ATTa,67) (TWCa,67) (GSATb,8) (UGAb,8) (VZa,65) (GSATa,60) (UGAa,60)
UGA:(UGA,0) (ATT,50) (GSAT,50) (CMCT,51) (VONA,47) (TWC,51) (VZ,55) (VZb,50) (ATTb,52) (OSU,52) (UCc,51) (UC,52) (PTGN,54) (UGAb,57) (GSATb,57) (CMCTb,53) (GTc,51) (OSUc,51) (GTb,51) (GT,52) (EGLN,54) (GTa,102) (DRPA,55) (UCa,102) (EGLNa,104) (TWCb,53) (VONAb,54) (UCb,51) (EGLNb,53) (EGLNc,53) (PTGNc,53) (OSUb,51) (DRPAb,54) (DRPAc,54) (OSUa,102) (DRPAa,105) (VONAc,56) (PTGNb,53) (CMCTc,66) (PTGNa,104) (CMCTa,117) (VZc,64) (GSATc,59) (ATTc,66) (TWCc,66) (VONAa,107) (ATTa,117) (TWCa,117) (UGAc,59) (VZa,115) (GSATa,110) (UGAa,110)
UGAa:(UGAa,0) (ATTa,50) (GSATa,50) (CMCTa,51) (VONAa,47) (TWCa,51) (VZa,55)
UGAb:(UGAb,0) (ATTb,50) (GSATb,50) (CMCTb,51) (VONAb,47) (TWCb,51) (VZb,55) (CMCT,60) (OSU,57) (UCc,56) (UC,57) (PTGN,59) (ATT,61) (TWC,60) (GTc,56) (OSUc,56) (GTb,56) (GT,57) (VONA,61) (EGLN,59) (GTa,107) (DRPA,60) (UCa,107) (EGLNa,109) (UGA,64) (GSAT,64) (UCb,56) (EGLNb,58) (EGLNc,58) (PTGNc,58) (OSUb,56) (DRPAb,59) (DRPAc,59) (VZ,69) (OSUa,107) (DRPAa,110) (VONAc,61) (PTGNb,58) (CMCTc,71) (PTGNa,109) (CMCTa,122) (VZc,69) (GSATc,64) (ATTc,71) (TWCc,71) (VONAa,112) (ATTa,122) (TWCa,122) (UGAc,64) (VZa,120) (GSATa,115) (UGAa,115)
UGAc:(UGAc,0) (ATTc,50) (GSATc,50) (CMCTc,51) (VONAc,47) (TWCc,51) (VZc,55) (UCb,59) (GTb,59) (OSUb,59) (EGLNb,61) (PTGNb,61) (DRPAb,62) (VONAb,64) (CMCTb,74) (VZb,72) (GSATb,67) (ATTb,74) (TWCb,74) (CMCT,77) (OSU,74) (UCc,73) (UGAb,67) (UC,74) (PTGN,76) (ATT,78) (TWC,77) (GTc,73) (OSUc,73) (GT,74) (VONA,78) (EGLN,76) (GTa,124) (DRPA,77) (UCa,124) (EGLNa,126) (UGA,81) (GSAT,81) (EGLNc,75) (PTGNc,75) (DRPAc,76) (VZ,86) (OSUa,124) (DRPAa,127) (PTGNa,126) (CMCTa,139) (VONAa,129) (ATTa,140) (TWCa,139) (VZa,137) (GSATa,132) (UGAa,190)
VONA:(VONA,0) (VZ,8) (GSAT,3) (ATT,9) (VZb,3) (UGA,3) (CMCT,8) (ATTb,5) (OSU,5) (UCc,4) (TWC,8) (UC,5) (PTGN,7) (UGAb,10) (GSATb,10) (CMCTb,6) (GTc,4) (OSUc,4) (GTb,4) (GT,5) (EGLN,7) (GTa,55) (DRPA,8) (UCa,55) (EGLNa,57) (TWCb,6) (VONAb,7) (UCb,4) (EGLNb,6) (EGLNc,6) (PTGNc,6) (OSUb,4) (DRPAb,7) (DRPAc,7) (OSUa,55) (DRPAa,58) (VONAc,9) (PTGNb,6) (CMCTc,19) (PTGNa,57) (CMCTa,70) (VZc,17) (GSATc,12) (ATTc,19) (TWCc,19) (VONAa,60) (ATTa,70) (TWCa,70) (UGAc,12) (VZa,68) (GSATa,63) (UGAa,63)
VONAa:(VONAa,0) (VZa,8) (GSATa,3) (ATTa,10) (UGAa,3) (CMCTa,11) (TWCa,11)
VONAb:(VONAb,0) (VZb,8) (GSATb,3) (ATTb,10) (CMCT,13) (OSU,10) (UCc,9) (UGAb,3) (UC,10) (PTGN,12) (ATT,14) (TWC,13) (CMCTb,11) (GTc,9) (OSUc,9) (GTb,9) (GT,10) (VONA,14) (EGLN,12) (GTa,60) (DRPA,13) (UCa,60) (EGLNa,62) (UGA,17) (GSAT,17) (TWCb,11) (UCb,9) (EGLNb,11) (EGLNc,11) (PTGNc,11) (OSUb,9) (DRPAb,12) (DRPAc,12) (VZ,22) (OSUa,60) (DRPAa,63) (VONAc,14) (PTGNb,11) (CMCTc,24) (PTGNa,62) (CMCTa,75) (VZc,22) (GSATc,17) (ATTc,24) (TWCc,24) (VONAa,65) (ATTa,75) (TWCa,75) (UGAc,17) (VZa,73) (GSATa,68) (UGAa,68)
VONAc:(VONAc,0) (VZc,8) (GSATc,3) (ATTc,10) (UCb,12) (UGAc,3) (GTb,12) (OSUb,12) (CMCTc,11) (EGLNb,14) (PTGNb,14) (DRPAb,15) (TWCc,11) (VONAb,17) (CMCTb,27) (VZb,25) (GSATb,20) (ATTb,27) (TWCb,27) (CMCT,30) (OSU,27) (UCc,26) (UGAb,20) (UC,27) (PTGN,29) (ATT,31) (TWC,30) (GTc,26) (OSUc,26) (GT,27) (VONA,31) (EGLN,29) (GTa,77) (DRPA,30) (UCa,77) (EGLNa,79) (UGA,34) (GSAT,34) (EGLNc,28) (PTGNc,28) (DRPAc,29) (VZ,39) (OSUa,77) (DRPAa,80) (PTGNa,79) (CMCTa,92) (VONAa,82) (ATTa,93) (TWCa,92) (VZa,90) (GSATa,85) (UGAa,143)
VZ:(VZ,0) (ATT,1) (VZb,-5) (UGA,4) (GSAT,4) (CMCT,0) (ATTb,-3) (OSU,-3) (UCc,-4) (TWC,0) (VONA,1) (UC,-3) (PTGN,-1) (UGAb,2) (GSATb,2) (CMCTb,-2) (GTc,-4) (OSUc,-4) (GTb,-4) (GT,-3) (EGLN,-1) (GTa,47) (DRPA,0) (UCa,47) (EGLNa,49) (TWCb,-2) (VONAb,-1) (UCb,-4) (EGLNb,-2) (EGLNc,-2) (PTGNc,-2) (OSUb,-4) (DRPAb,-1) (DRPAc,-1) (OSUa,47) (DRPAa,50) (VONAc,1) (PTGNb,-2) (CMCTc,11) (PTGNa,49) (CMCTa,62) (VZc,9) (GSATc,4) (ATTc,11) (TWCc,11) (VONAa,52) (ATTa,62) (TWCa,62) (UGAc,4) (VZa,60) (GSATa,55) (UGAa,55)
VZa:(VZa,0) (ATTa,2) (UGAa,7) (GSATa,7) (CMCTa,3) (TWCa,3) (VONAa,4)
VZb:(VZb,0) (ATTb,2) (CMCT,5) (OSU,2) (UCc,1) (UC,2) (PTGN,4) (ATT,6) (TWC,5) (UGAb,7) (GSATb,7) (CMCTb,3) (GTc,1) (OSUc,1) (GTb,1) (GT,2) (VONA,6) (EGLN,4) (GTa,52) (DRPA,5) (UCa,52) (EGLNa,54) (UGA,9) (GSAT,9) (TWCb,3) (VONAb,4) (UCb,1) (EGLNb,3) (EGLNc,3) (PTGNc,3) (OSUb,1) (DRPAb,4) (DRPAc,4) (VZ,14) (OSUa,52) (DRPAa,55) (VONAc,6) (PTGNb,3) (CMCTc,16) (PTGNa,54) (CMCTa,67) (VZc,14) (GSATc,9) (ATTc,16) (TWCc,16) (VONAa,57) (ATTa,67) (TWCa,67) (UGAc,9) (VZa,65) (GSATa,60) (UGAa,60)
VZc:(VZc,0) (ATTc,2) (UCb,4) (GTb,4) (OSUb,4) (UGAc,7) (GSATc,7) (CMCTc,3) (EGLNb,6) (PTGNb,6) (DRPAb,7) (TWCc,3) (VONAc,4) (VONAb,9) (CMCTb,19) (VZb,17) (GSATb,12) (ATTb,19) (TWCb,19) (CMCT,22) (OSU,19) (UCc,18) (UGAb,12) (UC,19) (PTGN,21) (ATT,23) (TWC,22) (GTc,18) (OSUc,18) (GT,19) (VONA,23) (EGLN,21) (GTa,69) (DRPA,22) (UCa,69) (EGLNa,71) (UGA,26) (GSAT,26) (EGLNc,20) (PTGNc,20) (DRPAc,21) (VZ,31) (OSUa,69) (DRPAa,72) (PTGNa,71) (CMCTa,84) (VONAa,74) (ATTa,84) (TWCa,84) (VZa,82) (GSATa,77) (UGAa,77)
-----
ATT:(ATT,0) (UGA,5) (GSAT,5) (CMCT,1) (TWC,1) (VONA,2) (VZ,10) (VZb,5) (ATTb,7) (OSU,7) (UCc,6) (UC,7) (PTGN,9) (UGAb,12) (GSATb,12) (CMCTb,8) (GTc,6) (OSUc,6) (GTb,6) (GT,7) (EGLN,9) (GTa,57) (DRPA,10) (UCa,57) (EGLNa,59) (TWCb,8) (VONAb,9) (UCb,6) (EGLNb,8) (EGLNc,8) (PTGNc,8) (OSUb,6) (DRPAb,9) (DRPAc,9) (OSUa,57) (DRPAa,60) (VONAc,11) (PTGNb,8) (CMCTc,21) (PTGNa,59) (CMCTa,72) (VZc,19) (GSATc,14) (ATTc,21) (TWCc,21) (VONAa,62) (ATTa,72) (TWCa,72) (UGAc,14) (VZa,70) (GSATa,65) (UGAa,65)
ATTa:(ATTa,0) (UGAa,5) (GSATa,5) (CMCTa,1) (TWCa,1) (VONAa,2) (VZa,10)
ATTb:(ATTb,0) (UGAb,5) (GSATb,5) (CMCTb,1) (TWCb,1) (VONAb,2) (VZb,10) (CMCT,15) (OSU,12) (UCc,11) (UC,12) (PTGN,14) (ATT,16) (TWC,15) (GTc,11) (OSUc,11) (GTb,11) (GT,12) (VONA,16) (EGLN,14) (GTa,62) (DRPA,15) (UCa,62) (EGLNa,64) (UGA,19) (GSAT,19) (UCb,11) (EGLNb,13) (EGLNc,13) (PTGNc,13) (OSUb,11) (DRPAb,14) (DRPAc,14) (VZ,24) (OSUa,62) (DRPAa,65) (VONAc,16) (PTGNb,13) (CMCTc,26) (PTGNa,64) (CMCTa,77) (VZc,24) (GSATc,19) (ATTc,26) (TWCc,26) (VONAa,67) (ATTa,77) (TWCa,77) (UGAc,19) (VZa,75) (GSATa,70) (UGAa,70)
ATTc:(ATTc,0) (UGAc,5) (GSATc,5) (CMCTc,1) (TWCc,1) (VONAc,2) (VZc,10) (UCb,14) (GTb,14) (OSUb,14) (EGLNb,16) (PTGNb,16) (DRPAb,17) (VONAb,19) (CMCTb,29) (VZb,27) (GSATb,22) (ATTb,29) (TWCb,29) (CMCT,32) (OSU,29) (UCc,28) (UGAb,22) (UC,29) (PTGN,31) (ATT,33) (TWC,32) (GTc,28) (OSUc,28) (GT,29) (VONA,33) (EGLN,31) (GTa,79) (DRPA,32) (UCa,79) (EGLNa,81) (UGA,36) (GSAT,36) (EGLNc,30) (PTGNc,30) (DRPAc,31) (VZ,41) (OSUa,79) (DRPAa,82) (PTGNa,81) (CMCTa,94) (VONAa,84) (ATTa,95) (TWCa,94) (VZa,92) (GSATa,87) (UGAa,145)
CMCT:(CMCT,0) (ATT,1) (TWC,0) (VONA,1) (UGA,4) (GSAT,4) (VZ,9) (VZb,4) (ATTb,6) (OSU,6) (UCc,5) (UC,6) (PTGN,8) (UGAb,11) (GSATb,11) (CMCTb,7) (GTc,5) (OSUc,5) (GTb,5) (GT,6) (EGLN,8) (GTa,56) (DRPA,9) (UCa,56) (EGLNa,58) (TWCb,7) (VONAb,8) (UCb,5) (EGLNb,7) (EGLNc,7) (PTGNc,7) (OSUb,5) (DRPAb,8) (DRPAc,8) (OSUa,56) (DRPAa,59) (VONAc,10) (PTGNb,7) (CMCTc,20) (PTGNa,58) (CMCTa,71) (VZc,18) (GSATc,13) (ATTc,20) (TWCc,20) (VONAa,61) (ATTa,71) (TWCa,71) (UGAc,13) (VZa,69) (GSATa,64) (UGAa,64)
CMCTa:(CMCTa,0) (ATTa,1) (TWCa,0) (VONAa,1) (UGAa,4) (GSATa,4) (VZa,9)
CMCTb:(CMCTb,0) (ATTb,1) (TWCb,0) (VONAb,1) (UGAb,4) (GSATb,4) (VZb,9) (CMCT,14) (OSU,11) (UCc,10) (UC,11) (PTGN,13) (ATT,15) (TWC,14) (GTc,10) (OSUc,10) (GTb,10) (GT,11) (VONA,15) (EGLN,13) (GTa,61) (DRPA,14) (UCa,61) (EGLNa,63) (UGA,18) (GSAT,18) (UCb,10) (EGLNb,12) (EGLNc,12) (PTGNc,12) (OSUb,10) (DRPAb,13) (DRPAc,13) (VZ,23) (OSUa,61) (DRPAa,64) (VONAc,15) (PTGNb,12) (CMCTc,25) (PTGNa,63) (CMCTa,76) (VZc,23) (GSATc,18) (ATTc,25) (TWCc,25) (VONAa,66) (ATTa,76) (TWCa,76) (UGAc,18) (VZa,74) (GSATa,69) (UGAa,69)
CMCTc:(CMCTc,0) (ATTc,1) (TWCc,0) (VONAc,1) (UGAc,4) (GSATc,4) (VZc,9) (UCb,13) (GTb,13) (OSUb,13) (EGLNb,15) (PTGNb,15) (DRPAb,16) (VONAb,18) (CMCTb,28) (VZb,26) (GSATb,21) (ATTb,28) (TWCb,28) (CMCT,31) (OSU,28) (UCc,27) (UGAb,21) (UC,28) (PTGN,30) (ATT,32) (TWC,31) (GTc,27) (OSUc,27) (GT,28) (VONA,32) (EGLN,30) (GTa,78) (DRPA,31) (UCa,78) (EGLNa,80) (UGA,35) (GSAT,35) (EGLNc,29) (PTGNc,29) (DRPAc,30) (VZ,40) (OSUa,78) (DRPAa,81) (PTGNa,80) (CMCTa,93) (VONAa,83) (ATTa,94) (TWCa,93)
DRPA:(DRPA,0) (EGLN,1) (CMCT,12) (GT,-1) (ATT,13) (TWC,12) (UC,-1) (GTa,49) (OSU,-1) (UCa,49) (EGLNa,51) (VONA,4) (UGA,7) (GSAT,7) (PTGN,1) (OSUa,49) (DRPAa,52) (VZ,12) (PTGNa,51) (CMCTa,64) (VZb,7) (VONAa,54) (ATTa,64) (TWCa,64) (ATTb,9) (UCc,8) (VZa,62) (GSATa,57) (UGAa,57) (UGAb,14) (GSATb,14) (CMCTb,10) (GTc,8) (OSUc,8) (GTb,8) (TWCb,10) (VONAb,11) (UCb,8) (EGLNb,10) (EGLNc,10) (PTGNc,10) (OSUb,8) (DRPAb,11) (DRPAc,11) (VONAc,13) (PTGNb,10) (CMCTc,23) (VZc,21) (GSATc,16) (ATTc,23) (TWCc,23) (UGAc,16)
DRPAa:(DRPAa,0) (EGLNa,1) (CMCTa,12) (GTa,-1) (ATTa,13) (TWCa,12) (UCa,-1) (GT,49) (UC,49) (EGLN,51) (OSUa,-1) (OSU,49) (DRPA,52) (VONAa,4) (UGAa,7) (GSATa,7) (PTGNa,1) (PTGN,51) (CMCT,62) (VZa,12) (VONA,54) (ATT,63) (TWC,62) (VZ,62) (GSAT,57) (UGA,57) (VZb,57) (ATTb,59) (UCc,58) (UGAb,64) (GSATb,64) (CMCTb,60) (GTc,58) (OSUc,58) (GTb,58) (TWCb,60) (VONAb,61) (UCb,58) (EGLNb,60) (EGLNc,60) (PTGNc,60) (OSUb,58) (DRPAb,61) (DRPAc,61) (VONAc,63) (PTGNb,60) (CMCTc,73) (VZc,71) (GSATc,66) (ATTc,73) (TWCc,73) (UGAc,66)
DRPAb:(DRPAb,0) (EGLNb,1) (CMCTb,12) (GTb,-1) (ATTb,13) (TWCb,12) (UCb,-1) (OSUb,-1) (VONAb,4) (UGAb,7) (GSATb,7) (PTGNb,1) (VZb,12) (CMCT,17) (OSU,14) (UCc,13) (UC,14) (PTGN,16) (ATT,18) (TWC,17) (GTc,13) (OSUc,13) (GT,14) (VONA,18) (EGLN,16) (GTa,64) (DRPA,17) (UCa,64) (EGLNa,66) (UGA,21) (GSAT,21) (EGLNc,15) (PTGNc,15) (DRPAc,16) (VZ,26) (OSUa,64) (DRPAa,67) (VONAc,18) (CMCTc,28) (PTGNa,66) (CMCTa,79) (VZc,26) (GSATc,21) (ATTc,28) (TWCc,28) (VONAa,69) (ATTa,79) (TWCa,79) (UGAc,21) (VZa,77) (GSATa,72) (UGAa,72)
DRPAc:(DRPAc,0) (EGLNc,1) (CMCTc,12) (GTc,-1) (ATTc,13) (TWCc,12) (UCc,-1) (OSUc,-1) (OSU,1) (GTb,-1) (VONAc,4) (UGAc,7) (GSATc,7) (UC,1) (PTGN,3) (UCb,-1) (EGLNb,1) (PTGNc,1) (GT,1) (VONA,6) (EGLN,3) (GTa,51) (DRPA,4) (UCa,51) (EGLNa,53) (OSUb,-1) (DRPAb,2) (VZc,12) (VZ,14) (GSAT,9) (CMCT,14) (OSUa,51) (DRPAa,54) (PTGNb,1) (CMCTb,12) (ATT,15) (VZb,9) (UGA,9) (TWC,14) (PTGNa,53) (CMCTa,66) (VONAb,4) (ATTb,11) (TWCb,12) (VONAa,56) (ATTa,66) (TWCa,66) (GSATb,7) (UGAb,7) (VZa,64) (GSATa,59) (UGAa,59)
EGLN:(EGLN,0) (GT,-2) (DRPA,1) (UC,-2) (GTa,48) (CMCT,11) (OSU,-2) (UCa,48) (EGLNa,50) (ATT,12) (TWC,11) (PTGN,0) (OSUa,48) (DRPAa,51) (VONA,3) (UGA,6) (GSAT,6) (PTGNa,50) (CMCTa,63) (VZ,11) (VONAa,53) (ATTa,63) (TWCa,63) (VZb,6) (VZa,61) (GSATa,56) (UGAa,56) (ATTb,8) (UCc,7) (UGAb,13) (GSATb,13) (CMCTb,9) (GTc,7) (OSUc,7) (GTb,7) (TWCb,9) (VONAb,10) (UCb,7) (EGLNb,9) (EGLNc,9) (PTGNc,9) (OSUb,7) (DRPAb,10) (DRPAc,10) (VONAc,12) (PTGNb,9) (CMCTc,22) (VZc,20) (GSATc,15) (ATTc,22) (TWCc,22) (UGAc,15)
EGLNa:(EGLNa,0) (GTa,-2) (DRPAa,1) (UCa,-2) (GT,48) (CMCTa,13) (UC,48) (EGLN,50) (OSUa,-2) (OSU,48) (DRPA,51) (ATTa,13) (TWCa,13) (PTGNa,0) (PTGN,50) (CMCT,61) (VONAa,3) (UGAa,6) (GSATa,6) (VONA,53) (ATT,62) (TWC,61) (VZa,11) (VZ,61) (GSAT,56) (UGA,56) (VZb,56) (ATTb,58) (UCc,57) (UGAb,63) (GSATb,63) (CMCTb,59) (GTc,57) (OSUc,57) (GTb,57) (TWCb,59) (VONAb,60) (UCb,57) (EGLNb,59) (EGLNc,59) (PTGNc,59) (OSUb,57) (DRPAb,60) (DRPAc,60) (VONAc,62) (PTGNb,59) (CMCTc,72) (VZc,70) (GSATc,65) (ATTc,72) (TWCc,72) (UGAc,65)
EGLNb:(EGLNb,0) (GTb,-2) (DRPAb,1) (UCb,-2) (CMCTb,13) (OSUb,-2) (ATTb,13) (TWCb,13) (PTGNb,0) (VONAb,3) (UGAb,6) (GSATb,6) (VZb,11) (CMCT,16) (OSU,13) (UCc,12) (UC,13) (PTGN,15) (ATT,17) (TWC,16) (GTc,12) (OSUc,12) (GT,13) (VONA,17) (EGLN,15) (GTa,63) (DRPA,16) (UCa,63) (EGLNa,65) (UGA,20) (GSAT,20) (EGLNc,14) (PTGNc,14) (DRPAc,15) (VZ,25) (OSUa,63) (DRPAa,66) (VONAc,17) (CMCTc,27) (PTGNa,65) (CMCTa,78) (VZc,25) (GSATc,20) (ATTc,27) (TWCc,27) (VONAa,68) (ATTa,78) (TWCa,78) (UGAc,20) (VZa,76) (GSATa,71) (UGAa,71)
EGLNc:(EGLNc,0) (GTc,-2) (DRPAc,1) (UCc,-2) (CMCTc,13) (OSUc,-2) (OSU,0) (GTb,-2) (ATTc,13) (TWCc,13) (UC,0) (PTGN,2) (UCb,-2) (EGLNb,0) (PTGNc,0) (GT,0) (VONA,5) (EGLN,2) (GTa,50) (DRPA,3) (UCa,50) (EGLNa,52) (OSUb,-2) (DRPAb,1) (VONAc,3) (UGAc,6) (GSATc,6) (VZ,13) (GSAT,8) (CMCT,13) (OSUa,50) (DRPAa,53) (PTGNb,0) (CMCTb,11) (VZc,11) (ATT,14) (VZb,8) (UGA,8) (TWC,13) (PTGNa,52) (CMCTa,65) (VONAb,3) (ATTb,10) (TWCb,11) (VONAa,55) (ATTa,65) (TWCa,65) (GSATb,6) (UGAb,6) (VZa,63) (GSATa,58) (UGAa,58)
GSAT:(GSAT,0) (VONA,-3) (UGA,0) (VZ,5) (ATT,6) (VZb,0) (CMCT,5) (TWC,5) (ATTb,2) (OSU,2) (UCc,1) (UC,2) (PTGN,4) (UGAb,7) (GSATb,7) (CMCTb,3) (GTc,1) (OSUc,1) (GTb,1) (GT,2) (EGLN,4) (GTa,52) (DRPA,5) (UCa,52) (EGLNa,54) (TWCb,3) (VONAb,4) (UCb,1) (EGLNb,3) (EGLNc,3) (PTGNc,3) (OSUb,1) (DRPAb,4) (DRPAc,4) (OSUa,52) (DRPAa,55) (VONAc,6) (PTGNb,3) (CMCTc,16) (PTGNa,54) (CMCTa,67) (VZc,14) (GSATc,9) (ATTc,16) (TWCc,16) (VONAa,57) (ATTa,67) (TWCa,67) (UGAc,9) (VZa,65) (GSATa,60) (UGAa,60)
GSATa:(GSATa,0) (VONAa,-3) (UGAa,0) (VZa,5) (ATTa,7) (CMCTa,8) (TWCa,8)
GSATb:(GSATb,0) (VONAb,-3) (UGAb,0) (VZb,5) (ATTb,7) (CMCT,10) (OSU,7) (UCc,6) (CMCTb,8) (TWCb,8) (UC,7) (PTGN,9) (ATT,11) (TWC,10) (GTc,6) (OSUc,6) (GTb,6) (GT,7) (VONA,11) (EGLN,9) (GTa,57) (DRPA,10) (UCa,57) (EGLNa,59) (UGA,14) (GSAT,14) (UCb,6) (EGLNb,8) (EGLNc,8) (PTGNc,8) (OSUb,6) (DRPAb,9) (DRPAc,9) (VZ,19) (OSUa,57) (DRPAa,60) (VONAc,11) (PTGNb,8) (CMCTc,21) (PTGNa,59) (CMCTa,72) (VZc,19) (GSATc,14) (ATTc,21) (TWCc,21) (VONAa,62) (ATTa,72) (TWCa,72) (UGAc,14) (VZa,70) (GSATa,65) (UGAa,65)
GSATc:(GSATc,0) (VONAc,-3) (UGAc,0) (VZc,5) (ATTc,7) (UCb,9) (CMCTc,8) (TWCc,8) (GTb,9) (OSUb,9) (EGLNb,11) (PTGNb,11) (DRPAb,12) (VONAb,14) (CMCTb,24) (VZb,22) (GSATb,17) (ATTb,24) (TWCb,24) (CMCT,27) (OSU,24) (UCc,23) (UGAb,17) (UC,24) (PTGN,26) (ATT,28) (TWC,27) (GTc,23) (OSUc,23) (GT,24) (VONA,28) (EGLN,26) (GTa,74) (DRPA,27) (UCa,74) (EGLNa,76) (UGA,31) (GSAT,31) (EGLNc,25) (PTGNc,25) (DRPAc,26) (VZ,36) (OSUa,74) (DRPAa,77) (PTGNa,76) (CMCTa,89) (VONAa,79) (ATTa,89) (TWCa,89) (VZa,87) (GSATa,82) (UGAa,82)
GT:(GT,0) (UC,0) (EGLN,2) (GTa,50) (OSU,0) (DRPA,3) (UCa,50) (EGLNa,52) (PTGN,2) (CMCT,13) (OSUa,50) (DRPAa,53) (VONA,5) (ATT,14) (TWC,13) (PTGNa,52) (CMCTa,65) (VZ,13) (GSAT,8) (UGA,8) (VONAa,55) (ATTa,65) (TWCa,65) (VZb,8) (VZa,63) (GSATa,58) (UGAa,58) (ATTb,10) (UCc,9) (UGAb,15) (GSATb,15) (CMCTb,11) (GTc,9) (OSUc,9) (GTb,9) (TWCb,11) (VONAb,12) (UCb,9) (EGLNb,11) (EGLNc,11) (PTGNc,11) (OSUb,9) (DRPAb,12) (DRPAc,12) (VONAc,14) (PTGNb,11) (CMCTc,24) (VZc,22) (GSATc,17) (ATTc,24) (TWCc,24) (UGAc,17)
GTa:(GTa,0) (UCa,0) (EGLNa,2) (GT,50) (UC,50) (EGLN,52) (OSUa,0) (DRPAa,3) (OSU,50) (DRPA,53) (PTGNa,2) (CMCTa,15) (PTGN,52) (CMCT,63) (VONAa,5) (ATTa,15) (TWCa,15) (VONA,55) (ATT,64) (TWC,63) (VZa,13) (GSATa,8) (UGAa,8) (VZ,63) (GSAT,58) (UGA,58) (VZb,58) (ATTb,60) (UCc,59) (UGAb,65) (GSATb,65) (CMCTb,61) (GTc,59) (OSUc,59) (GTb,59) (TWCb,61) (VONAb,62) (UCb,59) (EGLNb,61) (EGLNc,61) (PTGNc,61) (OSUb,59) (DRPAb,62) (DRPAc,62) (VONAc,64) (PTGNb,61) (CMCTc,74) (VZc,72) (GSATc,67) (ATTc,74) (TWCc,74) (UGAc,67)
GTb:(GTb,0) (UCb,0) (EGLNb,2) (OSUb,0) (DRPAb,3) (PTGNb,2) (CMCTb,15) (VONAb,5) (ATTb,15) (TWCb,15) (VZb,13) (GSATb,8) (UGAb,8) (CMCT,18) (OSU,15) (UCc,14) (UC,15) (PTGN,17) (ATT,19) (TWC,18) (GTc,14) (OSUc,14) (GT,15) (VONA,19) (EGLN,17) (GTa,65) (DRPA,18) (UCa,65) (EGLNa,67) (UGA,22) (GSAT,22) (EGLNc,16) (PTGNc,16) (DRPAc,17) (VZ,27) (OSUa,65) (DRPAa,68) (VONAc,19) (CMCTc,29) (PTGNa,67) (CMCTa,80) (VZc,27) (GSATc,22) (ATTc,29) (TWCc,29) (VONAa,70) (ATTa,80) (TWCa,80) (UGAc,22) (VZa,78) (GSATa,73) (UGAa,73)
GTc:(GTc,0) (UCc,0) (EGLNc,2) (OSUc,0) (OSU,2) (GTb,0) (DRPAc,3) (UC,2) (PTGN,4) (UCb,0) (EGLNb,2) (PTGNc,2) (GT,2) (VONA,7) (EGLN,4) (GTa,52) (DRPA,5) (UCa,52) (EGLNa,54) (OSUb,0) (DRPAb,3) (CMCTc,15) (VONAc,5) (VZ,15) (GSAT,10) (CMCT,15) (OSUa,52) (DRPAa,55) (PTGNb,2) (CMCTb,13) (ATTc,15) (TWCc,15) (VZc,13) (GSATc,8) (ATT,16) (VZb,10) (UGA,10) (TWC,15) (PTGNa,54) (CMCTa,67) (VONAb,5) (ATTb,12) (TWCb,13) (UGAc,8) (VONAa,57) (ATTa,67) (TWCa,67) (GSATb,8) (UGAb,8) (VZa,65) (GSATa,60) (UGAa,60)
OSU:(OSU,0) (UC,0) (PTGN,2) (GT,0) (VONA,5) (EGLN,2) (GTa,50) (DRPA,3) (UCa,50) (EGLNa,52) (VZ,13) (GSAT,8) (CMCT,13) (OSUa,50) (DRPAa,53) (ATT,14) (VZb,8) (UGA,8) (TWC,13) (PTGNa,52) (CMCTa,65) (ATTb,10) (UCc,9) (VONAa,55) (ATTa,65) (TWCa,65) (UGAb,15) (GSATb,15) (CMCTb,11) (GTc,9) (OSUc,9) (GTb,9) (VZa,63) (GSATa,58) (UGAa,58) (TWCb,11) (VONAb,12) (UCb,9) (EGLNb,11) (EGLNc,11) (PTGNc,11) (OSUb,9) (DRPAb,12) (DRPAc,12) (VONAc,14) (PTGNb,11) (CMCTc,24) (VZc,22) (GSATc,17) (ATTc,24) (TWCc,24) (UGAc,17)
OSUa:(OSUa,0) (UCa,0) (PTGNa,2) (GTa,0) (VONAa,5) (EGLNa,2) (GT,50) (UC,50) (EGLN,52) (DRPAa,3) (OSU,50) (DRPA,53) (VZa,13) (GSATa,8) (CMCTa,15) (PTGN,52) (CMCT,63) (ATTa,15) (UGAa,8) (TWCa,15) (VONA,55) (ATT,64) (TWC,63) (VZ,63) (GSAT,58) (UGA,58) (VZb,58) (ATTb,60) (UCc,59) (UGAb,65) (GSATb,65) (CMCTb,61) (GTc,59) (OSUc,59) (GTb,59) (TWCb,61) (VONAb,62) (UCb,59) (EGLNb,61) (EGLNc,61) (PTGNc,61) (OSUb,59) (DRPAb,62) (DRPAc,62) (VONAc,64) (PTGNb,61) (CMCTc,74) (VZc,72) (GSATc,67) (ATTc,74) (TWCc,74) (UGAc,67)
OSUb:(OSUb,0) (UCb,0) (PTGNb,2) (GTb,0) (VONAb,5) (EGLNb,2) (DRPAb,3) (VZb,13) (GSATb,8) (CMCTb,15) (ATTb,15) (CMCT,18) (OSU,15) (UCc,14) (UGAb,8) (TWCb,15) (UC,15) (PTGN,17) (ATT,19) (TWC,18) (GTc,14) (OSUc,14) (GT,15) (VONA,19) (EGLN,17) (GTa,65) (DRPA,18) (UCa,65) (EGLNa,67) (UGA,22) (GSAT,22) (EGLNc,16) (PTGNc,16) (DRPAc,17) (VZ,27) (OSUa,65) (DRPAa,68) (VONAc,19) (CMCTc,29) (PTGNa,67) (CMCTa,80) (VZc,27) (GSATc,22) (ATTc,29) (TWCc,29) (VONAa,70) (ATTa,80) (TWCa,80) (UGAc,22) (VZa,78) (GSATa,73) (UGAa,73)
OSUc:(OSUc,0) (UCc,0) (PTGNc,2) (GTc,0) (OSU,2) (GTb,0) (VONAc,5) (UC,2) (PTGN,4) (UCb,0) (EGLNb,2) (EGLNc,2) (GT,2) (VONA,7) (EGLN,4) (GTa,52) (DRPA,5) (UCa,52) (EGLNa,54) (OSUb,0) (DRPAb,3) (DRPAc,3) (VZc,13) (GSATc,8) (VZ,15) (GSAT,10) (CMCT,15) (OSUa,52) (DRPAa,55) (PTGNb,2) (CMCTb,13) (CMCTc,15) (ATTc,15) (UGAc,8) (ATT,16) (VZb,10) (UGA,10) (TWC,15) (PTGNa,54) (CMCTa,67) (VONAb,5) (ATTb,12) (TWCb,13) (TWCc,15) (VONAa,57) (ATTa,67) (TWCa,67) (GSATb,8) (UGAb,8) (VZa,65) (GSATa,60) (UGAa,60)
PTGN:(PTGN,0) (OSU,-1) (VONA,3) (UC,-1) (VZ,11) (GSAT,6) (GT,-1) (EGLN,1) (GTa,49) (DRPA,2) (UCa,49) (EGLNa,51) (ATT,12) (VZb,6) (UGA,6) (CMCT,11) (OSUa,49) (DRPAa,52) (ATTb,8) (UCc,7) (TWC,11) (PTGNa,51) (CMCTa,64) (UGAb,13) (GSATb,13) (CMCTb,9) (GTc,7) (OSUc,7) (GTb,7) (VONAa,54) (ATTa,64) (TWCa,64) (TWCb,9) (VONAb,10) (UCb,7) (EGLNb,9) (EGLNc,9) (PTGNc,9) (OSUb,7) (DRPAb,10) (DRPAc,10) (VZa,62) (GSATa,57) (UGAa,57) (VONAc,12) (PTGNb,9) (CMCTc,22) (VZc,20) (GSATc,15) (ATTc,22) (TWCc,22) (UGAc,15)
PTGNa:(PTGNa,0) (OSUa,-1) (VONAa,3) (UCa,-1) (VZa,11) (GSATa,6) (GTa,-1) (EGLNa,1) (GT,49) (UC,49) (EGLN,51) (DRPAa,2) (OSU,49) (DRPA,52) (ATTa,13) (UGAa,6) (CMCTa,14) (PTGN,51) (CMCT,62) (TWCa,14) (VONA,54) (ATT,63) (TWC,62) (VZ,62) (GSAT,57) (UGA,57) (VZb,57) (ATTb,59) (UCc,58) (UGAb,64) (GSATb,64) (CMCTb,60) (GTc,58) (OSUc,58) (GTb,58) (TWCb,60) (VONAb,61) (UCb,58) (EGLNb,60) (EGLNc,60) (PTGNc,60) (OSUb,58) (DRPAb,61) (DRPAc,61) (VONAc,63) (PTGNb,60) (CMCTc,73) (VZc,71) (GSATc,66) (ATTc,73) (TWCc,73) (UGAc,66)
PTGNb:(PTGNb,0) (OSUb,-1) (VONAb,3) (UCb,-1) (VZb,11) (GSATb,6) (GTb,-1) (EGLNb,1) (DRPAb,2) (ATTb,13) (CMCT,16) (OSU,13) (UCc,12) (UGAb,6) (CMCTb,14) (UC,13) (PTGN,15) (ATT,17) (TWC,16) (GTc,12) (OSUc,12) (GT,13) (VONA,17) (EGLN,15) (GTa,63) (DRPA,16) (UCa,63) (EGLNa,65) (UGA,20) (GSAT,20) (TWCb,14) (EGLNc,14) (PTGNc,14) (DRPAc,15) (VZ,25) (OSUa,63) (DRPAa,66) (VONAc,17) (CMCTc,27) (PTGNa,65) (CMCTa,78) (VZc,25) (GSATc,20) (ATTc,27) (TWCc,27) (VONAa,68) (ATTa,78) (TWCa,78) (UGAc,20) (VZa,76) (GSATa,71) (UGAa,71)
PTGNc:(PTGNc,0) (OSUc,-1) (VONAc,3) (UCc,-1) (VZc,11) (GSATc,6) (GTc,-1) (OSU,1) (GTb,-1) (UC,1) (PTGN,3) (UCb,-1) (EGLNb,1) (EGLNc,1) (GT,1) (VONA,6) (EGLN,3) (GTa,51) (DRPA,4) (UCa,51) (EGLNa,53) (OSUb,-1) (DRPAb,2) (DRPAc,2) (ATTc,13) (UGAc,6) (VZ,14) (GSAT,9) (CMCT,14) (OSUa,51) (DRPAa,54) (PTGNb,1) (CMCTb,12) (CMCTc,14) (ATT,15) (VZb,9) (UGA,9) (TWC,14) (PTGNa,53) (CMCTa,66) (VONAb,4) (ATTb,11) (TWCb,12) (TWCc,14) (VONAa,56) (ATTa,66) (TWCa,66) (GSATb,7) (UGAb,7) (VZa,64) (GSATa,59) (UGAa,59)
TWC:(TWC,0) (CMCT,0) (VONA,1) (ATT,1) (VZ,9) (GSAT,4) (UGA,4) (VZb,4) (ATTb,6) (OSU,6) (UCc,5) (UC,6) (PTGN,8) (UGAb,11) (GSATb,11) (CMCTb,7) (GTc,5) (OSUc,5) (GTb,5) (GT,6) (EGLN,8) (GTa,56) (DRPA,9) (UCa,56) (EGLNa,58) (TWCb,7) (VONAb,8) (UCb,5) (EGLNb,7) (EGLNc,7) (PTGNc,7) (OSUb,5) (DRPAb,8) (DRPAc,8) (OSUa,56) (DRPAa,59) (VONAc,10) (PTGNb,7) (CMCTc,20) (PTGNa,58) (CMCTa,71) (VZc,18) (GSATc,13) (ATTc,20) (TWCc,20) (VONAa,61) (ATTa,71) (TWCa,71) (UGAc,13) (VZa,69) (GSATa,64) (UGAa,64)
TWCa:(TWCa,0) (CMCTa,0) (VONAa,1) (ATTa,1) (VZa,9) (GSATa,4) (UGAa,4)
TWCb:(TWCb,0) (CMCTb,0) (VONAb,1) (ATTb,1) (VZb,9) (GSATb,4) (UGAb,4) (CMCT,14) (OSU,11) (UCc,10) (UC,11) (PTGN,13) (ATT,15) (TWC,14) (GTc,10) (OSUc,10) (GTb,10) (GT,11) (VONA,15) (EGLN,13) (GTa,61) (DRPA,14) (UCa,61) (EGLNa,63) (UGA,18) (GSAT,18) (UCb,10) (EGLNb,12) (EGLNc,12) (PTGNc,12) (OSUb,10) (DRPAb,13) (DRPAc,13) (VZ,23) (OSUa,61) (DRPAa,64) (VONAc,15) (PTGNb,12) (CMCTc,25) (PTGNa,63) (CMCTa,76) (VZc,23) (GSATc,18) (ATTc,25) (TWCc,25) (VONAa,66) (ATTa,76) (TWCa,76) (UGAc,18) (VZa,74) (GSATa,69) (UGAa,69)
TWCc:(TWCc,0) (CMCTc,0) (VONAc,1) (ATTc,1) (VZc,9) (GSATc,4) (UGAc,4) (UCb,13) (GTb,13) (OSUb,13) (EGLNb,15) (PTGNb,15) (DRPAb,16) (VONAb,18) (CMCTb,28) (VZb,26) (GSATb,21) (ATTb,28) (TWCb,28) (CMCT,31) (OSU,28) (UCc,27) (UGAb,21) (UC,28) (PTGN,30) (ATT,32) (TWC,31) (GTc,27) (OSUc,27) (GT,28) (VONA,32) (EGLN,30) (GTa,78) (DRPA,31) (UCa,78) (EGLNa,80) (UGA,35) (GSAT,35) (EGLNc,29) (PTGNc,29) (DRPAc,30) (VZ,40) (OSUa,78) (DRPAa,81) (PTGNa,80) (CMCTa,93) (VONAa,83) (ATTa,94) (TWCa,93) (VZa,91) (GSATa,86) (UGAa,144)
UC:(UC,0) (GT,0) (OSU,0) (EGLN,2) (GTa,50) (PTGN,2) (DRPA,3) (UCa,50) (EGLNa,52) (VONA,5) (CMCT,13) (OSUa,50) (DRPAa,53) (VZ,13) (GSAT,8) (ATT,14) (TWC,13) (PTGNa,52) (CMCTa,65) (VZb,8) (UGA,8) (VONAa,55) (ATTa,65) (TWCa,65) (ATTb,10) (UCc,9) (VZa,63) (GSATa,58) (UGAa,58) (UGAb,15) (GSATb,15) (CMCTb,11) (GTc,9) (OSUc,9) (GTb,9) (TWCb,11) (VONAb,12) (UCb,9) (EGLNb,11) (EGLNc,11) (PTGNc,11) (OSUb,9) (DRPAb,12) (DRPAc,12) (VONAc,14) (PTGNb,11) (CMCTc,24) (VZc,22) (GSATc,17) (ATTc,24) (TWCc,24) (UGAc,17)
UCa:(UCa,0) (GTa,0) (OSUa,0) (EGLNa,2) (GT,50) (PTGNa,2) (UC,50) (EGLN,52) (DRPAa,3) (OSU,50) (DRPA,53) (VONAa,5) (CMCTa,15) (PTGN,52) (CMCT,63) (VZa,13) (GSATa,8) (ATTa,15) (TWCa,15) (VONA,55) (ATT,64) (TWC,63) (UGAa,8) (VZ,63) (GSAT,58) (UGA,58) (VZb,58) (ATTb,60) (UCc,59) (UGAb,65) (GSATb,65) (CMCTb,61) (GTc,59) (OSUc,59) (GTb,59) (TWCb,61) (VONAb,62) (UCb,59) (EGLNb,61) (EGLNc,61) (PTGNc,61) (OSUb,59) (DRPAb,62) (DRPAc,62) (VONAc,64) (PTGNb,61) (CMCTc,74) (VZc,72) (GSATc,67) (ATTc,74) (TWCc,74) (UGAc,67)
UCb:(UCb,0) (GTb,0) (OSUb,0) (EGLNb,2) (PTGNb,2) (DRPAb,3) (VONAb,5) (CMCTb,15) (VZb,13) (GSATb,8) (ATTb,15) (TWCb,15) (CMCT,18) (OSU,15) (UCc,14) (UGAb,8) (UC,15) (PTGN,17) (ATT,19) (TWC,18) (GTc,14) (OSUc,14) (GT,15) (VONA,19) (EGLN,17) (GTa,65) (DRPA,18) (UCa,65) (EGLNa,67) (UGA,22) (GSAT,22) (EGLNc,16) (PTGNc,16) (DRPAc,17) (VZ,27) (OSUa,65) (DRPAa,68) (VONAc,19) (CMCTc,29) (PTGNa,67) (CMCTa,80) (VZc,27) (GSATc,22) (ATTc,29) (TWCc,29) (VONAa,70) (ATTa,80) (TWCa,80) (UGAc,22) (VZa,78) (GSATa,73) (UGAa,73)
UCc:(UCc,0) (GTc,0) (OSUc,0) (OSU,2) (GTb,0) (UC,2) (PTGN,4) (UCb,0) (EGLNb,2) (EGLNc,2) (PTGNc,2) (GT,2) (VONA,7) (EGLN,4) (GTa,52) (DRPA,5) (UCa,52) (EGLNa,54) (OSUb,0) (DRPAb,3) (DRPAc,3) (VONAc,5) (VZ,15) (GSAT,10) (CMCT,15) (OSUa,52) (DRPAa,55) (PTGNb,2) (CMCTb,13) (CMCTc,15) (VZc,13) (GSATc,8) (ATT,16) (VZb,10) (UGA,10) (TWC,15) (PTGNa,54) (CMCTa,67) (VONAb,5) (ATTb,12) (TWCb,13) (ATTc,15) (TWCc,15) (UGAc,8) (VONAa,57) (ATTa,67) (TWCa,67) (GSATb,8) (UGAb,8) (VZa,65) (GSATa,60) (UGAa,60)
UGA:(UGA,0) (ATT,50) (GSAT,50) (CMCT,51) (VONA,47) (TWC,51) (VZ,55) (VZb,50) (ATTb,52) (OSU,52) (UCc,51) (UC,52) (PTGN,54) (UGAb,57) (GSATb,57) (CMCTb,53) (GTc,51) (OSUc,51) (GTb,51) (GT,52) (EGLN,54) (GTa,102) (DRPA,55) (UCa,102) (EGLNa,104) (TWCb,53) (VONAb,54) (UCb,51) (EGLNb,53) (EGLNc,53) (PTGNc,53) (OSUb,51) (DRPAb,54) (DRPAc,54) (OSUa,102) (DRPAa,105) (VONAc,56) (PTGNb,53) (CMCTc,66) (PTGNa,104) (CMCTa,117) (VZc,64) (GSATc,59) (ATTc,66) (TWCc,66) (VONAa,107) (ATTa,117) (TWCa,117) (UGAc,59) (VZa,115) (GSATa,110) (UGAa,110)
UGAa:(UGAa,0) (ATTa,50) (GSATa,50) (CMCTa,51) (VONAa,47) (TWCa,51) (VZa,55)
UGAb:(UGAb,0) (ATTb,50) (GSATb,50) (CMCTb,51) (VONAb,47) (TWCb,51) (VZb,55) (CMCT,60) (OSU,57) (UCc,56) (UC,57) (PTGN,59) (ATT,61) (TWC,60) (GTc,56) (OSUc,56) (GTb,56) (GT,57) (VONA,61) (EGLN,59) (GTa,107) (DRPA,60) (UCa,107) (EGLNa,109) (UGA,64) (GSAT,64) (UCb,56) (EGLNb,58) (EGLNc,58) (PTGNc,58) (OSUb,56) (DRPAb,59) (DRPAc,59) (VZ,69) (OSUa,107) (DRPAa,110) (VONAc,61) (PTGNb,58) (CMCTc,71) (PTGNa,109) (CMCTa,122) (VZc,69) (GSATc,64) (ATTc,71) (TWCc,71) (VONAa,112) (ATTa,122) (TWCa,122) (UGAc,64) (VZa,120) (GSATa,115) (UGAa,115)
UGAc:(UGAc,0) (ATTc,50) (GSATc,50) (CMCTc,51) (VONAc,47) (TWCc,51) (VZc,55) (UCb,59) (GTb,59) (OSUb,59) (EGLNb,61) (PTGNb,61) (DRPAb,62) (VONAb,64) (CMCTb,74) (VZb,72) (GSATb,67) (ATTb,74) (TWCb,74) (CMCT,77) (OSU,74) (UCc,73) (UGAb,67) (UC,74) (PTGN,76) (ATT,78) (TWC,77) (GTc,73) (OSUc,73) (GT,74) (VONA,78) (EGLN,76) (GTa,124) (DRPA,77) (UCa,124) (EGLNa,126) (UGA,81) (GSAT,81) (EGLNc,75) (PTGNc,75) (DRPAc,76) (VZ,86) (OSUa,124) (DRPAa,127) (PTGNa,126) (CMCTa,139) (VONAa,129) (ATTa,139) (TWCa,139) (VZa,137) (GSATa,132) (UGAa,132)
VONA:(VONA,0) (VZ,8) (GSAT,3) (ATT,9) (VZb,3) (UGA,3) (CMCT,8) (ATTb,5) (OSU,5) (UCc,4) (TWC,8) (UC,5) (PTGN,7) (UGAb,10) (GSATb,10) (CMCTb,6) (GTc,4) (OSUc,4) (GTb,4) (GT,5) (EGLN,7) (GTa,55) (DRPA,8) (UCa,55) (EGLNa,57) (TWCb,6) (VONAb,7) (UCb,4) (EGLNb,6) (EGLNc,6) (PTGNc,6) (OSUb,4) (DRPAb,7) (DRPAc,7) (OSUa,55) (DRPAa,58) (VONAc,9) (PTGNb,6) (CMCTc,19) (PTGNa,57) (CMCTa,70) (VZc,17) (GSATc,12) (ATTc,19) (TWCc,19) (VONAa,60) (ATTa,70) (TWCa,70) (UGAc,12) (VZa,68) (GSATa,63) (UGAa,63)
VONAa:(VONAa,0) (VZa,8) (GSATa,3) (ATTa,10) (UGAa,3) (CMCTa,11) (TWCa,11)
VONAb:(VONAb,0) (VZb,8) (GSATb,3) (ATTb,10) (CMCT,13) (OSU,10) (UCc,9) (UGAb,3) (UC,10) (PTGN,12) (ATT,14) (TWC,13) (CMCTb,11) (GTc,9) (OSUc,9) (GTb,9) (GT,10) (VONA,14) (EGLN,12) (GTa,60) (DRPA,13) (UCa,60) (EGLNa,62) (UGA,17) (GSAT,17) (TWCb,11) (UCb,9) (EGLNb,11) (EGLNc,11) (PTGNc,11) (OSUb,9) (DRPAb,12) (DRPAc,12) (VZ,22) (OSUa,60) (DRPAa,63) (VONAc,14) (PTGNb,11) (CMCTc,24) (PTGNa,62) (CMCTa,75) (VZc,22) (GSATc,17) (ATTc,24) (TWCc,24) (VONAa,65) (ATTa,75) (TWCa,75) (UGAc,17) (VZa,73) (GSATa,68) (UGAa,68)
VONAc:(VONAc,0) (VZc,8) (GSATc,3) (ATTc,10) (UCb,12) (UGAc,3) (GTb,12) (OSUb,12) (CMCTc,11) (EGLNb,14) (PTGNb,14) (DRPAb,15) (TWCc,11) (VONAb,17) (CMCTb,27) (VZb,25) (GSATb,20) (ATTb,27) (TWCb,27) (CMCT,30) (OSU,27) (UCc,26) (UGAb,20) (UC,27) (PTGN,29) (ATT,31) (TWC,30) (GTc,26) (OSUc,26) (GT,27) (VONA,31) (EGLN,29) (GTa,77) (DRPA,30) (UCa,77) (EGLNa,79) (UGA,34) (GSAT,34) (EGLNc,28) (PTGNc,28) (DRPAc,29) (VZ,39) (OSUa,77) (DRPAa,80) (PTGNa,79) (CMCTa,92) (VONAa,82) (ATTa,92) (TWCa,92) (VZa,90) (GSATa,85) (UGAa,85)
VZ:(VZ,0) (ATT,1) (VZb,-5) (UGA,4) (GSAT,4) (CMCT,0) (ATTb,-3) (OSU,-3) (UCc,-4) (TWC,0) (VONA,1) (UC,-3) (PTGN,-1) (UGAb,2) (GSATb,2) (CMCTb,-2) (GTc,-4) (OSUc,-4) (GTb,-4) (GT,-3) (EGLN,-1) (GTa,47) (DRPA,0) (UCa,47) (EGLNa,49) (TWCb,-2) (VONAb,-1) (UCb,-4) (EGLNb,-2) (EGLNc,-2) (PTGNc,-2) (OSUb,-4) (DRPAb,-1) (DRPAc,-1) (OSUa,47) (DRPAa,50) (VONAc,1) (PTGNb,-2) (CMCTc,11) (PTGNa,49) (CMCTa,62) (VZc,9) (GSATc,4) (ATTc,11) (TWCc,11) (VONAa,52) (ATTa,62) (TWCa,62) (UGAc,4) (VZa,60) (GSATa,55) (UGAa,55)
VZa:(VZa,0) (ATTa,2) (UGAa,7) (GSATa,7) (CMCTa,3) (TWCa,3) (VONAa,4)
VZb:(VZb,0) (ATTb,2) (CMCT,5) (OSU,2) (UCc,1) (UC,2) (PTGN,4) (ATT,6) (TWC,5) (UGAb,7) (GSATb,7) (CMCTb,3) (GTc,1) (OSUc,1) (GTb,1) (GT,2) (VONA,6) (EGLN,4) (GTa,52) (DRPA,5) (UCa,52) (EGLNa,54) (UGA,9) (GSAT,9) (TWCb,3) (VONAb,4) (UCb,1) (EGLNb,3) (EGLNc,3) (PTGNc,3) (OSUb,1) (DRPAb,4) (DRPAc,4) (VZ,14) (OSUa,52) (DRPAa,55) (VONAc,6) (PTGNb,3) (CMCTc,16) (PTGNa,54) (CMCTa,67) (VZc,14) (GSATc,9) (ATTc,16) (TWCc,16) (VONAa,57) (ATTa,67) (TWCa,67) (UGAc,9) (VZa,65) (GSATa,60) (UGAa,60)
VZc:(VZc,0) (ATTc,2) (UCb,4) (GTb,4) (OSUb,4) (UGAc,7) (GSATc,7) (CMCTc,3) (EGLNb,6) (PTGNb,6) (DRPAb,7) (TWCc,3) (VONAc,4) (VONAb,9) (CMCTb,19) (VZb,17) (GSATb,12) (ATTb,19) (TWCb,19) (CMCT,22) (OSU,19) (UCc,18) (UGAb,12) (UC,19) (PTGN,21) (ATT,23) (TWC,22) (GTc,18) (OSUc,18) (GT,19) (VONA,23) (EGLN,21) (GTa,69) (DRPA,22) (UCa,69) (EGLNa,71) (UGA,26) (GSAT,26) (EGLNc,20) (PTGNc,20) (DRPAc,21) (VZ,31) (OSUa,69) (DRPAa,72) (PTGNa,71) (CMCTa,84) (VONAa,74) (ATTa,84) (TWCa,84) (VZa,82) (GSATa,77) (UGAa,77)
-----
ATT:(ATT,0) (UGA,5) (GSAT,5) (CMCT,1) (TWC,1) (VONA,2) (VZ,10) (VZb,5) (ATTb,7) (OSU,7) (UCc,6) (UC,7) (PTGN,9) (UGAb,12) (GSATb,12) (CMCTb,8) (GTc,6) (OSUc,6) (GTb,6) (GT,7) (EGLN,9) (GTa,57) (DRPA,10) (UCa,57) (EGLNa,59) (TWCb,8) (VONAb,9) (UCb,6) (EGLNb,8) (EGLNc,8) (PTGNc,8) (OSUb,6) (DRPAb,9) (DRPAc,9) (OSUa,57) (DRPAa,60) (VONAc,11) (PTGNb,8) (CMCTc,21) (PTGNa,59) (CMCTa,72) (VZc,19) (GSATc,14) (ATTc,21) (TWCc,21) (VONAa,62) (ATTa,72) (TWCa,72) (UGAc,14) (VZa,70) (GSATa,65) (UGAa,65)
ATTa:(ATTa,0) (UGAa,5) (GSATa,5) (CMCTa,1) (TWCa,1) (VONAa,2) (VZa,10)
ATTb:(ATTb,0) (UGAb,5) (GSATb,5) (CMCTb,1) (TWCb,1) (VONAb,2) (VZb,10) (CMCT,15) (OSU,12) (UCc,11) (UC,12) (PTGN,14) (ATT,16) (TWC,15) (GTc,11) (OSUc,11) (GTb,11) (GT,12) (VONA,16) (EGLN,14) (GTa,62) (DRPA,15) (UCa,62) (EGLNa,64) (UGA,19) (GSAT,19) (UCb,11) (EGLNb,13) (EGLNc,13) (PTGNc,13) (OSUb,11) (DRPAb,14) (DRPAc,14) (VZ,24) (OSUa,62) (DRPAa,65) (VONAc,16) (PTGNb,13) (CMCTc,26) (PTGNa,64) (CMCTa,77) (VZc,24) (GSATc,19) (ATTc,26) (TWCc,26) (VONAa,67) (ATTa,77) (TWCa,77) (UGAc,19) (VZa,75) (GSATa,70) (UGAa,70)
ATTc:(ATTc,0) (UGAc,5) (GSATc,5) (CMCTc,1) (TWCc,1) (VONAc,2) (VZc,10) (UCb,14) (GTb,14) (OSUb,14) (EGLNb,16) (PTGNb,16) (DRPAb,17) (VONAb,19) (CMCTb,29) (VZb,27) (GSATb,22) (ATTb,29) (TWCb,29) (CMCT,32) (OSU,29) (UCc,28) (UGAb,22) (UC,29) (PTGN,31) (ATT,33) (TWC,32) (GTc,28) (OSUc,28) (GT,29) (VONA,33) (EGLN,31) (GTa,79) (DRPA,32) (UCa,79) (EGLNa,81) (UGA,36) (GSAT,36) (EGLNc,30) (PTGNc,30) (DRPAc,31) (VZ,41) (OSUa,79) (DRPAa,82) (PTGNa,81) (CMCTa,94) (VONAa,84) (ATTa,94) (TWCa,94) (VZa,92) (GSATa,87) (UGAa,87)
CMCT:(CMCT,0) (ATT,1) (TWC,0) (VONA,1) (UGA,4) (GSAT,4) (VZ,9) (VZb,4) (ATTb,6) (OSU,6) (UCc,5) (UC,6) (PTGN,8) (UGAb,11) (GSATb,11) (CMCTb,7) (GTc,5) (OSUc,5) (GTb,5) (GT,6) (EGLN,8) (GTa,56) (DRPA,9) (UCa,56) (EGLNa,58) (TWCb,7) (VONAb,8) (UCb,5) (EGLNb,7) (EGLNc,7) (PTGNc,7) (OSUb,5) (DRPAb,8) (DRPAc,8) (OSUa,56) (DRPAa,59) (VONAc,10) (PTGNb,7) (CMCTc,20) (PTGNa,58) (CMCTa,71) (VZc,18) (GSATc,13) (ATTc,20) (TWCc,20) (VONAa,61) (ATTa,71) (TWCa,71) (UGAc,13) (VZa,69) (GSATa,64) (UGAa,64)
CMCTa:(CMCTa,0) (ATTa,1) (TWCa,0) (VONAa,1) (UGAa,4) (GSATa,4) (VZa,9)
CMCTb:(CMCTb,0) (ATTb,1) (TWCb,0) (VONAb,1) (UGAb,4) (GSATb,4) (VZb,9) (CMCT,14) (OSU,11) (UCc,10) (UC,11) (PTGN,13) (ATT,15) (TWC,14) (GTc,10) (OSUc,10) (GTb,10) (GT,11) (VONA,15) (EGLN,13) (GTa,61) (DRPA,14) (UCa,61) (EGLNa,63) (UGA,18) (GSAT,18) (UCb,10) (EGLNb,12) (EGLNc,12) (PTGNc,12) (OSUb,10) (DRPAb,13) (DRPAc,13) (VZ,23) (OSUa,61) (DRPAa,64) (VONAc,15) (PTGNb,12) (CMCTc,25) (PTGNa,63) (CMCTa,76) (VZc,23) (GSATc,18) (ATTc,25) (TWCc,25) (VONAa,66) (ATTa,76) (TWCa,76) (UGAc,18) (VZa,74) (GSATa,69) (UGAa,69)
CMCTc:(CMCTc,0) (ATTc,1) (TWCc,0) (VONAc,1) (UGAc,4) (GSATc,4) (VZc,9) (UCb,13) (GTb,13) (OSUb,13) (EGLNb,15) (PTGNb,15) (DRPAb,16) (VONAb,18) (CMCTb,28) (VZb,26) (GSATb,21) (ATTb,28) (TWCb,28) (CMCT,31) (OSU,28) (UCc,27) (UGAb,21) (UC,28) (PTGN,30) (ATT,32) (TWC,31) (GTc,27) (OSUc,27) (GT,28) (VONA,32) (EGLN,30) (GTa,78) (DRPA,31) (UCa,78) (EGLNa,80) (UGA,35) (GSAT,35) (EGLNc,29) (PTGNc,29) (DRPAc,30) (VZ,40) (OSUa,78) (DRPAa,81) (PTGNa,80) (CMCTa,93) (VONAa,83) (ATTa,94) (TWCa,93) (VZa,91) (GSATa,86) (UGAa,144)
DRPA:(DRPA,0) (EGLN,1) (CMCT,12) (GT,-1) (ATT,13) (TWC,12) (UC,-1) (GTa,49) (OSU,-1) (UCa,49) (EGLNa,51) (VONA,4) (UGA,7) (GSAT,7) (PTGN,1) (OSUa,49) (DRPAa,52) (VZ,12) (PTGNa,51) (CMCTa,64) (VZb,7) (VONAa,54) (ATTa,64) (TWCa,64) (ATTb,9) (UCc,8) (VZa,62) (GSATa,57) (UGAa,57) (UGAb,14) (GSATb,14) (CMCTb,10) (GTc,8) (OSUc,8) (GTb,8) (TWCb,10) (VONAb,11) (UCb,8) (EGLNb,10) (EGLNc,10) (PTGNc,10) (OSUb,8) (DRPAb,11) (DRPAc,11) (VONAc,13) (PTGNb,10) (CMCTc,23) (VZc,21) (GSATc,16) (ATTc,23) (TWCc,23) (UGAc,16)
DRPAa:(DRPAa,0) (EGLNa,1) (CMCTa,12) (GTa,-1) (ATTa,13) (TWCa,12) (UCa,-1) (GT,49) (UC,49) (EGLN,51) (OSUa,-1) (OSU,49) (DRPA,52) (VONAa,4) (UGAa,7) (GSATa,7) (PTGNa,1) (PTGN,51) (CMCT,62) (VZa,12) (VONA,54) (ATT,63) (TWC,62) (VZ,62) (GSAT,57) (UGA,57) (VZb,57) (ATTb,59) (UCc,58) (UGAb,64) (GSATb,64) (CMCTb,60) (GTc,58) (OSUc,58) (GTb,58) (TWCb,60) (VONAb,61) (UCb,58) (EGLNb,60) (EGLNc,60) (PTGNc,60) (OSUb,58) (DRPAb,61) (DRPAc,61) (VONAc,63) (PTGNb,60) (CMCTc,73) (VZc,71) (GSATc,66) (ATTc,73) (TWCc,73) (UGAc,66)
DRPAb:(DRPAb,0) (EGLNb,1) (CMCTb,12) (GTb,-1) (ATTb,13) (TWCb,12) (UCb,-1) (OSUb,-1) (VONAb,4) (UGAb,7) (GSATb,7) (PTGNb,1) (VZb,12) (CMCT,17) (OSU,14) (UCc,13) (UC,14) (PTGN,16) (ATT,18) (TWC,17) (GTc,13) (OSUc,13) (GT,14) (VONA,18) (EGLN,16) (GTa,64) (DRPA,17) (UCa,64) (EGLNa,66) (UGA,21) (GSAT,21) (EGLNc,15) (PTGNc,15) (DRPAc,16) (VZ,26) (OSUa,64) (DRPAa,67) (VONAc,18) (CMCTc,28) (PTGNa,66) (CMCTa,79) (VZc,26) (GSATc,21) (ATTc,28) (TWCc,28) (VONAa,69) (ATTa,79) (TWCa,79) (UGAc,21) (VZa,77) (GSATa,72) (UGAa,72)
DRPAc:(DRPAc,0) (EGLNc,1) (CMCTc,12) (GTc,-1) (ATTc,13) (TWCc,12) (UCc,-1) (OSUc,-1) (OSU,1) (GTb,-1) (VONAc,4) (UGAc,7) (GSATc,7) (UC,1) (PTGN,3) (UCb,-1) (EGLNb,1) (PTGNc,1) (GT,1) (VONA,6) (EGLN,3) (GTa,51) (DRPA,4) (UCa,51) (EGLNa,53) (OSUb,-1) (DRPAb,2) (VZc,12) (VZ,14) (GSAT,9) (CMCT,14) (OSUa,51) (DRPAa,54) (PTGNb,1) (CMCTb,12) (ATT,15) (VZb,9) (UGA,9) (TWC,14) (PTGNa,53) (CMCTa,66) (VONAb,4) (ATTb,11) (TWCb,12) (VONAa,56) (ATTa,66) (TWCa,66) (GSATb,7) (UGAb,7) (VZa,64) (GSATa,59) (UGAa,59)
EGLN:(EGLN,0) (GT,-2) (DRPA,1) (UC,-2) (GTa,48) (CMCT,11) (OSU,-2) (UCa,48) (EGLNa,50) (ATT,12) (TWC,11) (PTGN,0) (OSUa,48) (DRPAa,51) (VONA,3) (UGA,6) (GSAT,6) (PTGNa,50) (CMCTa,63) (VZ,11) (VONAa,53) (ATTa,63) (TWCa,63) (VZb,6) (VZa,61) (GSATa,56) (UGAa,56) (ATTb,8) (UCc,7) (UGAb,13) (GSATb,13) (CMCTb,9) (GTc,7) (OSUc,7) (GTb,7) (TWCb,9) (VONAb,10) (UCb,7) (EGLNb,9) (EGLNc,9) (PTGNc,9) (OSUb,7) (DRPAb,10) (DRPAc,10) (VONAc,12) (PTGNb,9) (CMCTc,22) (VZc,20) (GSATc,15) (ATTc,22) (TWCc,22) (UGAc,15)
EGLNa:(EGLNa,0) (GTa,-2) (DRPAa,1) (UCa,-2) (GT,48) (CMCTa,13) (UC,48) (EGLN,50) (OSUa,-2) (OSU,48) (DRPA,51) (ATTa,13) (TWCa,13) (PTGNa,0) (PTGN,50) (CMCT,61) (VONAa,3) (UGAa,6) (GSATa,6) (VONA,53) (ATT,62) (TWC,61) (VZa,11) (VZ,61) (GSAT,56) (UGA,56) (VZb,56) (ATTb,58) (UCc,57) (UGAb,63) (GSATb,63) (CMCTb,59) (GTc,57) (OSUc,57) (GTb,57) (TWCb,59) (VONAb,60) (UCb,57) (EGLNb,59) (EGLNc,59) (PTGNc,59) (OSUb,57) (DRPAb,60) (DRPAc,60) (VONAc,62) (PTGNb,59) (CMCTc,72) (VZc,70) (GSATc,65) (ATTc,72) (TWCc,72) (UGAc,65)
EGLNb:(EGLNb,0) (GTb,-2) (DRPAb,1) (UCb,-2) (CMCTb,13) (OSUb,-2) (ATTb,13) (TWCb,13) (PTGNb,0) (VONAb,3) (UGAb,6) (GSATb,6) (VZb,11) (CMCT,16) (OSU,13) (UCc,12) (UC,13) (PTGN,15) (ATT,17) (TWC,16) (GTc,12) (OSUc,12) (GT,13) (VONA,17) (EGLN,15) (GTa,63) (DRPA,16) (UCa,63) (EGLNa,65) (UGA,20) (GSAT,20) (EGLNc,14) (PTGNc,14) (DRPAc,15) (VZ,25) (OSUa,63) (DRPAa,66) (VONAc,17) (CMCTc,27) (PTGNa,65) (CMCTa,78) (VZc,25) (GSATc,20) (ATTc,27) (TWCc,27) (VONAa,68) (ATTa,78) (TWCa,78) (UGAc,20) (VZa,76) (GSATa,71) (UGAa,71)
EGLNc:(EGLNc,0) (GTc,-2) (DRPAc,1) (UCc,-2) (CMCTc,13) (OSUc,-2) (OSU,0) (GTb,-2) (ATTc,13) (TWCc,13) (UC,0) (PTGN,2) (UCb,-2) (EGLNb,0) (PTGNc,0) (GT,0) (VONA,5) (EGLN,2) (GTa,50) (DRPA,3) (UCa,50) (EGLNa,52) (OSUb,-2) (DRPAb,1) (VONAc,3) (UGAc,6) (GSATc,6) (VZ,13) (GSAT,8) (CMCT,13) (OSUa,50) (DRPAa,53) (PTGNb,0) (CMCTb,11) (VZc,11) (ATT,14) (VZb,8) (UGA,8) (TWC,13) (PTGNa,52) (CMCTa,65) (VONAb,3) (ATTb,10) (TWCb,11) (VONAa,55) (ATTa,65) (TWCa,65) (GSATb,6) (UGAb,6) (VZa,63) (GSATa,58) (UGAa,58)
GSAT:(GSAT,0) (VONA,-3) (UGA,0) (VZ,5) (ATT,6) (VZb,0) (CMCT,5) (TWC,5) (ATTb,2) (OSU,2) (UCc,1) (UC,2) (PTGN,4) (UGAb,7) (GSATb,7) (CMCTb,3) (GTc,1) (OSUc,1) (GTb,1) (GT,2) (EGLN,4) (GTa,52) (DRPA,5) (UCa,52) (EGLNa,54) (TWCb,3) (VONAb,4) (UCb,1) (EGLNb,3) (EGLNc,3) (PTGNc,3) (OSUb,1) (DRPAb,4) (DRPAc,4) (OSUa,52) (DRPAa,55) (VONAc,6) (PTGNb,3) (CMCTc,16) (PTGNa,54) (CMCTa,67) (VZc,14) (GSATc,9) (ATTc,16) (TWCc,16) (VONAa,57) (ATTa,67) (TWCa,67) (UGAc,9) (VZa,65) (GSATa,60) (UGAa,60)
GSATa:(GSATa,0) (VONAa,-3) (UGAa,0) (VZa,5) (ATTa,7) (CMCTa,8) (TWCa,8)
GSATb:(GSATb,0) (VONAb,-3) (UGAb,0) (VZb,5) (ATTb,7) (CMCT,10) (OSU,7) (UCc,6) (CMCTb,8) (TWCb,8) (UC,7) (PTGN,9) (ATT,11) (TWC,10) (GTc,6) (OSUc,6) (GTb,6) (GT,7) (VONA,11) (EGLN,9) (GTa,57) (DRPA,10) (UCa,57) (EGLNa,59) (UGA,14) (GSAT,14) (UCb,6) (EGLNb,8) (EGLNc,8) (PTGNc,8) (OSUb,6) (DRPAb,9) (DRPAc,9) (VZ,19) (OSUa,57) (DRPAa,60) (VONAc,11) (PTGNb,8) (CMCTc,21) (PTGNa,59) (CMCTa,72) (VZc,19) (GSATc,14) (ATTc,21) (TWCc,21) (VONAa,62) (ATTa,72) (TWCa,72) (UGAc,14) (VZa,70) (GSATa,65) (UGAa,65)
GSATc:(GSATc,0) (VONAc,-3) (UGAc,0) (VZc,5) (ATTc,7) (UCb,9) (CMCTc,8) (TWCc,8) (GTb,9) (OSUb,9) (EGLNb,11) (PTGNb,11) (DRPAb,12) (VONAb,14) (CMCTb,24) (VZb,22) (GSATb,17) (ATTb,24) (TWCb,24) (CMCT,27) (OSU,24) (UCc,23) (UGAb,17) (UC,24) (PTGN,26) (ATT,28) (TWC,27) (GTc,23) (OSUc,23) (GT,24) (VONA,28) (EGLN,26) (GTa,74) (DRPA,27) (UCa,74) (EGLNa,76) (UGA,31) (GSAT,31) (EGLNc,25) (PTGNc,25) (DRPAc,26) (VZ,36) (OSUa,74) (DRPAa,77) (PTGNa,76) (CMCTa,89) (VONAa,79) (ATTa,89) (TWCa,89) (VZa,87) (GSATa,82) (UGAa,82)
GT:(GT,0) (UC,0) (EGLN,2) (GTa,50) (OSU,0) (DRPA,3) (UCa,50) (EGLNa,52) (PTGN,2) (CMCT,13) (OSUa,50) (DRPAa,53) (VONA,5) (ATT,14) (TWC,13) (PTGNa,52) (CMCTa,65) (VZ,13) (GSAT,8) (UGA,8) (VONAa,55) (ATTa,65) (TWCa,65) (VZb,8) (VZa,63) (GSATa,58) (UGAa,58) (ATTb,10) (UCc,9) (UGAb,15) (GSATb,15) (CMCTb,11) (GTc,9) (OSUc,9) (GTb,9) (TWCb,11) (VONAb,12) (UCb,9) (EGLNb,11) (EGLNc,11) (PTGNc,11) (OSUb,9) (DRPAb,12) (DRPAc,12) (VONAc,14) (PTGNb,11) (CMCTc,24) (VZc,22) (GSATc,17) (ATTc,24) (TWCc,24) (UGAc,17)
GTa:(GTa,0) (UCa,0) (EGLNa,2) (GT,50) (UC,50) (EGLN,52) (OSUa,0) (DRPAa,3) (OSU,50) (DRPA,53) (PTGNa,2) (CMCTa,15) (PTGN,52) (CMCT,63) (VONAa,5) (ATTa,15) (TWCa,15) (VONA,55) (ATT,64) (TWC,63) (VZa,13) (GSATa,8) (UGAa,8) (VZ,63) (GSAT,58) (UGA,58) (VZb,58) (ATTb,60) (UCc,59) (UGAb,65) (GSATb,65) (CMCTb,61) (GTc,59) (OSUc,59) (GTb,59) (TWCb,61) (VONAb,62) (UCb,59) (EGLNb,61) (EGLNc,61) (PTGNc,61) (OSUb,59) (DRPAb,62) (DRPAc,62) (VONAc,64) (PTGNb,61) (CMCTc,74) (VZc,72) (GSATc,67) (ATTc,74) (TWCc,74) (UGAc,67)
GTb:(GTb,0) (UCb,0) (EGLNb,2) (OSUb,0) (DRPAb,3) (PTGNb,2) (CMCTb,15) (VONAb,5) (ATTb,15) (TWCb,15) (VZb,13) (GSATb,8) (UGAb,8) (CMCT,18) (OSU,15) (UCc,14) (UC,15) (PTGN,17) (ATT,19) (TWC,18) (GTc,14) (OSUc,14) (GT,15) (VONA,19) (EGLN,17) (GTa,65) (DRPA,18) (UCa,65) (EGLNa,67) (UGA,22) (GSAT,22) (EGLNc,16) (PTGNc,16) (DRPAc,17) (VZ,27) (OSUa,65) (DRPAa,68) (VONAc,19) (CMCTc,29) (PTGNa,67) (CMCTa,80) (VZc,27) (GSATc,22) (ATTc,29) (TWCc,29) (VONAa,70) (ATTa,80) (TWCa,80) (UGAc,22) (VZa,78) (GSATa,73) (UGAa,73)
GTc:(GTc,0) (UCc,0) (EGLNc,2) (OSUc,0) (OSU,2) (GTb,0) (DRPAc,3) (UC,2) (PTGN,4) (UCb,0) (EGLNb,2) (PTGNc,2) (GT,2) (VONA,7) (EGLN,4) (GTa,52) (DRPA,5) (UCa,52) (EGLNa,54) (OSUb,0) (DRPAb,3) (CMCTc,15) (VONAc,5) (VZ,15) (GSAT,10) (CMCT,15) (OSUa,52) (DRPAa,55) (PTGNb,2) (CMCTb,13) (ATTc,15) (TWCc,15) (VZc,13) (GSATc,8) (ATT,16) (VZb,10) (UGA,10) (TWC,15) (PTGNa,54) (CMCTa,67) (VONAb,5) (ATTb,12) (TWCb,13) (UGAc,8) (VONAa,57) (ATTa,67) (TWCa,67) (GSATb,8) (UGAb,8) (VZa,65) (GSATa,60) (UGAa,60)
OSU:(OSU,0) (UC,0) (PTGN,2) (GT,0) (VONA,5) (EGLN,2) (GTa,50) (DRPA,3) (UCa,50) (EGLNa,52) (VZ,13) (GSAT,8) (CMCT,13) (OSUa,50) (DRPAa,53) (ATT,14) (VZb,8) (UGA,8) (TWC,13) (PTGNa,52) (CMCTa,65) (ATTb,10) (UCc,9) (VONAa,55) (ATTa,65) (TWCa,65) (UGAb,15) (GSATb,15) (CMCTb,11) (GTc,9) (OSUc,9) (GTb,9) (VZa,63) (GSATa,58) (UGAa,58) (TWCb,11) (VONAb,12) (UCb,9) (EGLNb,11) (EGLNc,11) (PTGNc,11) (OSUb,9) (DRPAb,12) (DRPAc,12) (VONAc,14) (PTGNb,11) (CMCTc,24) (VZc,22) (GSATc,17) (ATTc,24) (TWCc,24) (UGAc,17)
OSUa:(OSUa,0) (UCa,0) (PTGNa,2) (GTa,0) (VONAa,5) (EGLNa,2) (GT,50) (UC,50) (EGLN,52) (DRPAa,3) (OSU,50) (DRPA,53) (VZa,13) (GSATa,8) (CMCTa,15) (PTGN,52) (CMCT,63) (ATTa,15) (UGAa,8) (TWCa,15) (VONA,55) (ATT,64) (TWC,63) (VZ,63) (GSAT,58) (UGA,58) (VZb,58) (ATTb,60) (UCc,59) (UGAb,65) (GSATb,65) (CMCTb,61) (GTc,59) (OSUc,59) (GTb,59) (TWCb,61) (VONAb,62) (UCb,59) (EGLNb,61) (EGLNc,61) (PTGNc,61) (OSUb,59) (DRPAb,62) (DRPAc,62) (VONAc,64) (PTGNb,61) (CMCTc,74) (VZc,72) (GSATc,67) (ATTc,74) (TWCc,74) (UGAc,67)
OSUb:(OSUb,0) (UCb,0) (PTGNb,2) (GTb,0) (VONAb,5) (EGLNb,2) (DRPAb,3) (VZb,13) (GSATb,8) (CMCTb,15) (ATTb,15) (CMCT,18) (OSU,15) (UCc,14) (UGAb,8) (TWCb,15) (UC,15) (PTGN,17) (ATT,19) (TWC,18) (GTc,14) (OSUc,14) (GT,15) (VONA,19) (EGLN,17) (GTa,65) (DRPA,18) (UCa,65) (EGLNa,67) (UGA,22) (GSAT,22) (EGLNc,16) (PTGNc,16) (DRPAc,17) (VZ,27) (OSUa,65) (DRPAa,68) (VONAc,19) (CMCTc,29) (PTGNa,67) (CMCTa,80) (VZc,27) (GSATc,22) (ATTc,29) (TWCc,29) (VONAa,70) (ATTa,80) (TWCa,80) (UGAc,22) (VZa,78) (GSATa,73) (UGAa,73)
OSUc:(OSUc,0) (UCc,0) (PTGNc,2) (GTc,0) (OSU,2) (GTb,0) (VONAc,5) (UC,2) (PTGN,4) (UCb,0) (EGLNb,2) (EGLNc,2) (GT,2) (VONA,7) (EGLN,4) (GTa,52) (DRPA,5) (UCa,52) (EGLNa,54) (OSUb,0) (DRPAb,3) (DRPAc,3) (VZc,13) (GSATc,8) (VZ,15) (GSAT,10) (CMCT,15) (OSUa,52) (DRPAa,55) (PTGNb,2) (CMCTb,13) (CMCTc,15) (ATTc,15) (UGAc,8) (ATT,16) (VZb,10) (UGA,10) (TWC,15) (PTGNa,54) (CMCTa,67) (VONAb,5) (ATTb,12) (TWCb,13) (TWCc,15) (VONAa,57) (ATTa,67) (TWCa,67) (GSATb,8) (UGAb,8) (VZa,65) (GSATa,60) (UGAa,60)
PTGN:(PTGN,0) (OSU,-1) (VONA,3) (UC,-1) (VZ,11) (GSAT,6) (GT,-1) (EGLN,1) (GTa,49) (DRPA,2) (UCa,49) (EGLNa,51) (ATT,12) (VZb,6) (UGA,6) (CMCT,11) (OSUa,49) (DRPAa,52) (ATTb,8) (UCc,7) (TWC,11) (PTGNa,51) (CMCTa,64) (UGAb,13) (GSATb,13) (CMCTb,9) (GTc,7) (OSUc,7) (GTb,7) (VONAa,54) (ATTa,64) (TWCa,64) (TWCb,9) (VONAb,10) (UCb,7) (EGLNb,9) (EGLNc,9) (PTGNc,9) (OSUb,7) (DRPAb,10) (DRPAc,10) (VZa,62) (GSATa,57) (UGAa,57) (VONAc,12) (PTGNb,9) (CMCTc,22) (VZc,20) (GSATc,15) (ATTc,22) (TWCc,22) (UGAc,15)
PTGNa:(PTGNa,0) (OSUa,-1) (VONAa,3) (UCa,-1) (VZa,11) (GSATa,6) (GTa,-1) (EGLNa,1) (GT,49) (UC,49) (EGLN,51) (DRPAa,2) (OSU,49) (DRPA,52) (ATTa,13) (UGAa,6) (CMCTa,14) (PTGN,51) (CMCT,62) (TWCa,14) (VONA,54) (ATT,63) (TWC,62) (VZ,62) (GSAT,57) (UGA,57) (VZb,57) (ATTb,59) (UCc,58) (UGAb,64) (GSATb,64) (CMCTb,60) (GTc,58) (OSUc,58) (GTb,58) (TWCb,60) (VONAb,61) (UCb,58) (EGLNb,60) (EGLNc,60) (PTGNc,60) (OSUb,58) (DRPAb,61) (DRPAc,61) (VONAc,63) (PTGNb,60) (CMCTc,73) (VZc,71) (GSATc,66) (ATTc,73) (TWCc,73) (UGAc,66)
PTGNb:(PTGNb,0) (OSUb,-1) (VONAb,3) (UCb,-1) (VZb,11) (GSATb,6) (GTb,-1) (EGLNb,1) (DRPAb,2) (ATTb,13) (CMCT,16) (OSU,13) (UCc,12) (UGAb,6) (CMCTb,14) (UC,13) (PTGN,15) (ATT,17) (TWC,16) (GTc,12) (OSUc,12) (GT,13) (VONA,17) (EGLN,15) (GTa,63) (DRPA,16) (UCa,63) (EGLNa,65) (UGA,20) (GSAT,20) (TWCb,14) (EGLNc,14) (PTGNc,14) (DRPAc,15) (VZ,25) (OSUa,63) (DRPAa,66) (VONAc,17) (CMCTc,27) (PTGNa,65) (CMCTa,78) (VZc,25) (GSATc,20) (ATTc,27) (TWCc,27) (VONAa,68) (ATTa,78) (TWCa,78) (UGAc,20) (VZa,76) (GSATa,71) (UGAa,71)
PTGNc:(PTGNc,0) (OSUc,-1) (VONAc,3) (UCc,-1) (VZc,11) (GSATc,6) (GTc,-1) (OSU,1) (GTb,-1) (UC,1) (PTGN,3) (UCb,-1) (EGLNb,1) (EGLNc,1) (GT,1) (VONA,6) (EGLN,3) (GTa,51) (DRPA,4) (UCa,51) (EGLNa,53) (OSUb,-1) (DRPAb,2) (DRPAc,2) (ATTc,13) (UGAc,6) (VZ,14) (GSAT,9) (CMCT,14) (OSUa,51) (DRPAa,54) (PTGNb,1) (CMCTb,12) (CMCTc,14) (ATT,15) (VZb,9) (UGA,9) (TWC,14) (PTGNa,53) (CMCTa,66) (VONAb,4) (ATTb,11) (TWCb,12) (TWCc,14) (VONAa,56) (ATTa,66) (TWCa,66) (GSATb,7) (UGAb,7) (VZa,64) (GSATa,59) (UGAa,59)
TWC:(TWC,0) (CMCT,0) (VONA,1) (ATT,1) (VZ,9) (GSAT,4) (UGA,4) (VZb,4) (ATTb,6) (OSU,6) (UCc,5) (UC,6) (PTGN,8) (UGAb,11) (GSATb,11) (CMCTb,7) (GTc,5) (OSUc,5) (GTb,5) (GT,6) (EGLN,8) (GTa,56) (DRPA,9) (UCa,56) (EGLNa,58) (TWCb,7) (VONAb,8) (UCb,5) (EGLNb,7) (EGLNc,7) (PTGNc,7) (OSUb,5) (DRPAb,8) (DRPAc,8) (OSUa,56) (DRPAa,59) (VONAc,10) (PTGNb,7) (CMCTc,20) (PTGNa,58) (CMCTa,71) (VZc,18) (GSATc,13) (ATTc,20) (TWCc,20) (VONAa,61) (ATTa,71) (TWCa,71) (UGAc,13) (VZa,69) (GSATa,64) (UGAa,64)
TWCa:(TWCa,0) (CMCTa,0) (VONAa,1) (ATTa,1) (VZa,9) (GSATa,4) (UGAa,4)
TWCb:(TWCb,0) (CMCTb,0) (VONAb,1) (ATTb,1) (VZb,9) (GSATb,4) (UGAb,4) (CMCT,14) (OSU,11) (UCc,10) (UC,11) (PTGN,13) (ATT,15) (TWC,14) (GTc,10) (OSUc,10) (GTb,10) (GT,11) (VONA,15) (EGLN,13) (GTa,61) (DRPA,14) (UCa,61) (EGLNa,63) (UGA,18) (GSAT,18) (UCb,10) (EGLNb,12) (EGLNc,12) (PTGNc,12) (OSUb,10) (DRPAb,13) (DRPAc,13) (VZ,23) (OSUa,61) (DRPAa,64) (VONAc,15) (PTGNb,12) (CMCTc,25) (PTGNa,63) (CMCTa,76) (VZc,23) (GSATc,18) (ATTc,25) (TWCc,25) (VONAa,66) (ATTa,76) (TWCa,76) (UGAc,18) (VZa,74) (GSATa,69) (UGAa,69)
TWCc:(TWCc,0) (CMCTc,0) (VONAc,1) (ATTc,1) (VZc,9) (GSATc,4) (UGAc,4) (UCb,13) (GTb,13) (OSUb,13) (EGLNb,15) (PTGNb,15) (DRPAb,16) (VONAb,18) (CMCTb,28) (VZb,26) (GSATb,21) (ATTb,28) (TWCb,28) (CMCT,31) (OSU,28) (UCc,27) (UGAb,21) (UC,28) (PTGN,30) (ATT,32) (TWC,31) (GTc,27) (OSUc,27) (GT,28) (VONA,32) (EGLN,30) (GTa,78) (DRPA,31) (UCa,78) (EGLNa,80) (UGA,35) (GSAT,35) (EGLNc,29) (PTGNc,29) (DRPAc,30) (VZ,40) (OSUa,78) (DRPAa,81) (PTGNa,80) (CMCTa,93) (VONAa,83) (ATTa,93) (TWCa,93) (VZa,91) (GSATa,86) (UGAa,86)
UC:(UC,0) (GT,0) (OSU,0) (EGLN,2) (GTa,50) (PTGN,2) (DRPA,3) (UCa,50) (EGLNa,52) (VONA,5) (CMCT,13) (OSUa,50) (DRPAa,53) (VZ,13) (GSAT,8) (ATT,14) (TWC,13) (PTGNa,52) (CMCTa,65) (VZb,8) (UGA,8) (VONAa,55) (ATTa,65) (TWCa,65) (ATTb,10) (UCc,9) (VZa,63) (GSATa,58) (UGAa,58) (UGAb,15) (GSATb,15) (CMCTb,11) (GTc,9) (OSUc,9) (GTb,9) (TWCb,11) (VONAb,12) (UCb,9) (EGLNb,11) (EGLNc,11) (PTGNc,11) (OSUb,9) (DRPAb,12) (DRPAc,12) (VONAc,14) (PTGNb,11) (CMCTc,24) (VZc,22) (GSATc,17) (ATTc,24) (TWCc,24) (UGAc,17)
UCa:(UCa,0) (GTa,0) (OSUa,0) (EGLNa,2) (GT,50) (PTGNa,2) (UC,50) (EGLN,52) (DRPAa,3) (OSU,50) (DRPA,53) (VONAa,5) (CMCTa,15) (PTGN,52) (CMCT,63) (VZa,13) (GSATa,8) (ATTa,15) (TWCa,15) (VONA,55) (ATT,64) (TWC,63) (UGAa,8) (VZ,63) (GSAT,58) (UGA,58) (VZb,58) (ATTb,60) (UCc,59) (UGAb,65) (GSATb,65) (CMCTb,61) (GTc,59) (OSUc,59) (GTb,59) (TWCb,61) (VONAb,62) (UCb,59) (EGLNb,61) (EGLNc,61) (PTGNc,61) (OSUb,59) (DRPAb,62) (DRPAc,62) (VONAc,64) (PTGNb,61) (CMCTc,74) (VZc,72) (GSATc,67) (ATTc,74) (TWCc,74) (UGAc,67)
UCb:(UCb,0) (GTb,0) (OSUb,0) (EGLNb,2) (PTGNb,2) (DRPAb,3) (VONAb,5) (CMCTb,15) (VZb,13) (GSATb,8) (ATTb,15) (TWCb,15) (CMCT,18) (OSU,15) (UCc,14) (UGAb,8) (UC,15) (PTGN,17) (ATT,19) (TWC,18) (GTc,14) (OSUc,14) (GT,15) (VONA,19) (EGLN,17) (GTa,65) (DRPA,18) (UCa,65) (EGLNa,67) (UGA,22) (GSAT,22) (EGLNc,16) (PTGNc,16) (DRPAc,17) (VZ,27) (OSUa,65) (DRPAa,68) (VONAc,19) (CMCTc,29) (PTGNa,67) (CMCTa,80) (VZc,27) (GSATc,22) (ATTc,29) (TWCc,29) (VONAa,70) (ATTa,80) (TWCa,80) (UGAc,22) (VZa,78) (GSATa,73) (UGAa,73)
UCc:(UCc,0) (GTc,0) (OSUc,0) (OSU,2) (GTb,0) (UC,2) (PTGN,4) (UCb,0) (EGLNb,2) (EGLNc,2) (PTGNc,2) (GT,2) (VONA,7) (EGLN,4) (GTa,52) (DRPA,5) (UCa,52) (EGLNa,54) (OSUb,0) (DRPAb,3) (DRPAc,3) (VONAc,5) (VZ,15) (GSAT,10) (CMCT,15) (OSUa,52) (DRPAa,55) (PTGNb,2) (CMCTb,13) (CMCTc,15) (VZc,13) (GSATc,8) (ATT,16) (VZb,10) (UGA,10) (TWC,15) (PTGNa,54) (CMCTa,67) (VONAb,5) (ATTb,12) (TWCb,13) (ATTc,15) (TWCc,15) (UGAc,8) (VONAa,57) (ATTa,67) (TWCa,67) (GSATb,8) (UGAb,8) (VZa,65) (GSATa,60) (UGAa,60)
UGA:(UGA,0) (ATT,50) (GSAT,50) (CMCT,51) (VONA,47) (TWC,51) (VZ,55) (VZb,50) (ATTb,52) (OSU,52) (UCc,51) (UC,52) (PTGN,54) (UGAb,57) (GSATb,57) (CMCTb,53) (GTc,51) (OSUc,51) (GTb,51) (GT,52) (EGLN,54) (GTa,102) (DRPA,55) (UCa,102) (EGLNa,104) (TWCb,53) (VONAb,54) (UCb,51) (EGLNb,53) (EGLNc,53) (PTGNc,53) (OSUb,51) (DRPAb,54) (DRPAc,54) (OSUa,102) (DRPAa,105) (VONAc,56) (PTGNb,53) (CMCTc,66) (PTGNa,104) (CMCTa,117) (VZc,64) (GSATc,59) (ATTc,66) (TWCc,66) (VONAa,107) (ATTa,117) (TWCa,117) (UGAc,59) (VZa,115) (GSATa,110) (UGAa,110)
UGAa:(UGAa,0) (ATTa,50) (GSATa,50) (CMCTa,51) (VONAa,47) (TWCa,51) (VZa,55)
UGAb:(UGAb,0) (ATTb,50) (GSATb,50) (CMCTb,51) (VONAb,47) (TWCb,51) (VZb,55) (CMCT,60) (OSU,57) (UCc,56) (UC,57) (PTGN,59) (ATT,61) (TWC,60) (GTc,56) (OSUc,56) (GTb,56) (GT,57) (VONA,61) (EGLN,59) (GTa,107) (DRPA,60) (UCa,107) (EGLNa,109) (UGA,64) (GSAT,64) (UCb,56) (EGLNb,58) (EGLNc,58) (PTGNc,58) (OSUb,56) (DRPAb,59) (DRPAc,59) (VZ,69) (OSUa,107) (DRPAa,110) (VONAc,61) (PTGNb,58) (CMCTc,71) (PTGNa,109) (CMCTa,122) (VZc,69) (GSATc,64) (ATTc,71) (TWCc,71) (VONAa,112) (ATTa,122) (TWCa,122) (UGAc,64) (VZa,120) (GSATa,115) (UGAa,115)
UGAc:(UGAc,0) (ATTc,50) (GSATc,50) (CMCTc,51) (VONAc,47) (TWCc,51) (VZc,55) (UCb,59) (GTb,59) (OSUb,59) (EGLNb,61) (PTGNb,61) (DRPAb,62) (VONAb,64) (CMCTb,74) (VZb,72) (GSATb,67) (ATTb,74) (TWCb,74) (CMCT,77) (OSU,74) (UCc,73) (UGAb,67) (UC,74) (PTGN,76) (ATT,78) (TWC,77) (GTc,73) (OSUc,73) (GT,74) (VONA,78) (EGLN,76) (GTa,124) (DRPA,77) (UCa,124) (EGLNa,126) (UGA,81) (GSAT,81) (EGLNc,75) (PTGNc,75) (DRPAc,76) (VZ,86) (OSUa,124) (DRPAa,127) (PTGNa,126) (CMCTa,139) (VONAa,129) (ATTa,139) (TWCa,139) (VZa,137) (GSATa,132) (UGAa,132)
VONA:(VONA,0) (VZ,8) (GSAT,3) (ATT,9) (VZb,3) (UGA,3) (CMCT,8) (ATTb,5) (OSU,5) (UCc,4) (TWC,8) (UC,5) (PTGN,7) (UGAb,10) (GSATb,10) (CMCTb,6) (GTc,4) (OSUc,4) (GTb,4) (GT,5) (EGLN,7) (GTa,55) (DRPA,8) (UCa,55) (EGLNa,57) (TWCb,6) (VONAb,7) (UCb,4) (EGLNb,6) (EGLNc,6) (PTGNc,6) (OSUb,4) (DRPAb,7) (DRPAc,7) (OSUa,55) (DRPAa,58) (VONAc,9) (PTGNb,6) (CMCTc,19) (PTGNa,57) (CMCTa,70) (VZc,17) (GSATc,12) (ATTc,19) (TWCc,19) (VONAa,60) (ATTa,70) (TWCa,70) (UGAc,12) (VZa,68) (GSATa,63) (UGAa,63)
VONAa:(VONAa,0) (VZa,8) (GSATa,3) (ATTa,10) (UGAa,3) (CMCTa,11) (TWCa,11)
VONAb:(VONAb,0) (VZb,8) (GSATb,3) (ATTb,10) (CMCT,13) (OSU,10) (UCc,9) (UGAb,3) (UC,10) (PTGN,12) (ATT,14) (TWC,13) (CMCTb,11) (GTc,9) (OSUc,9) (GTb,9) (GT,10) (VONA,14) (EGLN,12) (GTa,60) (DRPA,13) (UCa,60) (EGLNa,62) (UGA,17) (GSAT,17) (TWCb,11) (UCb,9) (EGLNb,11) (EGLNc,11) (PTGNc,11) (OSUb,9) (DRPAb,12) (DRPAc,12) (VZ,22) (OSUa,60) (DRPAa,63) (VONAc,14) (PTGNb,11) (CMCTc,24) (PTGNa,62) (CMCTa,75) (VZc,22) (GSATc,17) (ATTc,24) (TWCc,24) (VONAa,65) (ATTa,75) (TWCa,75) (UGAc,17) (VZa,73) (GSATa,68) (UGAa,68)
VONAc:(VONAc,0) (VZc,8) (GSATc,3) (ATTc,10) (UCb,12) (UGAc,3) (GTb,12) (OSUb,12) (CMCTc,11) (EGLNb,14) (PTGNb,14) (DRPAb,15) (TWCc,11) (VONAb,17) (CMCTb,27) (VZb,25) (GSATb,20) (ATTb,27) (TWCb,27) (CMCT,30) (OSU,27) (UCc,26) (UGAb,20) (UC,27) (PTGN,29) (ATT,31) (TWC,30) (GTc,26) (OSUc,26) (GT,27) (VONA,31) (EGLN,29) (GTa,77) (DRPA,30) (UCa,77) (EGLNa,79) (UGA,34) (GSAT,34) (EGLNc,28) (PTGNc,28) (DRPAc,29) (VZ,39) (OSUa,77) (DRPAa,80) (PTGNa,79) (CMCTa,92) (VONAa,82) (ATTa,92) (TWCa,92) (VZa,90) (GSATa,85) (UGAa,85)
VZ:(VZ,0) (ATT,1) (VZb,-5) (UGA,4) (GSAT,4) (CMCT,0) (ATTb,-3) (OSU,-3) (UCc,-4) (TWC,0) (VONA,1) (UC,-3) (PTGN,-1) (UGAb,2) (GSATb,2) (CMCTb,-2) (GTc,-4) (OSUc,-4) (GTb,-4) (GT,-3) (EGLN,-1) (GTa,47) (DRPA,0) (UCa,47) (EGLNa,49) (TWCb,-2) (VONAb,-1) (UCb,-4) (EGLNb,-2) (EGLNc,-2) (PTGNc,-2) (OSUb,-4) (DRPAb,-1) (DRPAc,-1) (OSUa,47) (DRPAa,50) (VONAc,1) (PTGNb,-2) (CMCTc,11) (PTGNa,49) (CMCTa,62) (VZc,9) (GSATc,4) (ATTc,11) (TWCc,11) (VONAa,52) (ATTa,62) (TWCa,62) (UGAc,4) (VZa,60) (GSATa,55) (UGAa,55)
VZa:(VZa,0) (ATTa,2) (UGAa,7) (GSATa,7) (CMCTa,3) (TWCa,3) (VONAa,4)
VZb:(VZb,0) (ATTb,2) (CMCT,5) (OSU,2) (UCc,1) (UC,2) (PTGN,4) (ATT,6) (TWC,5) (UGAb,7) (GSATb,7) (CMCTb,3) (GTc,1) (OSUc,1) (GTb,1) (GT,2) (VONA,6) (EGLN,4) (GTa,52) (DRPA,5) (UCa,52) (EGLNa,54) (UGA,9) (GSAT,9) (TWCb,3) (VONAb,4) (UCb,1) (EGLNb,3) (EGLNc,3) (PTGNc,3) (OSUb,1) (DRPAb,4) (DRPAc,4) (VZ,14) (OSUa,52) (DRPAa,55) (VONAc,6) (PTGNb,3) (CMCTc,16) (PTGNa,54) (CMCTa,67) (VZc,14) (GSATc,9) (ATTc,16) (TWCc,16) (VONAa,57) (ATTa,67) (TWCa,67) (UGAc,9) (VZa,65) (GSATa,60) (UGAa,60)
VZc:(VZc,0) (ATTc,2) (UCb,4) (GTb,4) (OSUb,4) (UGAc,7) (GSATc,7) (CMCTc,3) (EGLNb,6) (PTGNb,6) (DRPAb,7) (TWCc,3) (VONAc,4) (VONAb,9) (CMCTb,19) (VZb,17) (GSATb,12) (ATTb,19) (TWCb,19) (CMCT,22) (OSU,19) (UCc,18) (UGAb,12) (UC,19) (PTGN,21) (ATT,23) (TWC,22) (GTc,18) (OSUc,18) (GT,19) (VONA,23) (EGLN,21) (GTa,69) (DRPA,22) (UCa,69) (EGLNa,71) (UGA,26) (GSAT,26) (EGLNc,20) (PTGNc,20) (DRPAc,21) (VZ,31) (OSUa,69) (DRPAa,72) (PTGNa,71) (CMCTa,84) (VONAa,74) (ATTa,84) (TWCa,84) (VZa,82) (GSATa,77) (UGAa,77)
-----
ATT:(ATT,0) (UGA,5) (GSAT,5) (CMCT,1) (TWC,1) (VONA,2) (VZ,10) (VZb,5) (ATTb,7) (OSU,7) (UCc,6) (UC,7) (PTGN,9) (UGAb,12) (GSATb,12) (CMCTb,8) (GTc,6) (OSUc,6) (GTb,6) (GT,7) (EGLN,9) (GTa,57) (DRPA,10) (UCa,57) (EGLNa,59) (TWCb,8) (VONAb,9) (UCb,6) (EGLNb,8) (EGLNc,8) (PTGNc,8) (OSUb,6) (DRPAb,9) (DRPAc,9) (OSUa,57) (DRPAa,60) (VONAc,11) (PTGNb,8) (CMCTc,21) (PTGNa,59) (CMCTa,72) (VZc,19) (GSATc,14) (ATTc,21) (TWCc,21) (VONAa,62) (ATTa,72) (TWCa,72) (UGAc,14) (VZa,70) (GSATa,65) (UGAa,65)
ATTa:(ATTa,0) (UGAa,5) (GSATa,5) (CMCTa,1) (TWCa,1) (VONAa,2) (VZa,10)
ATTb:(ATTb,0) (UGAb,5) (GSATb,5) (CMCTb,1) (TWCb,1) (VONAb,2) (VZb,10) (CMCT,15) (OSU,12) (UCc,11) (UC,12) (PTGN,14) (ATT,16) (TWC,15) (GTc,11) (OSUc,11) (GTb,11) (GT,12) (VONA,16) (EGLN,14) (GTa,62) (DRPA,15) (UCa,62) (EGLNa,64) (UGA,19) (GSAT,19) (UCb,11) (EGLNb,13) (EGLNc,13) (PTGNc,13) (OSUb,11) (DRPAb,14) (DRPAc,14) (VZ,24) (OSUa,62) (DRPAa,65) (VONAc,16) (PTGNb,13) (CMCTc,26) (PTGNa,64) (CMCTa,77) (VZc,24) (GSATc,19) (ATTc,26) (TWCc,26) (VONAa,67) (ATTa,77) (TWCa,77) (UGAc,19) (VZa,75) (GSATa,70) (UGAa,70)
ATTc:(ATTc,0) (UGAc,5) (GSATc,5) (CMCTc,1) (TWCc,1) (VONAc,2) (VZc,10) (UCb,14) (GTb,14) (OSUb,14) (EGLNb,16) (PTGNb,16) (DRPAb,17) (VONAb,19) (CMCTb,29) (VZb,27) (GSATb,22) (ATTb,29) (TWCb,29) (CMCT,32) (OSU,29) (UCc,28) (UGAb,22) (UC,29) (PTGN,31) (ATT,33) (TWC,32) (GTc,28) (OSUc,28) (GT,29) (VONA,33) (EGLN,31) (GTa,79) (DRPA,32) (UCa,79) (EGLNa,81) (UGA,36) (GSAT,36) (EGLNc,30) (PTGNc,30) (DRPAc,31) (VZ,41) (OSUa,79) (DRPAa,82) (PTGNa,81) (CMCTa,94) (VONAa,84) (ATTa,94) (TWCa,94) (VZa,92) (GSATa,87) (UGAa,87)
CMCT:(CMCT,0) (ATT,1) (TWC,0) (VONA,1) (UGA,4) (GSAT,4) (VZ,9) (VZb,4) (ATTb,6) (OSU,6) (UCc,5) (UC,6) (PTGN,8) (UGAb,11) (GSATb,11) (CMCTb,7) (GTc,5) (OSUc,5) (GTb,5) (GT,6) (EGLN,8) (GTa,56) (DRPA,9) (UCa,56) (EGLNa,58) (TWCb,7) (VONAb,8) (UCb,5) (EGLNb,7) (EGLNc,7) (PTGNc,7) (OSUb,5) (DRPAb,8) (DRPAc,8) (OSUa,56) (DRPAa,59) (VONAc,10) (PTGNb,7) (CMCTc,20) (PTGNa,58) (CMCTa,71) (VZc,18) (GSATc,13) (ATTc,20) (TWCc,20) (VONAa,61) (ATTa,71) (TWCa,71) (UGAc,13) (VZa,69) (GSATa,64) (UGAa,64)
CMCTa:(CMCTa,0) (ATTa,1) (TWCa,0) (VONAa,1) (UGAa,4) (GSATa,4) (VZa,9)
CMCTb:(CMCTb,0) (ATTb,1) (TWCb,0) (VONAb,1) (UGAb,4) (GSATb,4) (VZb,9) (CMCT,14) (OSU,11) (UCc,10) (UC,11) (PTGN,13) (ATT,15) (TWC,14) (GTc,10) (OSUc,10) (GTb,10) (GT,11) (VONA,15) (EGLN,13) (GTa,61) (DRPA,14) (UCa,61) (EGLNa,63) (UGA,18) (GSAT,18) (UCb,10) (EGLNb,12) (EGLNc,12) (PTGNc,12) (OSUb,10) (DRPAb,13) (DRPAc,13) (VZ,23) (OSUa,61) (DRPAa,64) (VONAc,15) (PTGNb,12) (CMCTc,25) (PTGNa,63) (CMCTa,76) (VZc,23) (GSATc,18) (ATTc,25) (TWCc,25) (VONAa,66) (ATTa,76) (TWCa,76) (UGAc,18) (VZa,74) (GSATa,69) (UGAa,69)
CMCTc:(CMCTc,0) (ATTc,1) (TWCc,0) (VONAc,1) (UGAc,4) (GSATc,4) (VZc,9) (UCb,13) (GTb,13) (OSUb,13) (EGLNb,15) (PTGNb,15) (DRPAb,16) (VONAb,18) (CMCTb,28) (VZb,26) (GSATb,21) (ATTb,28) (TWCb,28) (CMCT,31) (OSU,28) (UCc,27) (UGAb,21) (UC,28) (PTGN,30) (ATT,32) (TWC,31) (GTc,27) (OSUc,27) (GT,28) (VONA,32) (EGLN,30) (GTa,78) (DRPA,31) (UCa,78) (EGLNa,80) (UGA,35) (GSAT,35) (EGLNc,29) (PTGNc,29) (DRPAc,30) (VZ,40) (OSUa,78) (DRPAa,81) (PTGNa,80) (CMCTa,93) (VONAa,83) (ATTa,93) (TWCa,93) (VZa,91) (GSATa,86) (UGAa,86)
DRPA:(DRPA,0) (EGLN,1) (CMCT,12) (GT,-1) (ATT,13) (TWC,12) (UC,-1) (GTa,49) (OSU,-1) (UCa,49) (EGLNa,51) (VONA,4) (UGA,7) (GSAT,7) (PTGN,1) (OSUa,49) (DRPAa,52) (VZ,12) (PTGNa,51) (CMCTa,64) (VZb,7) (VONAa,54) (ATTa,64) (TWCa,64) (ATTb,9) (UCc,8) (VZa,62) (GSATa,57) (UGAa,57) (UGAb,14) (GSATb,14) (CMCTb,10) (GTc,8) (OSUc,8) (GTb,8) (TWCb,10) (VONAb,11) (UCb,8) (EGLNb,10) (EGLNc,10) (PTGNc,10) (OSUb,8) (DRPAb,11) (DRPAc,11) (VONAc,13) (PTGNb,10) (CMCTc,23) (VZc,21) (GSATc,16) (ATTc,23) (TWCc,23) (UGAc,16)
DRPAa:(DRPAa,0) (EGLNa,1) (CMCTa,12) (GTa,-1) (ATTa,13) (TWCa,12) (UCa,-1) (GT,49) (UC,49) (EGLN,51) (OSUa,-1) (OSU,49) (DRPA,52) (VONAa,4) (UGAa,7) (GSATa,7) (PTGNa,1) (PTGN,51) (CMCT,62) (VZa,12) (VONA,54) (ATT,63) (TWC,62) (VZ,62) (GSAT,57) (UGA,57) (VZb,57) (ATTb,59) (UCc,58) (UGAb,64) (GSATb,64) (CMCTb,60) (GTc,58) (OSUc,58) (GTb,58) (TWCb,60) (VONAb,61) (UCb,58) (EGLNb,60) (EGLNc,60) (PTGNc,60) (OSUb,58) (DRPAb,61) (DRPAc,61) (VONAc,63) (PTGNb,60) (CMCTc,73) (VZc,71) (GSATc,66) (ATTc,73) (TWCc,73) (UGAc,66)
DRPAb:(DRPAb,0) (EGLNb,1) (CMCTb,12) (GTb,-1) (ATTb,13) (TWCb,12) (UCb,-1) (OSUb,-1) (VONAb,4) (UGAb,7) (GSATb,7) (PTGNb,1) (VZb,12) (CMCT,17) (OSU,14) (UCc,13) (UC,14) (PTGN,16) (ATT,18) (TWC,17) (GTc,13) (OSUc,13) (GT,14) (VONA,18) (EGLN,16) (GTa,64) (DRPA,17) (UCa,64) (EGLNa,66) (UGA,21) (GSAT,21) (EGLNc,15) (PTGNc,15) (DRPAc,16) (VZ,26) (OSUa,64) (DRPAa,67) (VONAc,18) (CMCTc,28) (PTGNa,66) (CMCTa,79) (VZc,26) (GSATc,21) (ATTc,28) (TWCc,28) (VONAa,69) (ATTa,79) (TWCa,79) (UGAc,21) (VZa,77) (GSATa,72) (UGAa,72)
DRPAc:(DRPAc,0) (EGLNc,1) (CMCTc,12) (GTc,-1) (ATTc,13) (TWCc,12) (UCc,-1) (OSUc,-1) (OSU,1) (GTb,-1) (VONAc,4) (UGAc,7) (GSATc,7) (UC,1) (PTGN,3) (UCb,-1) (EGLNb,1) (PTGNc,1) (GT,1) (VONA,6) (EGLN,3) (GTa,51) (DRPA,4) (UCa,51) (EGLNa,53) (OSUb,-1) (DRPAb,2) (VZc,12) (VZ,14) (GSAT,9) (CMCT,14) (OSUa,51) (DRPAa,54) (PTGNb,1) (CMCTb,12) (ATT,15) (VZb,9) (UGA,9) (TWC,14) (PTGNa,53) (CMCTa,66) (VONAb,4) (ATTb,11) (TWCb,12) (VONAa,56) (ATTa,66) (TWCa,66) (GSATb,7) (UGAb,7) (VZa,64) (GSATa,59) (UGAa,59)
EGLN:(EGLN,0) (GT,-2) (DRPA,1) (UC,-2) (GTa,48) (CMCT,11) (OSU,-2) (UCa,48) (EGLNa,50) (ATT,12) (TWC,11) (PTGN,0) (OSUa,48) (DRPAa,51) (VONA,3) (UGA,6) (GSAT,6) (PTGNa,50) (CMCTa,63) (VZ,11) (VONAa,53) (ATTa,63) (TWCa,63) (VZb,6) (VZa,61) (GSATa,56) (UGAa,56) (ATTb,8) (UCc,7) (UGAb,13) (GSATb,13) (CMCTb,9) (GTc,7) (OSUc,7) (GTb,7) (TWCb,9) (VONAb,10) (UCb,7) (EGLNb,9) (EGLNc,9) (PTGNc,9) (OSUb,7) (DRPAb,10) (DRPAc,10) (VONAc,12) (PTGNb,9) (CMCTc,22) (VZc,20) (GSATc,15) (ATTc,22) (TWCc,22) (UGAc,15)
EGLNa:(EGLNa,0) (GTa,-2) (DRPAa,1) (UCa,-2) (GT,48) (CMCTa,13) (UC,48) (EGLN,50) (OSUa,-2) (OSU,48) (DRPA,51) (ATTa,13) (TWCa,13) (PTGNa,0) (PTGN,50) (CMCT,61) (VONAa,3) (UGAa,6) (GSATa,6) (VONA,53) (ATT,62) (TWC,61) (VZa,11) (VZ,61) (GSAT,56) (UGA,56) (VZb,56) (ATTb,58) (UCc,57) (UGAb,63) (GSATb,63) (CMCTb,59) (GTc,57) (OSUc,57) (GTb,57) (TWCb,59) (VONAb,60) (UCb,57) (EGLNb,59) (EGLNc,59) (PTGNc,59) (OSUb,57) (DRPAb,60) (DRPAc,60) (VONAc,62) (PTGNb,59) (CMCTc,72) (VZc,70) (GSATc,65) (ATTc,72) (TWCc,72) (UGAc,65)
EGLNb:(EGLNb,0) (GTb,-2) (DRPAb,1) (UCb,-2) (CMCTb,13) (OSUb,-2) (ATTb,13) (TWCb,13) (PTGNb,0) (VONAb,3) (UGAb,6) (GSATb,6) (VZb,11) (CMCT,16) (OSU,13) (UCc,12) (UC,13) (PTGN,15) (ATT,17) (TWC,16) (GTc,12) (OSUc,12) (GT,13) (VONA,17) (EGLN,15) (GTa,63) (DRPA,16) (UCa,63) (EGLNa,65) (UGA,20) (GSAT,20) (EGLNc,14) (PTGNc,14) (DRPAc,15) (VZ,25) (OSUa,63) (DRPAa,66) (VONAc,17) (CMCTc,27) (PTGNa,65) (CMCTa,78) (VZc,25) (GSATc,20) (ATTc,27) (TWCc,27) (VONAa,68) (ATTa,78) (TWCa,78) (UGAc,20) (VZa,76) (GSATa,71) (UGAa,71)
EGLNc:(EGLNc,0) (GTc,-2) (DRPAc,1) (UCc,-2) (CMCTc,13) (OSUc,-2) (OSU,0) (GTb,-2) (ATTc,13) (TWCc,13) (UC,0) (PTGN,2) (UCb,-2) (EGLNb,0) (PTGNc,0) (GT,0) (VONA,5) (EGLN,2) (GTa,50) (DRPA,3) (UCa,50) (EGLNa,52) (OSUb,-2) (DRPAb,1) (VONAc,3) (UGAc,6) (GSATc,6) (VZ,13) (GSAT,8) (CMCT,13) (OSUa,50) (DRPAa,53) (PTGNb,0) (CMCTb,11) (VZc,11) (ATT,14) (VZb,8) (UGA,8) (TWC,13) (PTGNa,52) (CMCTa,65) (VONAb,3) (ATTb,10) (TWCb,11) (VONAa,55) (ATTa,65) (TWCa,65) (GSATb,6) (UGAb,6) (VZa,63) (GSATa,58) (UGAa,58)
GSAT:(GSAT,0) (VONA,-3) (UGA,0) (VZ,5) (ATT,6) (VZb,0) (CMCT,5) (TWC,5) (ATTb,2) (OSU,2) (UCc,1) (UC,2) (PTGN,4) (UGAb,7) (GSATb,7) (CMCTb,3) (GTc,1) (OSUc,1) (GTb,1) (GT,2) (EGLN,4) (GTa,52) (DRPA,5) (UCa,52) (EGLNa,54) (TWCb,3) (VONAb,4) (UCb,1) (EGLNb,3) (EGLNc,3) (PTGNc,3) (OSUb,1) (DRPAb,4) (DRPAc,4) (OSUa,52) (DRPAa,55) (VONAc,6) (PTGNb,3) (CMCTc,16) (PTGNa,54) (CMCTa,67) (VZc,14) (GSATc,9) (ATTc,16) (TWCc,16) (VONAa,57) (ATTa,67) (TWCa,67) (UGAc,9) (VZa,65) (GSATa,60) (UGAa,60)
GSATa:(GSATa,0) (VONAa,-3) (UGAa,0) (VZa,5) (ATTa,7) (CMCTa,8) (TWCa,8)
GSATb:(GSATb,0) (VONAb,-3) (UGAb,0) (VZb,5) (ATTb,7) (CMCT,10) (OSU,7) (UCc,6) (CMCTb,8) (TWCb,8) (UC,7) (PTGN,9) (ATT,11) (TWC,10) (GTc,6) (OSUc,6) (GTb,6) (GT,7) (VONA,11) (EGLN,9) (GTa,57) (DRPA,10) (UCa,57) (EGLNa,59) (UGA,14) (GSAT,14) (UCb,6) (EGLNb,8) (EGLNc,8) (PTGNc,8) (OSUb,6) (DRPAb,9) (DRPAc,9) (VZ,19) (OSUa,57) (DRPAa,60) (VONAc,11) (PTGNb,8) (CMCTc,21) (PTGNa,59) (CMCTa,72) (VZc,19) (GSATc,14) (ATTc,21) (TWCc,21) (VONAa,62) (ATTa,72) (TWCa,72) (UGAc,14) (VZa,70) (GSATa,65) (UGAa,65)
GSATc:(GSATc,0) (VONAc,-3) (UGAc,0) (VZc,5) (ATTc,7) (UCb,9) (CMCTc,8) (TWCc,8) (GTb,9) (OSUb,9) (EGLNb,11) (PTGNb,11) (DRPAb,12) (VONAb,14) (CMCTb,24) (VZb,22) (GSATb,17) (ATTb,24) (TWCb,24) (CMCT,27) (OSU,24) (UCc,23) (UGAb,17) (UC,24) (PTGN,26) (ATT,28) (TWC,27) (GTc,23) (OSUc,23) (GT,24) (VONA,28) (EGLN,26) (GTa,74) (DRPA,27) (UCa,74) (EGLNa,76) (UGA,31) (GSAT,31) (EGLNc,25) (PTGNc,25) (DRPAc,26) (VZ,36) (OSUa,74) (DRPAa,77) (PTGNa,76) (CMCTa,89) (VONAa,79) (ATTa,89) (TWCa,89) (VZa,87) (GSATa,82) (UGAa,82)
GT:(GT,0) (UC,0) (EGLN,2) (GTa,50) (OSU,0) (DRPA,3) (UCa,50) (EGLNa,52) (PTGN,2) (CMCT,13) (OSUa,50) (DRPAa,53) (VONA,5) (ATT,14) (TWC,13) (PTGNa,52) (CMCTa,65) (VZ,13) (GSAT,8) (UGA,8) (VONAa,55) (ATTa,65) (TWCa,65) (VZb,8) (VZa,63) (GSATa,58) (UGAa,58) (ATTb,10) (UCc,9) (UGAb,15) (GSATb,15) (CMCTb,11) (GTc,9) (OSUc,9) (GTb,9) (TWCb,11) (VONAb,12) (UCb,9) (EGLNb,11) (EGLNc,11) (PTGNc,11) (OSUb,9) (DRPAb,12) (DRPAc,12) (VONAc,14) (PTGNb,11) (CMCTc,24) (VZc,22) (GSATc,17) (ATTc,24) (TWCc,24) (UGAc,17)
GTa:(GTa,0) (UCa,0) (EGLNa,2) (GT,50) (UC,50) (EGLN,52) (OSUa,0) (DRPAa,3) (OSU,50) (DRPA,53) (PTGNa,2) (CMCTa,15) (PTGN,52) (CMCT,63) (VONAa,5) (ATTa,15) (TWCa,15) (VONA,55) (ATT,64) (TWC,63) (VZa,13) (GSATa,8) (UGAa,8) (VZ,63) (GSAT,58) (UGA,58) (VZb,58) (ATTb,60) (UCc,59) (UGAb,65) (GSATb,65) (CMCTb,61) (GTc,59) (OSUc,59) (GTb,59) (TWCb,61) (VONAb,62) (UCb,59) (EGLNb,61) (EGLNc,61) (PTGNc,61) (OSUb,59) (DRPAb,62) (DRPAc,62) (VONAc,64) (PTGNb,61) (CMCTc,74) (VZc,72) (GSATc,67) (ATTc,74) (TWCc,74) (UGAc,67)
GTb:(GTb,0) (UCb,0) (EGLNb,2) (OSUb,0) (DRPAb,3) (PTGNb,2) (CMCTb,15) (VONAb,5) (ATTb,15) (TWCb,15) (VZb,13) (GSATb,8) (UGAb,8) (CMCT,18) (OSU,15) (UCc,14) (UC,15) (PTGN,17) (ATT,19) (TWC,18) (GTc,14) (OSUc,14) (GT,15) (VONA,19) (EGLN,17) (GTa,65) (DRPA,18) (UCa,65) (EGLNa,67) (UGA,22) (GSAT,22) (EGLNc,16) (PTGNc,16) (DRPAc,17) (VZ,27) (OSUa,65) (DRPAa,68) (VONAc,19) (CMCTc,29) (PTGNa,67) (CMCTa,80) (VZc,27) (GSATc,22) (ATTc,29) (TWCc,29) (VONAa,70) (ATTa,80) (TWCa,80) (UGAc,22) (VZa,78) (GSATa,73) (UGAa,73)
GTc:(GTc,0) (UCc,0) (EGLNc,2) (OSUc,0) (OSU,2) (GTb,0) (DRPAc,3) (UC,2) (PTGN,4) (UCb,0) (EGLNb,2) (PTGNc,2) (GT,2) (VONA,7) (EGLN,4) (GTa,52) (DRPA,5) (UCa,52) (EGLNa,54) (OSUb,0) (DRPAb,3) (CMCTc,15) (VONAc,5) (VZ,15) (GSAT,10) (CMCT,15) (OSUa,52) (DRPAa,55) (PTGNb,2) (CMCTb,13) (ATTc,15) (TWCc,15) (VZc,13) (GSATc,8) (ATT,16) (VZb,10) (UGA,10) (TWC,15) (PTGNa,54) (CMCTa,67) (VONAb,5) (ATTb,12) (TWCb,13) (UGAc,8) (VONAa,57) (ATTa,67) (TWCa,67) (GSATb,8) (UGAb,8) (VZa,65) (GSATa,60) (UGAa,60)
OSU:(OSU,0) (UC,0) (PTGN,2) (GT,0) (VONA,5) (EGLN,2) (GTa,50) (DRPA,3) (UCa,50) (EGLNa,52) (VZ,13) (GSAT,8) (CMCT,13) (OSUa,50) (DRPAa,53) (ATT,14) (VZb,8) (UGA,8) (TWC,13) (PTGNa,52) (CMCTa,65) (ATTb,10) (UCc,9) (VONAa,55) (ATTa,65) (TWCa,65) (UGAb,15) (GSATb,15) (CMCTb,11) (GTc,9) (OSUc,9) (GTb,9) (VZa,63) (GSATa,58) (UGAa,58) (TWCb,11) (VONAb,12) (UCb,9) (EGLNb,11) (EGLNc,11) (PTGNc,11) (OSUb,9) (DRPAb,12) (DRPAc,12) (VONAc,14) (PTGNb,11) (CMCTc,24) (VZc,22) (GSATc,17) (ATTc,24) (TWCc,24) (UGAc,17)
OSUa:(OSUa,0) (UCa,0) (PTGNa,2) (GTa,0) (VONAa,5) (EGLNa,2) (GT,50) (UC,50) (EGLN,52) (DRPAa,3) (OSU,50) (DRPA,53) (VZa,13) (GSATa,8) (CMCTa,15) (PTGN,52) (CMCT,63) (ATTa,15) (UGAa,8) (TWCa,15) (VONA,55) (ATT,64) (TWC,63) (VZ,63) (GSAT,58) (UGA,58) (VZb,58) (ATTb,60) (UCc,59) (UGAb,65) (GSATb,65) (CMCTb,61) (GTc,59) (OSUc,59) (GTb,59) (TWCb,61) (VONAb,62) (UCb,59) (EGLNb,61) (EGLNc,61) (PTGNc,61) (OSUb,59) (DRPAb,62) (DRPAc,62) (VONAc,64) (PTGNb,61) (CMCTc,74) (VZc,72) (GSATc,67) (ATTc,74) (TWCc,74) (UGAc,67)
OSUb:(OSUb,0) (UCb,0) (PTGNb,2) (GTb,0) (VONAb,5) (EGLNb,2) (DRPAb,3) (VZb,13) (GSATb,8) (CMCTb,15) (ATTb,15) (CMCT,18) (OSU,15) (UCc,14) (UGAb,8) (TWCb,15) (UC,15) (PTGN,17) (ATT,19) (TWC,18) (GTc,14) (OSUc,14) (GT,15) (VONA,19) (EGLN,17) (GTa,65) (DRPA,18) (UCa,65) (EGLNa,67) (UGA,22) (GSAT,22) (EGLNc,16) (PTGNc,16) (DRPAc,17) (VZ,27) (OSUa,65) (DRPAa,68) (VONAc,19) (CMCTc,29) (PTGNa,67) (CMCTa,80) (VZc,27) (GSATc,22) (ATTc,29) (TWCc,29) (VONAa,70) (ATTa,80) (TWCa,80) (UGAc,22) (VZa,78) (GSATa,73) (UGAa,73)
OSUc:(OSUc,0) (UCc,0) (PTGNc,2) (GTc,0) (OSU,2) (GTb,0) (VONAc,5) (UC,2) (PTGN,4) (UCb,0) (EGLNb,2) (EGLNc,2) (GT,2) (VONA,7) (EGLN,4) (GTa,52) (DRPA,5) (UCa,52) (EGLNa,54) (OSUb,0) (DRPAb,3) (DRPAc,3) (VZc,13) (GSATc,8) (VZ,15) (GSAT,10) (CMCT,15) (OSUa,52) (DRPAa,55) (PTGNb,2) (CMCTb,13) (CMCTc,15) (ATTc,15) (UGAc,8) (ATT,16) (VZb,10) (UGA,10) (TWC,15) (PTGNa,54) (CMCTa,67) (VONAb,5) (ATTb,12) (TWCb,13) (TWCc,15) (VONAa,57) (ATTa,67) (TWCa,67) (GSATb,8) (UGAb,8) (VZa,65) (GSATa,60) (UGAa,60)
PTGN:(PTGN,0) (OSU,-1) (VONA,3) (UC,-1) (VZ,11) (GSAT,6) (GT,-1) (EGLN,1) (GTa,49) (DRPA,2) (UCa,49) (EGLNa,51) (ATT,12) (VZb,6) (UGA,6) (CMCT,11) (OSUa,49) (DRPAa,52) (ATTb,8) (UCc,7) (TWC,11) (PTGNa,51) (CMCTa,64) (UGAb,13) (GSATb,13) (CMCTb,9) (GTc,7) (OSUc,7) (GTb,7) (VONAa,54) (ATTa,64) (TWCa,64) (TWCb,9) (VONAb,10) (UCb,7) (EGLNb,9) (EGLNc,9) (PTGNc,9) (OSUb,7) (DRPAb,10) (DRPAc,10) (VZa,62) (GSATa,57) (UGAa,57) (VONAc,12) (PTGNb,9) (CMCTc,22) (VZc,20) (GSATc,15) (ATTc,22) (TWCc,22) (UGAc,15)
PTGNa:(PTGNa,0) (OSUa,-1) (VONAa,3) (UCa,-1) (VZa,11) (GSATa,6) (GTa,-1) (EGLNa,1) (GT,49) (UC,49) (EGLN,51) (DRPAa,2) (OSU,49) (DRPA,52) (ATTa,13) (UGAa,6) (CMCTa,14) (PTGN,51) (CMCT,62) (TWCa,14) (VONA,54) (ATT,63) (TWC,62) (VZ,62) (GSAT,57) (UGA,57) (VZb,57) (ATTb,59) (UCc,58) (UGAb,64) (GSATb,64) (CMCTb,60) (GTc,58) (OSUc,58) (GTb,58) (TWCb,60) (VONAb,61) (UCb,58) (EGLNb,60) (EGLNc,60) (PTGNc,60) (OSUb,58) (DRPAb,61) (DRPAc,61) (VONAc,63) (PTGNb,60) (CMCTc,73) (VZc,71) (GSATc,66) (ATTc,73) (TWCc,73) (UGAc,66)
PTGNb:(PTGNb,0) (OSUb,-1) (VONAb,3) (UCb,-1) (VZb,11) (GSATb,6) (GTb,-1) (EGLNb,1) (DRPAb,2) (ATTb,13) (CMCT,16) (OSU,13) (UCc,12) (UGAb,6) (CMCTb,14) (UC,13) (PTGN,15) (ATT,17) (TWC,16) (GTc,12) (OSUc,12) (GT,13) (VONA,17) (EGLN,15) (GTa,63) (DRPA,16) (UCa,63) (EGLNa,65) (UGA,20) (GSAT,20) (TWCb,14) (EGLNc,14) (PTGNc,14) (DRPAc,15) (VZ,25) (OSUa,63) (DRPAa,66) (VONAc,17) (CMCTc,27) (PTGNa,65) (CMCTa,78) (VZc,25) (GSATc,20) (ATTc,27) (TWCc,27) (VONAa,68) (ATTa,78) (TWCa,78) (UGAc,20) (VZa,76) (GSATa,71) (UGAa,71)
PTGNc:(PTGNc,0) (OSUc,-1) (VONAc,3) (UCc,-1) (VZc,11) (GSATc,6) (GTc,-1) (OSU,1) (GTb,-1) (UC,1) (PTGN,3) (UCb,-1) (EGLNb,1) (EGLNc,1) (GT,1) (VONA,6) (EGLN,3) (GTa,51) (DRPA,4) (UCa,51) (EGLNa,53) (OSUb,-1) (DRPAb,2) (DRPAc,2) (ATTc,13) (UGAc,6) (VZ,14) (GSAT,9) (CMCT,14) (OSUa,51) (DRPAa,54) (PTGNb,1) (CMCTb,12) (CMCTc,14) (ATT,15) (VZb,9) (UGA,9) (TWC,14) (PTGNa,53) (CMCTa,66) (VONAb,4) (ATTb,11) (TWCb,12) (TWCc,14) (VONAa,56) (ATTa,66) (TWCa,66) (GSATb,7) (UGAb,7) (VZa,64) (GSATa,59) (UGAa,59)
TWC:(TWC,0) (CMCT,0) (VONA,1) (ATT,1) (VZ,9) (GSAT,4) (UGA,4) (VZb,4) (ATTb,6) (OSU,6) (UCc,5) (UC,6) (PTGN,8) (UGAb,11) (GSATb,11) (CMCTb,7) (GTc,5) (OSUc,5) (GTb,5) (GT,6) (EGLN,8) (GTa,56) (DRPA,9) (UCa,56) (EGLNa,58) (TWCb,7) (VONAb,8) (UCb,5) (EGLNb,7) (EGLNc,7) (PTGNc,7) (OSUb,5) (DRPAb,8) (DRPAc,8) (OSUa,56) (DRPAa,59) (VONAc,10) (PTGNb,7) (CMCTc,20) (PTGNa,58) (CMCTa,71) (VZc,18) (GSATc,13) (ATTc,20) (TWCc,20) (VONAa,61) (ATTa,71) (TWCa,71) (UGAc,13) (VZa,69) (GSATa,64) (UGAa,64)
TWCa:(TWCa,0) (CMCTa,0) (VONAa,1) (ATTa,1) (VZa,9) (GSATa,4) (UGAa,4)
TWCb:(TWCb,0) (CMCTb,0) (VONAb,1) (ATTb,1) (VZb,9) (GSATb,4) (UGAb,4) (CMCT,14) (OSU,11) (UCc,10) (UC,11) (PTGN,13) (ATT,15) (TWC,14) (GTc,10) (OSUc,10) (GTb,10) (GT,11) (VONA,15) (EGLN,13) (GTa,61) (DRPA,14) (UCa,61) (EGLNa,63) (UGA,18) (GSAT,18) (UCb,10) (EGLNb,12) (EGLNc,12) (PTGNc,12) (OSUb,10) (DRPAb,13) (DRPAc,13) (VZ,23) (OSUa,61) (DRPAa,64) (VONAc,15) (PTGNb,12) (CMCTc,25) (PTGNa,63) (CMCTa,76) (VZc,23) (GSATc,18) (ATTc,25) (TWCc,25) (VONAa,66) (ATTa,76) (TWCa,76) (UGAc,18) (VZa,74) (GSATa,69) (UGAa,69)
TWCc:(TWCc,0) (CMCTc,0) (VONAc,1) (ATTc,1) (VZc,9) (GSATc,4) (UGAc,4) (UCb,13) (GTb,13) (OSUb,13) (EGLNb,15) (PTGNb,15) (DRPAb,16) (VONAb,18) (CMCTb,28) (VZb,26) (GSATb,21) (ATTb,28) (TWCb,28) (CMCT,31) (OSU,28) (UCc,27) (UGAb,21) (UC,28) (PTGN,30) (ATT,32) (TWC,31) (GTc,27) (OSUc,27) (GT,28) (VONA,32) (EGLN,30) (GTa,78) (DRPA,31) (UCa,78) (EGLNa,80) (UGA,35) (GSAT,35) (EGLNc,29) (PTGNc,29) (DRPAc,30) (VZ,40) (OSUa,78) (DRPAa,81) (PTGNa,80) (CMCTa,93) (VONAa,83) (ATTa,93) (TWCa,93) (VZa,91) (GSATa,86) (UGAa,86)
UC:(UC,0) (GT,0) (OSU,0) (EGLN,2) (GTa,50) (PTGN,2) (DRPA,3) (UCa,50) (EGLNa,52) (VONA,5) (CMCT,13) (OSUa,50) (DRPAa,53) (VZ,13) (GSAT,8) (ATT,14) (TWC,13) (PTGNa,52) (CMCTa,65) (VZb,8) (UGA,8) (VONAa,55) (ATTa,65) (TWCa,65) (ATTb,10) (UCc,9) (VZa,63) (GSATa,58) (UGAa,58) (UGAb,15) (GSATb,15) (CMCTb,11) (GTc,9) (OSUc,9) (GTb,9) (TWCb,11) (VONAb,12) (UCb,9) (EGLNb,11) (EGLNc,11) (PTGNc,11) (OSUb,9) (DRPAb,12) (DRPAc,12) (VONAc,14) (PTGNb,11) (CMCTc,24) (VZc,22) (GSATc,17) (ATTc,24) (TWCc,24) (UGAc,17)
UCa:(UCa,0) (GTa,0) (OSUa,0) (EGLNa,2) (GT,50) (PTGNa,2) (UC,50) (EGLN,52) (DRPAa,3) (OSU,50) (DRPA,53) (VONAa,5) (CMCTa,15) (PTGN,52) (CMCT,63) (VZa,13) (GSATa,8) (ATTa,15) (TWCa,15) (VONA,55) (ATT,64) (TWC,63) (UGAa,8) (VZ,63) (GSAT,58) (UGA,58) (VZb,58) (ATTb,60) (UCc,59) (UGAb,65) (GSATb,65) (CMCTb,61) (GTc,59) (OSUc,59) (GTb,59) (TWCb,61) (VONAb,62) (UCb,59) (EGLNb,61) (EGLNc,61) (PTGNc,61) (OSUb,59) (DRPAb,62) (DRPAc,62) (VONAc,64) (PTGNb,61) (CMCTc,74) (VZc,72) (GSATc,67) (ATTc,74) (TWCc,74) (UGAc,67)
UCb:(UCb,0) (GTb,0) (OSUb,0) (EGLNb,2) (PTGNb,2) (DRPAb,3) (VONAb,5) (CMCTb,15) (VZb,13) (GSATb,8) (ATTb,15) (TWCb,15) (CMCT,18) (OSU,15) (UCc,14) (UGAb,8) (UC,15) (PTGN,17) (ATT,19) (TWC,18) (GTc,14) (OSUc,14) (GT,15) (VONA,19) (EGLN,17) (GTa,65) (DRPA,18) (UCa,65) (EGLNa,67) (UGA,22) (GSAT,22) (EGLNc,16) (PTGNc,16) (DRPAc,17) (VZ,27) (OSUa,65) (DRPAa,68) (VONAc,19) (CMCTc,29) (PTGNa,67) (CMCTa,80) (VZc,27) (GSATc,22) (ATTc,29) (TWCc,29) (VONAa,70) (ATTa,80) (TWCa,80) (UGAc,22) (VZa,78) (GSATa,73) (UGAa,73)
UCc:(UCc,0) (GTc,0) (OSUc,0) (OSU,2) (GTb,0) (UC,2) (PTGN,4) (UCb,0) (EGLNb,2) (EGLNc,2) (PTGNc,2) (GT,2) (VONA,7) (EGLN,4) (GTa,52) (DRPA,5) (UCa,52) (EGLNa,54) (OSUb,0) (DRPAb,3) (DRPAc,3) (VONAc,5) (VZ,15) (GSAT,10) (CMCT,15) (OSUa,52) (DRPAa,55) (PTGNb,2) (CMCTb,13) (CMCTc,15) (VZc,13) (GSATc,8) (ATT,16) (VZb,10) (UGA,10) (TWC,15) (PTGNa,54) (CMCTa,67) (VONAb,5) (ATTb,12) (TWCb,13) (ATTc,15) (TWCc,15) (UGAc,8) (VONAa,57) (ATTa,67) (TWCa,67) (GSATb,8) (UGAb,8) (VZa,65) (GSATa,60) (UGAa,60)
UGA:(UGA,0) (ATT,50) (GSAT,50) (CMCT,51) (VONA,47) (TWC,51) (VZ,55) (VZb,50) (ATTb,52) (OSU,52) (UCc,51) (UC,52) (PTGN,54) (UGAb,57) (GSATb,57) (CMCTb,53) (GTc,51) (OSUc,51) (GTb,51) (GT,52) (EGLN,54) (GTa,102) (DRPA,55) (UCa,102) (EGLNa,104) (TWCb,53) (VONAb,54) (UCb,51) (EGLNb,53) (EGLNc,53) (PTGNc,53) (OSUb,51) (DRPAb,54) (DRPAc,54) (OSUa,102) (DRPAa,105) (VONAc,56) (PTGNb,53) (CMCTc,66) (PTGNa,104) (CMCTa,117) (VZc,64) (GSATc,59) (ATTc,66) (TWCc,66) (VONAa,107) (ATTa,117) (TWCa,117) (UGAc,59) (VZa,115) (GSATa,110) (UGAa,110)
UGAa:(UGAa,0) (ATTa,50) (GSATa,50) (CMCTa,51) (VONAa,47) (TWCa,51) (VZa,55)
UGAb:(UGAb,0) (ATTb,50) (GSATb,50) (CMCTb,51) (VONAb,47) (TWCb,51) (VZb,55) (CMCT,60) (OSU,57) (UCc,56) (UC,57) (PTGN,59) (ATT,61) (TWC,60) (GTc,56) (OSUc,56) (GTb,56) (GT,57) (VONA,61) (EGLN,59) (GTa,107) (DRPA,60) (UCa,107) (EGLNa,109) (UGA,64) (GSAT,64) (UCb,56) (EGLNb,58) (EGLNc,58) (PTGNc,58) (OSUb,56) (DRPAb,59) (DRPAc,59) (VZ,69) (OSUa,107) (DRPAa,110) (VONAc,61) (PTGNb,58) (CMCTc,71) (PTGNa,109) (CMCTa,122) (VZc,69) (GSATc,64) (ATTc,71) (TWCc,71) (VONAa,112) (ATTa,122) (TWCa,122) (UGAc,64) (VZa,120) (GSATa,115) (UGAa,115)
UGAc:(UGAc,0) (ATTc,50) (GSATc,50) (CMCTc,51) (VONAc,47) (TWCc,51) (VZc,55) (UCb,59) (GTb,59) (OSUb,59) (EGLNb,61) (PTGNb,61) (DRPAb,62) (VONAb,64) (CMCTb,74) (VZb,72) (GSATb,67) (ATTb,74) (TWCb,74) (CMCT,77) (OSU,74) (UCc,73) (UGAb,67) (UC,74) (PTGN,76) (ATT,78) (TWC,77) (GTc,73) (OSUc,73) (GT,74) (VONA,78) (EGLN,76) (GTa,124) (DRPA,77) (UCa,124) (EGLNa,126) (UGA,81) (GSAT,81) (EGLNc,75) (PTGNc,75) (DRPAc,76) (VZ,86) (OSUa,124) (DRPAa,127) (PTGNa,126) (CMCTa,139) (VONAa,129) (ATTa,139) (TWCa,139) (VZa,137) (GSATa,132) (UGAa,132)
VONA:(VONA,0) (VZ,8) (GSAT,3) (ATT,9) (VZb,3) (UGA,3) (CMCT,8) (ATTb,5) (OSU,5) (UCc,4) (TWC,8) (UC,5) (PTGN,7) (UGAb,10) (GSATb,10) (CMCTb,6) (GTc,4) (OSUc,4) (GTb,4) (GT,5) (EGLN,7) (GTa,55) (DRPA,8) (UCa,55) (EGLNa,57) (TWCb,6) (VONAb,7) (UCb,4) (EGLNb,6) (EGLNc,6) (PTGNc,6) (OSUb,4) (DRPAb,7) (DRPAc,7) (OSUa,55) (DRPAa,58) (VONAc,9) (PTGNb,6) (CMCTc,19) (PTGNa,57) (CMCTa,70) (VZc,17) (GSATc,12) (ATTc,19) (TWCc,19) (VONAa,60) (ATTa,70) (TWCa,70) (UGAc,12) (VZa,68) (GSATa,63) (UGAa,63)
VONAa:(VONAa,0) (VZa,8) (GSATa,3) (ATTa,10) (UGAa,3) (CMCTa,11) (TWCa,11)
VONAb:(VONAb,0) (VZb,8) (GSATb,3) (ATTb,10) (CMCT,13) (OSU,10) (UCc,9) (UGAb,3) (UC,10) (PTGN,12) (ATT,14) (TWC,13) (CMCTb,11) (GTc,9) (OSUc,9) (GTb,9) (GT,10) (VONA,14) (EGLN,12) (GTa,60) (DRPA,13) (UCa,60) (EGLNa,62) (UGA,17) (GSAT,17) (TWCb,11) (UCb,9) (EGLNb,11) (EGLNc,11) (PTGNc,11) (OSUb,9) (DRPAb,12) (DRPAc,12) (VZ,22) (OSUa,60) (DRPAa,63) (VONAc,14) (PTGNb,11) (CMCTc,24) (PTGNa,62) (CMCTa,75) (VZc,22) (GSATc,17) (ATTc,24) (TWCc,24) (VONAa,65) (ATTa,75) (TWCa,75) (UGAc,17) (VZa,73) (GSATa,68) (UGAa,68)
VONAc:(VONAc,0) (VZc,8) (GSATc,3) (ATTc,10) (UCb,12) (UGAc,3) (GTb,12) (OSUb,12) (CMCTc,11) (EGLNb,14) (PTGNb,14) (DRPAb,15) (TWCc,11) (VONAb,17) (CMCTb,27) (VZb,25) (GSATb,20) (ATTb,27) (TWCb,27) (CMCT,30) (OSU,27) (UCc,26) (UGAb,20) (UC,27) (PTGN,29) (ATT,31) (TWC,30) (GTc,26) (OSUc,26) (GT,27) (VONA,31) (EGLN,29) (GTa,77) (DRPA,30) (UCa,77) (EGLNa,79) (UGA,34) (GSAT,34) (EGLNc,28) (PTGNc,28) (DRPAc,29) (VZ,39) (OSUa,77) (DRPAa,80) (PTGNa,79) (CMCTa,92) (VONAa,82) (ATTa,92) (TWCa,92) (VZa,90) (GSATa,85) (UGAa,85)
VZ:(VZ,0) (ATT,1) (VZb,-5) (UGA,4) (GSAT,4) (CMCT,0) (ATTb,-3) (OSU,-3) (UCc,-4) (TWC,0) (VONA,1) (UC,-3) (PTGN,-1) (UGAb,2) (GSATb,2) (CMCTb,-2) (GTc,-4) (OSUc,-4) (GTb,-4) (GT,-3) (EGLN,-1) (GTa,47) (DRPA,0) (UCa,47) (EGLNa,49) (TWCb,-2) (VONAb,-1) (UCb,-4) (EGLNb,-2) (EGLNc,-2) (PTGNc,-2) (OSUb,-4) (DRPAb,-1) (DRPAc,-1) (OSUa,47) (DRPAa,50) (VONAc,1) (PTGNb,-2) (CMCTc,11) (PTGNa,49) (CMCTa,62) (VZc,9) (GSATc,4) (ATTc,11) (TWCc,11) (VONAa,52) (ATTa,62) (TWCa,62) (UGAc,4) (VZa,60) (GSATa,55) (UGAa,55)
VZa:(VZa,0) (ATTa,2) (UGAa,7) (GSATa,7) (CMCTa,3) (TWCa,3) (VONAa,4)
VZb:(VZb,0) (ATTb,2) (CMCT,5) (OSU,2) (UCc,1) (UC,2) (PTGN,4) (ATT,6) (TWC,5) (UGAb,7) (GSATb,7) (CMCTb,3) (GTc,1) (OSUc,1) (GTb,1) (GT,2) (VONA,6) (EGLN,4) (GTa,52) (DRPA,5) (UCa,52) (EGLNa,54) (UGA,9) (GSAT,9) (TWCb,3) (VONAb,4) (UCb,1) (EGLNb,3) (EGLNc,3) (PTGNc,3) (OSUb,1) (DRPAb,4) (DRPAc,4) (VZ,14) (OSUa,52) (DRPAa,55) (VONAc,6) (PTGNb,3) (CMCTc,16) (PTGNa,54) (CMCTa,67) (VZc,14) (GSATc,9) (ATTc,16) (TWCc,16) (VONAa,57) (ATTa,67) (TWCa,67) (UGAc,9) (VZa,65) (GSATa,60) (UGAa,60)
VZc:(VZc,0) (ATTc,2) (UCb,4) (GTb,4) (OSUb,4) (UGAc,7) (GSATc,7) (CMCTc,3) (EGLNb,6) (PTGNb,6) (DRPAb,7) (TWCc,3) (VONAc,4) (VONAb,9) (CMCTb,19) (VZb,17) (GSATb,12) (ATTb,19) (TWCb,19) (CMCT,22) (OSU,19) (UCc,18) (UGAb,12) (UC,19) (PTGN,21) (ATT,23) (TWC,22) (GTc,18) (OSUc,18) (GT,19) (VONA,23) (EGLN,21) (GTa,69) (DRPA,22) (UCa,69) (EGLNa,71) (UGA,26) (GSAT,26) (EGLNc,20) (PTGNc,20) (DRPAc,21) (VZ,31) (OSUa,69) (DRPAa,72) (PTGNa,71) (CMCTa,84) (VONAa,74) (ATTa,84) (TWCa,84) (VZa,82) (GSATa,77) (UGAa,77)
-----
ATT:(ATT,0) (UGA,5) (GSAT,5) (CMCT,1) (TWC,1) (VONA,2) (VZ,10) (VZb,5) (ATTb,7) (OSU,7) (UCc,6) (UC,7) (PTGN,9) (UGAb,12) (GSATb,12) (CMCTb,8) (GTc,6) (OSUc,6) (GTb,6) (GT,7) (EGLN,9) (GTa,57) (DRPA,10) (UCa,57) (EGLNa,59) (TWCb,8) (VONAb,9) (UCb,6) (EGLNb,8) (EGLNc,8) (PTGNc,8) (OSUb,6) (DRPAb,9) (DRPAc,9) (OSUa,57) (DRPAa,60) (VONAc,11) (PTGNb,8) (CMCTc,21) (PTGNa,59) (CMCTa,72) (VZc,19) (GSATc,14) (ATTc,21) (TWCc,21) (VONAa,62) (ATTa,72) (TWCa,72) (UGAc,14) (VZa,70) (GSATa,65) (UGAa,65)
ATTa:(ATTa,0) (UGAa,5) (GSATa,5) (CMCTa,1) (TWCa,1) (VONAa,2) (VZa,10)
ATTb:(ATTb,0) (UGAb,5) (GSATb,5) (CMCTb,1) (TWCb,1) (VONAb,2) (VZb,10) (CMCT,15) (OSU,12) (UCc,11) (UC,12) (PTGN,14) (ATT,16) (TWC,15) (GTc,11) (OSUc,11) (GTb,11) (GT,12) (VONA,16) (EGLN,14) (GTa,62) (DRPA,15) (UCa,62) (EGLNa,64) (UGA,19) (GSAT,19) (UCb,11) (EGLNb,13) (EGLNc,13) (PTGNc,13) (OSUb,11) (DRPAb,14) (DRPAc,14) (VZ,24) (OSUa,62) (DRPAa,65) (VONAc,16) (PTGNb,13) (CMCTc,26) (PTGNa,64) (CMCTa,77) (VZc,24) (GSATc,19) (ATTc,26) (TWCc,26) (VONAa,67) (ATTa,77) (TWCa,77) (UGAc,19) (VZa,75) (GSATa,70) (UGAa,70)
ATTc:(ATTc,0) (UGAc,5) (GSATc,5) (CMCTc,1) (TWCc,1) (VONAc,2) (VZc,10) (UCb,14) (GTb,14) (OSUb,14) (EGLNb,16) (PTGNb,16) (DRPAb,17) (VONAb,19) (CMCTb,29) (VZb,27) (GSATb,22) (ATTb,29) (TWCb,29) (CMCT,32) (OSU,29) (UCc,28) (UGAb,22) (UC,29) (PTGN,31) (ATT,33) (TWC,32) (GTc,28) (OSUc,28) (GT,29) (VONA,33) (EGLN,31) (GTa,79) (DRPA,32) (UCa,79) (EGLNa,81) (UGA,36) (GSAT,36) (EGLNc,30) (PTGNc,30) (DRPAc,31) (VZ,41) (OSUa,79) (DRPAa,82) (PTGNa,81) (CMCTa,94) (VONAa,84) (ATTa,94) (TWCa,94) (VZa,92) (GSATa,87) (UGAa,87)
CMCT:(CMCT,0) (ATT,1) (TWC,0) (VONA,1) (UGA,4) (GSAT,4) (VZ,9) (VZb,4) (ATTb,6) (OSU,6) (UCc,5) (UC,6) (PTGN,8) (UGAb,11) (GSATb,11) (CMCTb,7) (GTc,5) (OSUc,5) (GTb,5) (GT,6) (EGLN,8) (GTa,56) (DRPA,9) (UCa,56) (EGLNa,58) (TWCb,7) (VONAb,8) (UCb,5) (EGLNb,7) (EGLNc,7) (PTGNc,7) (OSUb,5) (DRPAb,8) (DRPAc,8) (OSUa,56) (DRPAa,59) (VONAc,10) (PTGNb,7) (CMCTc,20) (PTGNa,58) (CMCTa,71) (VZc,18) (GSATc,13) (ATTc,20) (TWCc,20) (VONAa,61) (ATTa,71) (TWCa,71) (UGAc,13) (VZa,69) (GSATa,64) (UGAa,64)
CMCTa:(CMCTa,0) (ATTa,1) (TWCa,0) (VONAa,1) (UGAa,4) (GSATa,4) (VZa,9)
CMCTb:(CMCTb,0) (ATTb,1) (TWCb,0) (VONAb,1) (UGAb,4) (GSATb,4) (VZb,9) (CMCT,14) (OSU,11) (UCc,10) (UC,11) (PTGN,13) (ATT,15) (TWC,14) (GTc,10) (OSUc,10) (GTb,10) (GT,11) (VONA,15) (EGLN,13) (GTa,61) (DRPA,14) (UCa,61) (EGLNa,63) (UGA,18) (GSAT,18) (UCb,10) (EGLNb,12) (EGLNc,12) (PTGNc,12) (OSUb,10) (DRPAb,13) (DRPAc,13) (VZ,23) (OSUa,61) (DRPAa,64) (VONAc,15) (PTGNb,12) (CMCTc,25) (PTGNa,63) (CMCTa,76) (VZc,23) (GSATc,18) (ATTc,25) (TWCc,25) (VONAa,66) (ATTa,76) (TWCa,76) (UGAc,18) (VZa,74) (GSATa,69) (UGAa,69)
CMCTc:(CMCTc,0) (ATTc,1) (TWCc,0) (VONAc,1) (UGAc,4) (GSATc,4) (VZc,9) (UCb,13) (GTb,13) (OSUb,13) (EGLNb,15) (PTGNb,15) (DRPAb,16) (VONAb,18) (CMCTb,28) (VZb,26) (GSATb,21) (ATTb,28) (TWCb,28) (CMCT,31) (OSU,28) (UCc,27) (UGAb,21) (UC,28) (PTGN,30) (ATT,32) (TWC,31) (GTc,27) (OSUc,27) (GT,28) (VONA,32) (EGLN,30) (GTa,78) (DRPA,31) (UCa,78) (EGLNa,80) (UGA,35) (GSAT,35) (EGLNc,29) (PTGNc,29) (DRPAc,30) (VZ,40) (OSUa,78) (DRPAa,81) (PTGNa,80) (CMCTa,93) (VONAa,83) (ATTa,93) (TWCa,93) (VZa,91) (GSATa,86) (UGAa,86)
DRPA:(DRPA,0) (EGLN,1) (CMCT,12) (GT,-1) (ATT,13) (TWC,12) (UC,-1) (GTa,49) (OSU,-1) (UCa,49) (EGLNa,51) (VONA,4) (UGA,7) (GSAT,7) (PTGN,1) (OSUa,49) (DRPAa,52) (VZ,12) (PTGNa,51) (CMCTa,64) (VZb,7) (VONAa,54) (ATTa,64) (TWCa,64) (ATTb,9) (UCc,8) (VZa,62) (GSATa,57) (UGAa,57) (UGAb,14) (GSATb,14) (CMCTb,10) (GTc,8) (OSUc,8) (GTb,8) (TWCb,10) (VONAb,11) (UCb,8) (EGLNb,10) (EGLNc,10) (PTGNc,10) (OSUb,8) (DRPAb,11) (DRPAc,11) (VONAc,13) (PTGNb,10) (CMCTc,23) (VZc,21) (GSATc,16) (ATTc,23) (TWCc,23) (UGAc,16)
DRPAa:(DRPAa,0) (EGLNa,1) (CMCTa,12) (GTa,-1) (ATTa,13) (TWCa,12) (UCa,-1) (GT,49) (UC,49) (EGLN,51) (OSUa,-1) (OSU,49) (DRPA,52) (VONAa,4) (UGAa,7) (GSATa,7) (PTGNa,1) (PTGN,51) (CMCT,62) (VZa,12) (VONA,54) (ATT,63) (TWC,62) (VZ,62) (GSAT,57) (UGA,57) (VZb,57) (ATTb,59) (UCc,58) (UGAb,64) (GSATb,64) (CMCTb,60) (GTc,58) (OSUc,58) (GTb,58) (TWCb,60) (VONAb,61) (UCb,58) (EGLNb,60) (EGLNc,60) (PTGNc,60) (OSUb,58) (DRPAb,61) (DRPAc,61) (VONAc,63) (PTGNb,60) (CMCTc,73) (VZc,71) (GSATc,66) (ATTc,73) (TWCc,73) (UGAc,66)
DRPAb:(DRPAb,0) (EGLNb,1) (CMCTb,12) (GTb,-1) (ATTb,13) (TWCb,12) (UCb,-1) (OSUb,-1) (VONAb,4) (UGAb,7) (GSATb,7) (PTGNb,1) (VZb,12) (CMCT,17) (OSU,14) (UCc,13) (UC,14) (PTGN,16) (ATT,18) (TWC,17) (GTc,13) (OSUc,13) (GT,14) (VONA,18) (EGLN,16) (GTa,64) (DRPA,17) (UCa,64) (EGLNa,66) (UGA,21) (GSAT,21) (EGLNc,15) (PTGNc,15) (DRPAc,16) (VZ,26) (OSUa,64) (DRPAa,67) (VONAc,18) (CMCTc,28) (PTGNa,66) (CMCTa,79) (VZc,26) (GSATc,21) (ATTc,28) (TWCc,28) (VONAa,69) (ATTa,79) (TWCa,79) (UGAc,21) (VZa,77) (GSATa,72) (UGAa,72)
DRPAc:(DRPAc,0) (EGLNc,1) (CMCTc,12) (GTc,-1) (ATTc,13) (TWCc,12) (UCc,-1) (OSUc,-1) (OSU,1) (GTb,-1) (VONAc,4) (UGAc,7) (GSATc,7) (UC,1) (PTGN,3) (UCb,-1) (EGLNb,1) (PTGNc,1) (GT,1) (VONA,6) (EGLN,3) (GTa,51) (DRPA,4) (UCa,51) (EGLNa,53) (OSUb,-1) (DRPAb,2) (VZc,12) (VZ,14) (GSAT,9) (CMCT,14) (OSUa,51) (DRPAa,54) (PTGNb,1) (CMCTb,12) (ATT,15) (VZb,9) (UGA,9) (TWC,14) (PTGNa,53) (CMCTa,66) (VONAb,4) (ATTb,11) (TWCb,12) (VONAa,56) (ATTa,66) (TWCa,66) (GSATb,7) (UGAb,7) (VZa,64) (GSATa,59) (UGAa,59)
EGLN:(EGLN,0) (GT,-2) (DRPA,1) (UC,-2) (GTa,48) (CMCT,11) (OSU,-2) (UCa,48) (EGLNa,50) (ATT,12) (TWC,11) (PTGN,0) (OSUa,48) (DRPAa,51) (VONA,3) (UGA,6) (GSAT,6) (PTGNa,50) (CMCTa,63) (VZ,11) (VONAa,53) (ATTa,63) (TWCa,63) (VZb,6) (VZa,61) (GSATa,56) (UGAa,56) (ATTb,8) (UCc,7) (UGAb,13) (GSATb,13) (CMCTb,9) (GTc,7) (OSUc,7) (GTb,7) (TWCb,9) (VONAb,10) (UCb,7) (EGLNb,9) (EGLNc,9) (PTGNc,9) (OSUb,7) (DRPAb,10) (DRPAc,10) (VONAc,12) (PTGNb,9) (CMCTc,22) (VZc,20) (GSATc,15) (ATTc,22) (TWCc,22) (UGAc,15)
EGLNa:(EGLNa,0) (GTa,-2) (DRPAa,1) (UCa,-2) (GT,48) (CMCTa,13) (UC,48) (EGLN,50) (OSUa,-2) (OSU,48) (DRPA,51) (ATTa,13) (TWCa,13) (PTGNa,0) (PTGN,50) (CMCT,61) (VONAa,3) (UGAa,6) (GSATa,6) (VONA,53) (ATT,62) (TWC,61) (VZa,11) (VZ,61) (GSAT,56) (UGA,56) (VZb,56) (ATTb,58) (UCc,57) (UGAb,63) (GSATb,63) (CMCTb,59) (GTc,57) (OSUc,57) (GTb,57) (TWCb,59) (VONAb,60) (UCb,57) (EGLNb,59) (EGLNc,59) (PTGNc,59) (OSUb,57) (DRPAb,60) (DRPAc,60) (VONAc,62) (PTGNb,59) (CMCTc,72) (VZc,70) (GSATc,65) (ATTc,72) (TWCc,72) (UGAc,65)
EGLNb:(EGLNb,0) (GTb,-2) (DRPAb,1) (UCb,-2) (CMCTb,13) (OSUb,-2) (ATTb,13) (TWCb,13) (PTGNb,0) (VONAb,3) (UGAb,6) (GSATb,6) (VZb,11) (CMCT,16) (OSU,13) (UCc,12) (UC,13) (PTGN,15) (ATT,17) (TWC,16) (GTc,12) (OSUc,12) (GT,13) (VONA,17) (EGLN,15) (GTa,63) (DRPA,16) (UCa,63) (EGLNa,65) (UGA,20) (GSAT,20) (EGLNc,14) (PTGNc,14) (DRPAc,15) (VZ,25) (OSUa,63) (DRPAa,66) (VONAc,17) (CMCTc,27) (PTGNa,65) (CMCTa,78) (VZc,25) (GSATc,20) (ATTc,27) (TWCc,27) (VONAa,68) (ATTa,78) (TWCa,78) (UGAc,20) (VZa,76) (GSATa,71) (UGAa,71)
EGLNc:(EGLNc,0) (GTc,-2) (DRPAc,1) (UCc,-2) (CMCTc,13) (OSUc,-2) (OSU,0) (GTb,-2) (ATTc,13) (TWCc,13) (UC,0) (PTGN,2) (UCb,-2) (EGLNb,0) (PTGNc,0) (GT,0) (VONA,5) (EGLN,2) (GTa,50) (DRPA,3) (UCa,50) (EGLNa,52) (OSUb,-2) (DRPAb,1) (VONAc,3) (UGAc,6) (GSATc,6) (VZ,13) (GSAT,8) (CMCT,13) (OSUa,50) (DRPAa,53) (PTGNb,0) (CMCTb,11) (VZc,11) (ATT,14) (VZb,8) (UGA,8) (TWC,13) (PTGNa,52) (CMCTa,65) (VONAb,3) (ATTb,10) (TWCb,11) (VONAa,55) (ATTa,65) (TWCa,65) (GSATb,6) (UGAb,6) (VZa,63) (GSATa,58) (UGAa,58)
GSAT:(GSAT,0) (VONA,-3) (UGA,0) (VZ,5) (ATT,6) (VZb,0) (CMCT,5) (TWC,5) (ATTb,2) (OSU,2) (UCc,1) (UC,2) (PTGN,4) (UGAb,7) (GSATb,7) (CMCTb,3) (GTc,1) (OSUc,1) (GTb,1) (GT,2) (EGLN,4) (GTa,52) (DRPA,5) (UCa,52) (EGLNa,54) (TWCb,3) (VONAb,4) (UCb,1) (EGLNb,3) (EGLNc,3) (PTGNc,3) (OSUb,1) (DRPAb,4) (DRPAc,4) (OSUa,52) (DRPAa,55) (VONAc,6) (PTGNb,3) (CMCTc,16) (PTGNa,54) (CMCTa,67) (VZc,14) (GSATc,9) (ATTc,16) (TWCc,16) (VONAa,57) (ATTa,67) (TWCa,67) (UGAc,9) (VZa,65) (GSATa,60) (UGAa,60)
GSATa:(GSATa,0) (VONAa,-3) (UGAa,0) (VZa,5) (ATTa,7) (CMCTa,8) (TWCa,8)
GSATb:(GSATb,0) (VONAb,-3) (UGAb,0) (VZb,5) (ATTb,7) (CMCT,10) (OSU,7) (UCc,6) (CMCTb,8) (TWCb,8) (UC,7) (PTGN,9) (ATT,11) (TWC,10) (GTc,6) (OSUc,6) (GTb,6) (GT,7) (VONA,11) (EGLN,9) (GTa,57) (DRPA,10) (UCa,57) (EGLNa,59) (UGA,14) (GSAT,14) (UCb,6) (EGLNb,8) (EGLNc,8) (PTGNc,8) (OSUb,6) (DRPAb,9) (DRPAc,9) (VZ,19) (OSUa,57) (DRPAa,60) (VONAc,11) (PTGNb,8) (CMCTc,21) (PTGNa,59) (CMCTa,72) (VZc,19) (GSATc,14) (ATTc,21) (TWCc,21) (VONAa,62) (ATTa,72) (TWCa,72) (UGAc,14) (VZa,70) (GSATa,65) (UGAa,65)
GSATc:(GSATc,0) (VONAc,-3) (UGAc,0) (VZc,5) (ATTc,7) (UCb,9) (CMCTc,8) (TWCc,8) (GTb,9) (OSUb,9) (EGLNb,11) (PTGNb,11) (DRPAb,12) (VONAb,14) (CMCTb,24) (VZb,22) (GSATb,17) (ATTb,24) (TWCb,24) (CMCT,27) (OSU,24) (UCc,23) (UGAb,17) (UC,24) (PTGN,26) (ATT,28) (TWC,27) (GTc,23) (OSUc,23) (GT,24) (VONA,28) (EGLN,26) (GTa,74) (DRPA,27) (UCa,74) (EGLNa,76) (UGA,31) (GSAT,31) (EGLNc,25) (PTGNc,25) (DRPAc,26) (VZ,36) (OSUa,74) (DRPAa,77) (PTGNa,76) (CMCTa,89) (VONAa,79) (ATTa,89) (TWCa,89) (VZa,87) (GSATa,82) (UGAa,82)
GT:(GT,0) (UC,0) (EGLN,2) (GTa,50) (OSU,0) (DRPA,3) (UCa,50) (EGLNa,52) (PTGN,2) (CMCT,13) (OSUa,50) (DRPAa,53) (VONA,5) (ATT,14) (TWC,13) (PTGNa,52) (CMCTa,65) (VZ,13) (GSAT,8) (UGA,8) (VONAa,55) (ATTa,65) (TWCa,65) (VZb,8) (VZa,63) (GSATa,58) (UGAa,58) (ATTb,10) (UCc,9) (UGAb,15) (GSATb,15) (CMCTb,11) (GTc,9) (OSUc,9) (GTb,9) (TWCb,11) (VONAb,12) (UCb,9) (EGLNb,11) (EGLNc,11) (PTGNc,11) (OSUb,9) (DRPAb,12) (DRPAc,12) (VONAc,14) (PTGNb,11) (CMCTc,24) (VZc,22) (GSATc,17) (ATTc,24) (TWCc,24) (UGAc,17)
GTa:(GTa,0) (UCa,0) (EGLNa,2) (GT,50) (UC,50) (EGLN,52) (OSUa,0) (DRPAa,3) (OSU,50) (DRPA,53) (PTGNa,2) (CMCTa,15) (PTGN,52) (CMCT,63) (VONAa,5) (ATTa,15) (TWCa,15) (VONA,55) (ATT,64) (TWC,63) (VZa,13) (GSATa,8) (UGAa,8) (VZ,63) (GSAT,58) (UGA,58) (VZb,58) (ATTb,60) (UCc,59) (UGAb,65) (GSATb,65) (CMCTb,61) (GTc,59) (OSUc,59) (GTb,59) (TWCb,61) (VONAb,62) (UCb,59) (EGLNb,61) (EGLNc,61) (PTGNc,61) (OSUb,59) (DRPAb,62) (DRPAc,62) (VONAc,64) (PTGNb,61) (CMCTc,74) (VZc,72) (GSATc,67) (ATTc,74) (TWCc,74) (UGAc,67)
GTb:(GTb,0) (UCb,0) (EGLNb,2) (OSUb,0) (DRPAb,3) (PTGNb,2) (CMCTb,15) (VONAb,5) (ATTb,15) (TWCb,15) (VZb,13) (GSATb,8) (UGAb,8) (CMCT,18) (OSU,15) (UCc,14) (UC,15) (PTGN,17) (ATT,19) (TWC,18) (GTc,14) (OSUc,14) (GT,15) (VONA,19) (EGLN,17) (GTa,65) (DRPA,18) (UCa,65) (EGLNa,67) (UGA,22) (GSAT,22) (EGLNc,16) (PTGNc,16) (DRPAc,17) (VZ,27) (OSUa,65) (DRPAa,68) (VONAc,19) (CMCTc,29) (PTGNa,67) (CMCTa,80) (VZc,27) (GSATc,22) (ATTc,29) (TWCc,29) (VONAa,70) (ATTa,80) (TWCa,80) (UGAc,22) (VZa,78) (GSATa,73) (UGAa,73)
GTc:(GTc,0) (UCc,0) (EGLNc,2) (OSUc,0) (OSU,2) (GTb,0) (DRPAc,3) (UC,2) (PTGN,4) (UCb,0) (EGLNb,2) (PTGNc,2) (GT,2) (VONA,7) (EGLN,4) (GTa,52) (DRPA,5) (UCa,52) (EGLNa,54) (OSUb,0) (DRPAb,3) (CMCTc,15) (VONAc,5) (VZ,15) (GSAT,10) (CMCT,15) (OSUa,52) (DRPAa,55) (PTGNb,2) (CMCTb,13) (ATTc,15) (TWCc,15) (VZc,13) (GSATc,8) (ATT,16) (VZb,10) (UGA,10) (TWC,15) (PTGNa,54) (CMCTa,67) (VONAb,5) (ATTb,12) (TWCb,13) (UGAc,8) (VONAa,57) (ATTa,67) (TWCa,67) (GSATb,8) (UGAb,8) (VZa,65) (GSATa,60) (UGAa,60)
OSU:(OSU,0) (UC,0) (PTGN,2) (GT,0) (VONA,5) (EGLN,2) (GTa,50) (DRPA,3) (UCa,50) (EGLNa,52) (VZ,13) (GSAT,8) (CMCT,13) (OSUa,50) (DRPAa,53) (ATT,14) (VZb,8) (UGA,8) (TWC,13) (PTGNa,52) (CMCTa,65) (ATTb,10) (UCc,9) (VONAa,55) (ATTa,65) (TWCa,65) (UGAb,15) (GSATb,15) (CMCTb,11) (GTc,9) (OSUc,9) (GTb,9) (VZa,63) (GSATa,58) (UGAa,58) (TWCb,11) (VONAb,12) (UCb,9) (EGLNb,11) (EGLNc,11) (PTGNc,11) (OSUb,9) (DRPAb,12) (DRPAc,12) (VONAc,14) (PTGNb,11) (CMCTc,24) (VZc,22) (GSATc,17) (ATTc,24) (TWCc,24) (UGAc,17)
OSUa:(OSUa,0) (UCa,0) (PTGNa,2) (GTa,0) (VONAa,5) (EGLNa,2) (GT,50) (UC,50) (EGLN,52) (DRPAa,3) (OSU,50) (DRPA,53) (VZa,13) (GSATa,8) (CMCTa,15) (PTGN,52) (CMCT,63) (ATTa,15) (UGAa,8) (TWCa,15) (VONA,55) (ATT,64) (TWC,63) (VZ,63) (GSAT,58) (UGA,58) (VZb,58) (ATTb,60) (UCc,59) (UGAb,65) (GSATb,65) (CMCTb,61) (GTc,59) (OSUc,59) (GTb,59) (TWCb,61) (VONAb,62) (UCb,59) (EGLNb,61) (EGLNc,61) (PTGNc,61) (OSUb,59) (DRPAb,62) (DRPAc,62) (VONAc,64) (PTGNb,61) (CMCTc,74) (VZc,72) (GSATc,67) (ATTc,74) (TWCc,74) (UGAc,67)
OSUb:(OSUb,0) (UCb,0) (PTGNb,2) (GTb,0) (VONAb,5) (EGLNb,2) (DRPAb,3) (VZb,13) (GSATb,8) (CMCTb,15) (ATTb,15) (CMCT,18) (OSU,15) (UCc,14) (UGAb,8) (TWCb,15) (UC,15) (PTGN,17) (ATT,19) (TWC,18) (GTc,14) (OSUc,14) (GT,15) (VONA,19) (EGLN,17) (GTa,65) (DRPA,18) (UCa,65) (EGLNa,67) (UGA,22) (GSAT,22) (EGLNc,16) (PTGNc,16) (DRPAc,17) (VZ,27) (OSUa,65) (DRPAa,68) (VONAc,19) (CMCTc,29) (PTGNa,67) (CMCTa,80) (VZc,27) (GSATc,22) (ATTc,29) (TWCc,29) (VONAa,70) (ATTa,80) (TWCa,80) (UGAc,22) (VZa,78) (GSATa,73) (UGAa,73)
OSUc:(OSUc,0) (UCc,0) (PTGNc,2) (GTc,0) (OSU,2) (GTb,0) (VONAc,5) (UC,2) (PTGN,4) (UCb,0) (EGLNb,2) (EGLNc,2) (GT,2) (VONA,7) (EGLN,4) (GTa,52) (DRPA,5) (UCa,52) (EGLNa,54) (OSUb,0) (DRPAb,3) (DRPAc,3) (VZc,13) (GSATc,8) (VZ,15) (GSAT,10) (CMCT,15) (OSUa,52) (DRPAa,55) (PTGNb,2) (CMCTb,13) (CMCTc,15) (ATTc,15) (UGAc,8) (ATT,16) (VZb,10) (UGA,10) (TWC,15) (PTGNa,54) (CMCTa,67) (VONAb,5) (ATTb,12) (TWCb,13) (TWCc,15) (VONAa,57) (ATTa,67) (TWCa,67) (GSATb,8) (UGAb,8) (VZa,65) (GSATa,60) (UGAa,60)
PTGN:(PTGN,0) (OSU,-1) (VONA,3) (UC,-1) (VZ,11) (GSAT,6) (GT,-1) (EGLN,1) (GTa,49) (DRPA,2) (UCa,49) (EGLNa,51) (ATT,12) (VZb,6) (UGA,6) (CMCT,11) (OSUa,49) (DRPAa,52) (ATTb,8) (UCc,7) (TWC,11) (PTGNa,51) (CMCTa,64) (UGAb,13) (GSATb,13) (CMCTb,9) (GTc,7) (OSUc,7) (GTb,7) (VONAa,54) (ATTa,64) (TWCa,64) (TWCb,9) (VONAb,10) (UCb,7) (EGLNb,9) (EGLNc,9) (PTGNc,9) (OSUb,7) (DRPAb,10) (DRPAc,10) (VZa,62) (GSATa,57) (UGAa,57) (VONAc,12) (PTGNb,9) (CMCTc,22) (VZc,20) (GSATc,15) (ATTc,22) (TWCc,22) (UGAc,15)
PTGNa:(PTGNa,0) (OSUa,-1) (VONAa,3) (UCa,-1) (VZa,11) (GSATa,6) (GTa,-1) (EGLNa,1) (GT,49) (UC,49) (EGLN,51) (DRPAa,2) (OSU,49) (DRPA,52) (ATTa,13) (UGAa,6) (CMCTa,14) (PTGN,51) (CMCT,62) (TWCa,14) (VONA,54) (ATT,63) (TWC,62) (VZ,62) (GSAT,57) (UGA,57) (VZb,57) (ATTb,59) (UCc,58) (UGAb,64) (GSATb,64) (CMCTb,60) (GTc,58) (OSUc,58) (GTb,58) (TWCb,60) (VONAb,61) (UCb,58) (EGLNb,60) (EGLNc,60) (PTGNc,60) (OSUb,58) (DRPAb,61) (DRPAc,61) (VONAc,63) (PTGNb,60) (CMCTc,73) (VZc,71) (GSATc,66) (ATTc,73) (TWCc,73) (UGAc,66)
PTGNb:(PTGNb,0) (OSUb,-1) (VONAb,3) (UCb,-1) (VZb,11) (GSATb,6) (GTb,-1) (EGLNb,1) (DRPAb,2) (ATTb,13) (CMCT,16) (OSU,13) (UCc,12) (UGAb,6) (CMCTb,14) (UC,13) (PTGN,15) (ATT,17) (TWC,16) (GTc,12) (OSUc,12) (GT,13) (VONA,17) (EGLN,15) (GTa,63) (DRPA,16) (UCa,63) (EGLNa,65) (UGA,20) (GSAT,20) (TWCb,14) (EGLNc,14) (PTGNc,14) (DRPAc,15) (VZ,25) (OSUa,63) (DRPAa,66) (VONAc,17) (CMCTc,27) (PTGNa,65) (CMCTa,78) (VZc,25) (GSATc,20) (ATTc,27) (TWCc,27) (VONAa,68) (ATTa,78) (TWCa,78) (UGAc,20) (VZa,76) (GSATa,71) (UGAa,71)
PTGNc:(PTGNc,0) (OSUc,-1) (VONAc,3) (UCc,-1) (VZc,11) (GSATc,6) (GTc,-1) (OSU,1) (GTb,-1) (UC,1) (PTGN,3) (UCb,-1) (EGLNb,1) (EGLNc,1) (GT,1) (VONA,6) (EGLN,3) (GTa,51) (DRPA,4) (UCa,51) (EGLNa,53) (OSUb,-1) (DRPAb,2) (DRPAc,2) (ATTc,13) (UGAc,6) (VZ,14) (GSAT,9) (CMCT,14) (OSUa,51) (DRPAa,54) (PTGNb,1) (CMCTb,12) (CMCTc,14) (ATT,15) (VZb,9) (UGA,9) (TWC,14) (PTGNa,53) (CMCTa,66) (VONAb,4) (ATTb,11) (TWCb,12) (TWCc,14) (VONAa,56) (ATTa,66) (TWCa,66) (GSATb,7) (UGAb,7) (VZa,64) (GSATa,59) (UGAa,59)
TWC:(TWC,0) (CMCT,0) (VONA,1) (ATT,1) (VZ,9) (GSAT,4) (UGA,4) (VZb,4) (ATTb,6) (OSU,6) (UCc,5) (UC,6) (PTGN,8) (UGAb,11) (GSATb,11) (CMCTb,7) (GTc,5) (OSUc,5) (GTb,5) (GT,6) (EGLN,8) (GTa,56) (DRPA,9) (UCa,56) (EGLNa,58) (TWCb,7) (VONAb,8) (UCb,5) (EGLNb,7) (EGLNc,7) (PTGNc,7) (OSUb,5) (DRPAb,8) (DRPAc,8) (OSUa,56) (DRPAa,59) (VONAc,10) (PTGNb,7) (CMCTc,20) (PTGNa,58) (CMCTa,71) (VZc,18) (GSATc,13) (ATTc,20) (TWCc,20) (VONAa,61) (ATTa,71) (TWCa,71) (UGAc,13) (VZa,69) (GSATa,64) (UGAa,64)
TWCa:(TWCa,0) (CMCTa,0) (VONAa,1) (ATTa,1) (VZa,9) (GSATa,4) (UGAa,4)
TWCb:(TWCb,0) (CMCTb,0) (VONAb,1) (ATTb,1) (VZb,9) (GSATb,4) (UGAb,4) (CMCT,14) (OSU,11) (UCc,10) (UC,11) (PTGN,13) (ATT,15) (TWC,14) (GTc,10) (OSUc,10) (GTb,10) (GT,11) (VONA,15) (EGLN,13) (GTa,61) (DRPA,14) (UCa,61) (EGLNa,63) (UGA,18) (GSAT,18) (UCb,10) (EGLNb,12) (EGLNc,12) (PTGNc,12) (OSUb,10) (DRPAb,13) (DRPAc,13) (VZ,23) (OSUa,61) (DRPAa,64) (VONAc,15) (PTGNb,12) (CMCTc,25) (PTGNa,63) (CMCTa,76) (VZc,23) (GSATc,18) (ATTc,25) (TWCc,25) (VONAa,66) (ATTa,76) (TWCa,76) (UGAc,18) (VZa,74) (GSATa,69) (UGAa,69)
TWCc:(TWCc,0) (CMCTc,0) (VONAc,1) (ATTc,1) (VZc,9) (GSATc,4) (UGAc,4) (UCb,13) (GTb,13) (OSUb,13) (EGLNb,15) (PTGNb,15) (DRPAb,16) (VONAb,18) (CMCTb,28) (VZb,26) (GSATb,21) (ATTb,28) (TWCb,28) (CMCT,31) (OSU,28) (UCc,27) (UGAb,21) (UC,28) (PTGN,30) (ATT,32) (TWC,31) (GTc,27) (OSUc,27) (GT,28) (VONA,32) (EGLN,30) (GTa,78) (DRPA,31) (UCa,78) (EGLNa,80) (UGA,35) (GSAT,35) (EGLNc,29) (PTGNc,29) (DRPAc,30) (VZ,40) (OSUa,78) (DRPAa,81) (PTGNa,80) (CMCTa,93) (VONAa,83) (ATTa,93) (TWCa,93) (VZa,91) (GSATa,86) (UGAa,86)
UC:(UC,0) (GT,0) (OSU,0) (EGLN,2) (GTa,50) (PTGN,2) (DRPA,3) (UCa,50) (EGLNa,52) (VONA,5) (CMCT,13) (OSUa,50) (DRPAa,53) (VZ,13) (GSAT,8) (ATT,14) (TWC,13) (PTGNa,52) (CMCTa,65) (VZb,8) (UGA,8) (VONAa,55) (ATTa,65) (TWCa,65) (ATTb,10) (UCc,9) (VZa,63) (GSATa,58) (UGAa,58) (UGAb,15) (GSATb,15) (CMCTb,11) (GTc,9) (OSUc,9) (GTb,9) (TWCb,11) (VONAb,12) (UCb,9) (EGLNb,11) (EGLNc,11) (PTGNc,11) (OSUb,9) (DRPAb,12) (DRPAc,12) (VONAc,14) (PTGNb,11) (CMCTc,24) (VZc,22) (GSATc,17) (ATTc,24) (TWCc,24) (UGAc,17)
UCa:(UCa,0) (GTa,0) (OSUa,0) (EGLNa,2) (GT,50) (PTGNa,2) (UC,50) (EGLN,52) (DRPAa,3) (OSU,50) (DRPA,53) (VONAa,5) (CMCTa,15) (PTGN,52) (CMCT,63) (VZa,13) (GSATa,8) (ATTa,15) (TWCa,15) (VONA,55) (ATT,64) (TWC,63) (UGAa,8) (VZ,63) (GSAT,58) (UGA,58) (VZb,58) (ATTb,60) (UCc,59) (UGAb,65) (GSATb,65) (CMCTb,61) (GTc,59) (OSUc,59) (GTb,59) (TWCb,61) (VONAb,62) (UCb,59) (EGLNb,61) (EGLNc,61) (PTGNc,61) (OSUb,59) (DRPAb,62) (DRPAc,62) (VONAc,64) (PTGNb,61) (CMCTc,74) (VZc,72) (GSATc,67) (ATTc,74) (TWCc,74) (UGAc,67)
UCb:(UCb,0) (GTb,0) (OSUb,0) (EGLNb,2) (PTGNb,2) (DRPAb,3) (VONAb,5) (CMCTb,15) (VZb,13) (GSATb,8) (ATTb,15) (TWCb,15) (CMCT,18) (OSU,15) (UCc,14) (UGAb,8) (UC,15) (PTGN,17) (ATT,19) (TWC,18) (GTc,14) (OSUc,14) (GT,15) (VONA,19) (EGLN,17) (GTa,65) (DRPA,18) (UCa,65) (EGLNa,67) (UGA,22) (GSAT,22) (EGLNc,16) (PTGNc,16) (DRPAc,17) (VZ,27) (OSUa,65) (DRPAa,68) (VONAc,19) (CMCTc,29) (PTGNa,67) (CMCTa,80) (VZc,27) (GSATc,22) (ATTc,29) (TWCc,29) (VONAa,70) (ATTa,80) (TWCa,80) (UGAc,22) (VZa,78) (GSATa,73) (UGAa,73)
UCc:(UCc,0) (GTc,0) (OSUc,0) (OSU,2) (GTb,0) (UC,2) (PTGN,4) (UCb,0) (EGLNb,2) (EGLNc,2) (PTGNc,2) (GT,2) (VONA,7) (EGLN,4) (GTa,52) (DRPA,5) (UCa,52) (EGLNa,54) (OSUb,0) (DRPAb,3) (DRPAc,3) (VONAc,5) (VZ,15) (GSAT,10) (CMCT,15) (OSUa,52) (DRPAa,55) (PTGNb,2) (CMCTb,13) (CMCTc,15) (VZc,13) (GSATc,8) (ATT,16) (VZb,10) (UGA,10) (TWC,15) (PTGNa,54) (CMCTa,67) (VONAb,5) (ATTb,12) (TWCb,13) (ATTc,15) (TWCc,15) (UGAc,8) (VONAa,57) (ATTa,67) (TWCa,67) (GSATb,8) (UGAb,8) (VZa,65) (GSATa,60) (UGAa,60)
UGA:(UGA,0) (ATT,50) (GSAT,50) (CMCT,51) (VONA,47) (TWC,51) (VZ,55) (VZb,50) (ATTb,52) (OSU,52) (UCc,51) (UC,52) (PTGN,54) (UGAb,57) (GSATb,57) (CMCTb,53) (GTc,51) (OSUc,51) (GTb,51) (GT,52) (EGLN,54) (GTa,102) (DRPA,55) (UCa,102) (EGLNa,104) (TWCb,53) (VONAb,54) (UCb,51) (EGLNb,53) (EGLNc,53) (PTGNc,53) (OSUb,51) (DRPAb,54) (DRPAc,54) (OSUa,102) (DRPAa,105) (VONAc,56) (PTGNb,53) (CMCTc,66) (PTGNa,104) (CMCTa,117) (VZc,64) (GSATc,59) (ATTc,66) (TWCc,66) (VONAa,107) (ATTa,117) (TWCa,117) (UGAc,59) (VZa,115) (GSATa,110) (UGAa,110)
UGAa:(UGAa,0) (ATTa,50) (GSATa,50) (CMCTa,51) (VONAa,47) (TWCa,51) (VZa,55)
UGAb:(UGAb,0) (ATTb,50) (GSATb,50) (CMCTb,51) (VONAb,47) (TWCb,51) (VZb,55) (CMCT,60) (OSU,57) (UCc,56) (UC,57) (PTGN,59) (ATT,61) (TWC,60) (GTc,56) (OSUc,56) (GTb,56) (GT,57) (VONA,61) (EGLN,59) (GTa,107) (DRPA,60) (UCa,107) (EGLNa,109) (UGA,64) (GSAT,64) (UCb,56) (EGLNb,58) (EGLNc,58) (PTGNc,58) (OSUb,56) (DRPAb,59) (DRPAc,59) (VZ,69) (OSUa,107) (DRPAa,110) (VONAc,61) (PTGNb,58) (CMCTc,71) (PTGNa,109) (CMCTa,122) (VZc,69) (GSATc,64) (ATTc,71) (TWCc,71) (VONAa,112) (ATTa,122) (TWCa,122) (UGAc,64) (VZa,120) (GSATa,115) (UGAa,115)
UGAc:(UGAc,0) (ATTc,50) (GSATc,50) (CMCTc,51) (VONAc,47) (TWCc,51) (VZc,55) (UCb,59) (GTb,59) (OSUb,59) (EGLNb,61) (PTGNb,61) (DRPAb,62) (VONAb,64) (CMCTb,74) (VZb,72) (GSATb,67) (ATTb,74) (TWCb,74) (CMCT,77) (OSU,74) (UCc,73) (UGAb,67) (UC,74) (PTGN,76) (ATT,78) (TWC,77) (GTc,73) (OSUc,73) (GT,74) (VONA,78) (EGLN,76) (GTa,124) (DRPA,77) (UCa,124) (EGLNa,126) (UGA,81) (GSAT,81) (EGLNc,75) (PTGNc,75) (DRPAc,76) (VZ,86) (OSUa,124) (DRPAa,127) (PTGNa,126) (CMCTa,139) (VONAa,129) (ATTa,139) (TWCa,139) (VZa,137) (GSATa,132) (UGAa,132)
VONA:(VONA,0) (VZ,8) (GSAT,3) (ATT,9) (VZb,3) (UGA,3) (CMCT,8) (ATTb,5) (OSU,5) (UCc,4) (TWC,8) (UC,5) (PTGN,7) (UGAb,10) (GSATb,10) (CMCTb,6) (GTc,4) (OSUc,4) (GTb,4) (GT,5) (EGLN,7) (GTa,55) (DRPA,8) (UCa,55) (EGLNa,57) (TWCb,6) (VONAb,7) (UCb,4) (EGLNb,6) (EGLNc,6) (PTGNc,6) (OSUb,4) (DRPAb,7) (DRPAc,7) (OSUa,55) (DRPAa,58) (VONAc,9) (PTGNb,6) (CMCTc,19) (PTGNa,57) (CMCTa,70) (VZc,17) (GSATc,12) (ATTc,19) (TWCc,19) (VONAa,60) (ATTa,70) (TWCa,70) (UGAc,12) (VZa,68) (GSATa,63) (UGAa,63)
VONAa:(VONAa,0) (VZa,8) (GSATa,3) (ATTa,10) (UGAa,3) (CMCTa,11) (TWCa,11)
VONAb:(VONAb,0) (VZb,8) (GSATb,3) (ATTb,10) (CMCT,13) (OSU,10) (UCc,9) (UGAb,3) (UC,10) (PTGN,12) (ATT,14) (TWC,13) (CMCTb,11) (GTc,9) (OSUc,9) (GTb,9) (GT,10) (VONA,14) (EGLN,12) (GTa,60) (DRPA,13) (UCa,60) (EGLNa,62) (UGA,17) (GSAT,17) (TWCb,11) (UCb,9) (EGLNb,11) (EGLNc,11) (PTGNc,11) (OSUb,9) (DRPAb,12) (DRPAc,12) (VZ,22) (OSUa,60) (DRPAa,63) (VONAc,14) (PTGNb,11) (CMCTc,24) (PTGNa,62) (CMCTa,75) (VZc,22) (GSATc,17) (ATTc,24) (TWCc,24) (VONAa,65) (ATTa,75) (TWCa,75) (UGAc,17) (VZa,73) (GSATa,68) (UGAa,68)
VONAc:(VONAc,0) (VZc,8) (GSATc,3) (ATTc,10) (UCb,12) (UGAc,3) (GTb,12) (OSUb,12) (CMCTc,11) (EGLNb,14) (PTGNb,14) (DRPAb,15) (TWCc,11) (VONAb,17) (CMCTb,27) (VZb,25) (GSATb,20) (ATTb,27) (TWCb,27) (CMCT,30) (OSU,27) (UCc,26) (UGAb,20) (UC,27) (PTGN,29) (ATT,31) (TWC,30) (GTc,26) (OSUc,26) (GT,27) (VONA,31) (EGLN,29) (GTa,77) (DRPA,30) (UCa,77) (EGLNa,79) (UGA,34) (GSAT,34) (EGLNc,28) (PTGNc,28) (DRPAc,29) (VZ,39) (OSUa,77) (DRPAa,80) (PTGNa,79) (CMCTa,92) (VONAa,82) (ATTa,92) (TWCa,92) (VZa,90) (GSATa,85) (UGAa,85)
VZ:(VZ,0) (ATT,1) (VZb,-5) (UGA,4) (GSAT,4) (CMCT,0) (ATTb,-3) (OSU,-3) (UCc,-4) (TWC,0) (VONA,1) (UC,-3) (PTGN,-1) (UGAb,2) (GSATb,2) (CMCTb,-2) (GTc,-4) (OSUc,-4) (GTb,-4) (GT,-3) (EGLN,-1) (GTa,47) (DRPA,0) (UCa,47) (EGLNa,49) (TWCb,-2) (VONAb,-1) (UCb,-4) (EGLNb,-2) (EGLNc,-2) (PTGNc,-2) (OSUb,-4) (DRPAb,-1) (DRPAc,-1) (OSUa,47) (DRPAa,50) (VONAc,1) (PTGNb,-2) (CMCTc,11) (PTGNa,49) (CMCTa,62) (VZc,9) (GSATc,4) (ATTc,11) (TWCc,11) (VONAa,52) (ATTa,62) (TWCa,62) (UGAc,4) (VZa,60) (GSATa,55) (UGAa,55)
VZa:(VZa,0) (ATTa,2) (UGAa,7) (GSATa,7) (CMCTa,3) (TWCa,3) (VONAa,4)
VZb:(VZb,0) (ATTb,2) (CMCT,5) (OSU,2) (UCc,1) (UC,2) (PTGN,4) (ATT,6) (TWC,5) (UGAb,7) (GSATb,7) (CMCTb,3) (GTc,1) (OSUc,1) (GTb,1) (GT,2) (VONA,6) (EGLN,4) (GTa,52) (DRPA,5) (UCa,52) (EGLNa,54) (UGA,9) (GSAT,9) (TWCb,3) (VONAb,4) (UCb,1) (EGLNb,3) (EGLNc,3) (PTGNc,3) (OSUb,1) (DRPAb,4) (DRPAc,4) (VZ,14) (OSUa,52) (DRPAa,55) (VONAc,6) (PTGNb,3) (CMCTc,16) (PTGNa,54) (CMCTa,67) (VZc,14) (GSATc,9) (ATTc,16) (TWCc,16) (VONAa,57) (ATTa,67) (TWCa,67) (UGAc,9) (VZa,65) (GSATa,60) (UGAa,60)
VZc:(VZc,0) (ATTc,2) (UCb,4) (GTb,4) (OSUb,4) (UGAc,7) (GSATc,7) (CMCTc,3) (EGLNb,6) (PTGNb,6) (DRPAb,7) (TWCc,3) (VONAc,4) (VONAb,9) (CMCTb,19) (VZb,17) (GSATb,12) (ATTb,19) (TWCb,19) (CMCT,22) (OSU,19) (UCc,18) (UGAb,12) (UC,19) (PTGN,21) (ATT,23) (TWC,22) (GTc,18) (OSUc,18) (GT,19) (VONA,23) (EGLN,21) (GTa,69) (DRPA,22) (UCa,69) (EGLNa,71) (UGA,26) (GSAT,26) (EGLNc,20) (PTGNc,20) (DRPAc,21) (VZ,31) (OSUa,69) (DRPAa,72) (PTGNa,71) (CMCTa,84) (VONAa,74) (ATTa,84) (TWCa,84) (VZa,82) (GSATa,77) (UGAa,77)
-----
