ATT:(ATT,0) (UGA,-50) (GSAT,-8) (CMCT,1) (TWC,1) (VONA,-11)
ATTa:(ATTa,0) (UGAa,-50) (GSATa,-8) (CMCTa,1) (TWCa,1) (VONAa,-11)
ATTb:(ATTb,0) (UGAb,-50) (GSATb,-8) (CMCTb,1) (TWCb,1) (VONAb,-11)
ATTc:(ATTc,0) (UGAc,-50) (GSATc,-8) (CMCTc,1) (TWCc,1) (VONAc,-11)
CMCT:(CMCT,0) (ATT,1) (TWC,0) (VONA,1) (UGA,-49) (GSAT,-7)
CMCTa:(CMCTa,0) (ATTa,1) (TWCa,0) (VONAa,1) (UGAa,-49) (GSATa,-7)
CMCTb:(CMCTb,0) (ATTb,1) (TWCb,0) (VONAb,1) (UGAb,-49) (GSATb,-7)
CMCTc:(CMCTc,0) (ATTc,1) (TWCc,0) (VONAc,1) (UGAc,-49) (GSATc,-7)
DRPA:(DRPA,0) (EGLN,1) (CMCT,12) (GT,-1) (ATT,13) (TWC,12) (UC,-1) (GTa,-99) (OSU,-1) (UCa,-99) (EGLNa,-49)
DRPAa:(DRPAa,0) (EGLNa,1) (CMCTa,12) (GTa,-1) (ATTa,13) (TWCa,12) (UCa,-99) (GT,-99) (UC,-99) (EGLN,-49) (OSUa,-1) (OSU,-99) (DRPA,-48)
DRPAb:(DRPAb,0) (EGLNb,1) (CMCTb,12) (GTb,-1) (ATTb,13) (TWCb,12) (UCb,-1) (OSUb,-1)
DRPAc:(DRPAc,0) (EGLNc,1) (CMCTc,12) (GTc,-1) (ATTc,13) (TWCc,12) (UCc,-1) (OSUc,-1) (OSU,1) (GTb,-1)
EGLN:(EGLN,0) (GT,-2) (DRPA,1) (UC,-2) (GTa,-99) (CMCT,13) (OSU,-2) (UCa,-99) (EGLNa,-50)
EGLNa:(EGLNa,0) (GTa,-2) (DRPAa,1) (UCa,-99) (GT,-99) (CMCTa,13) (UC,-99) (EGLN,-50) (OSUa,-2) (OSU,-99) (DRPA,-49)
EGLNb:(EGLNb,0) (GTb,-2) (DRPAb,1) (UCb,-2) (CMCTb,13) (OSUb,-2)
EGLNc:(EGLNc,0) (GTc,-2) (DRPAc,1) (UCc,-2) (CMCTc,13) (OSUc,-2) (OSU,0) (GTb,-2)
GSAT:(GSAT,0) (VONA,-3) (UGA,0) (VZ,5) (ATT,7) (VZb,0)
GSATa:(GSATa,0) (VONAa,-3) (UGAa,0) (VZa,5) (ATTa,7)
GSATb:(GSATb,0) (VONAb,-3) (UGAb,0) (VZb,5) (ATTb,7) (CMCT,10) (OSU,7) (UCc,6)
GSATc:(GSATc,0) (VONAc,-3) (UGAc,0) (VZc,5) (ATTc,7) (UCb,9)
GT:(GT,0) (UC,0) (EGLN,2) (GTa,-50) (OSU,0) (DRPA,3) (UCa,-50) (EGLNa,-48)
GTa:(GTa,0) (UCa,-99) (EGLNa,-99) (GT,-50) (UC,-50) (EGLN,-48) (OSUa,0) (DRPAa,3) (OSU,-50) (DRPA,-47)
GTb:(GTb,0) (UCb,0) (EGLNb,2) (OSUb,0) (DRPAb,3)
GTc:(GTc,0) (UCc,0) (EGLNc,2) (OSUc,0) (OSU,2) (GTb,0) (DRPAc,3)
OSU:(OSU,0) (UC,0) (PTGN,2) (GT,0) (VONA,5) (EGLN,2) (GTa,-50) (DRPA,3) (UCa,-50) (EGLNa,-48)
OSUa:(OSUa,0) (UCa,0) (PTGNa,2) (GTa,0) (VONAa,5) (EGLNa,-99) (GT,-50) (UC,-50) (EGLN,-48) (DRPAa,3) (OSU,-50) (DRPA,-47)
OSUb:(OSUb,0) (UCb,0) (PTGNb,2) (GTb,0) (VONAb,5) (EGLNb,2) (DRPAb,3)
OSUc:(OSUc,0) (UCc,0) (PTGNc,2) (GTc,0) (OSU,2) (GTb,0) (VONAc,5) (UC,2) (PTGN,4) (UCb,0) (EGLNb,2) (EGLNc,2) (GT,2) (VONA,7) (EGLN,4) (GTa,-48) (DRPA,5) (UCa,-48) (EGLNa,-46) (OSUb,0) (DRPAb,3) (DRPAc,3)
PTGN:(PTGN,0) (OSU,-1) (VONA,3) (UC,-1) (VZ,11) (GSAT,6) (GT,-1) (EGLN,1) (GTa,-99) (DRPA,2) (UCa,-99) (EGLNa,-49)
PTGNa:(PTGNa,0) (OSUa,-1) (VONAa,3) (UCa,-1) (VZa,11) (GSATa,6) (GTa,-1) (EGLNa,-99) (GT,-99) (UC,-99) (EGLN,-49) (DRPAa,2) (OSU,-99) (DRPA,-48)
PTGNb:(PTGNb,0) (OSUb,-1) (VONAb,3) (UCb,-1) (VZb,11) (GSATb,6) (GTb,-1) (EGLNb,1) (DRPAb,2)
PTGNc:(PTGNc,0) (OSUc,-1) (VONAc,3) (UCc,-1) (VZc,11) (GSATc,6) (GTc,-1) (OSU,1) (GTb,-1) (UC,1) (PTGN,3) (UCb,-1) (EGLNb,1) (EGLNc,1) (GT,1) (VONA,6) (EGLN,3) (GTa,-49) (DRPA,4) (UCa,-49) (EGLNa,-47) (OSUb,-1) (DRPAb,2) (DRPAc,2)
TWC:(TWC,0) (CMCT,0) (VONA,1) (ATT,1) (VZ,9) (GSAT,-7) (UGA,-49)
TWCa:(TWCa,0) (CMCTa,0) (VONAa,1) (ATTa,1) (VZa,9) (GSATa,-7) (UGAa,-49)
TWCb:(TWCb,0) (CMCTb,0) (VONAb,1) (ATTb,1) (VZb,9) (GSATb,-7) (UGAb,-49)
TWCc:(TWCc,0) (CMCTc,0) (VONAc,1) (ATTc,1) (VZc,9) (GSATc,-7) (UGAc,-49)
UC:(UC,0) (GT,0) (OSU,0) (EGLN,2) (GTa,-50) (PTGN,2) (DRPA,3) (UCa,-50) (EGLNa,-48)
UCa:(UCa,0) (GTa,0) (OSUa,0) (EGLNa,-99) (GT,-50) (PTGNa,2) (UC,-50) (EGLN,-48) (DRPAa,3) (OSU,-50) (DRPA,-47)
UCb:(UCb,0) (GTb,0) (OSUb,0) (EGLNb,2) (PTGNb,2) (DRPAb,3)
UCc:(UCc,0) (GTc,0) (OSUc,0) (OSU,2) (GTb,0) (UC,2) (PTGN,4) (UCb,0) (EGLNb,2) (EGLNc,2) (PTGNc,2) (GT,2) (VONA,7) (EGLN,4) (GTa,-48) (DRPA,5) (UCa,-48) (EGLNa,-46) (OSUb,0) (DRPAb,3) (DRPAc,3)
UGA:(UGA,0) (ATT,49) (GSAT,42) (CMCT,51) (VONA,39) (TWC,51) (VZ,47) (VZb,42)
UGAa:(UGAa,0) (ATTa,49) (GSATa,42) (CMCTa,51) (VONAa,39) (TWCa,51) (VZa,47)
UGAb:(UGAb,0) (ATTb,49) (GSATb,42) (CMCTb,51) (VONAb,39) (TWCb,51) (VZb,47) (CMCT,52) (OSU,49) (UCc,48)
UGAc:(UGAc,0) (ATTc,49) (GSATc,42) (CMCTc,51) (VONAc,39) (TWCc,51) (VZc,47) (UCb,51)
VONA:(VONA,0) (VZ,8) (GSAT,3) (ATT,10) (VZb,3) (UGA,3)
VONAa:(VONAa,0) (VZa,8) (GSATa,3) (ATTa,10) (UGAa,3)
VONAb:(VONAb,0) (VZb,8) (GSATb,3) (ATTb,10) (CMCT,13) (OSU,10) (UCc,9) (UGAb,3)
VONAc:(VONAc,0) (VZc,8) (GSATc,3) (ATTc,10) (UCb,12) (UGAc,3)
VZ:(VZ,0) (ATT,2) (VZb,-5) (UGA,-48) (GSAT,-6) (CMCT,0) (ATTb,-3) (OSU,-3) (UCc,-4)
VZa:(VZa,0) (ATTa,2) (UGAa,-48) (GSATa,-6) (CMCTa,3)
VZb:(VZb,0) (ATTb,2) (CMCT,5) (OSU,2) (UCc,1) (UC,2) (PTGN,4) (ATT,6) (TWC,5) (UGAb,-48) (GSATb,-6) (CMCTb,3) (GTc,1) (OSUc,1) (GTb,1) (GT,2) (VONA,6) (EGLN,4) (GTa,-48) (DRPA,5) (UCa,-48) (EGLNa,-46) (UGA,-44) (GSAT,-2)
VZc:(VZc,0) (ATTc,2) (UCb,4) (GTb,4) (OSUb,4) (UGAc,-48) (GSATc,-6) (CMCTc,3) (EGLNb,6) (PTGNb,6) (DRPAb,7)
-----
ATT:(ATT,0) (UGA,-50) (GSAT,-8) (CMCT,1) (TWC,1) (VONA,-11) (VZ,-3) (VZb,-8)
ATTa:(ATTa,0) (UGAa,-50) (GSATa,-8) (CMCTa,1) (TWCa,1) (VONAa,-11) (VZa,-3)
ATTb:(ATTb,0) (UGAb,-50) (GSATb,-8) (CMCTb,1) (TWCb,1) (VONAb,-11) (VZb,-3) (CMCT,2) (OSU,-1) (UCc,-2)
ATTc:(ATTc,0) (UGAc,-50) (GSATc,-8) (CMCTc,1) (TWCc,1) (VONAc,-11) (VZc,-3) (UCb,1)
CMCT:(CMCT,0) (ATT,1) (TWC,0) (VONA,-10) (UGA,-49) (GSAT,-7) (VZ,9)
CMCTa:(CMCTa,0) (ATTa,1) (TWCa,0) (VONAa,-10) (UGAa,-49) (GSATa,-7) (VZa,9)
CMCTb:(CMCTb,0) (ATTb,1) (TWCb,0) (VONAb,-10) (UGAb,-49) (GSATb,-7) (VZb,9)
CMCTc:(CMCTc,0) (ATTc,1) (TWCc,0) (VONAc,-10) (UGAc,-49) (GSATc,-7) (VZc,9)
DRPA:(DRPA,0) (EGLN,1) (CMCT,12) (GT,-1) (ATT,13) (TWC,12) (UC,-99) (GTa,-99) (OSU,-99) (UCa,-99) (EGLNa,-99) (VONA,13) (UGA,-37) (GSAT,5) (PTGN,1) (OSUa,-99) (DRPAa,-99)
DRPAa:(DRPAa,0) (EGLNa,1) (CMCTa,-99) (GTa,-1) (ATTa,13) (TWCa,12) (UCa,-99) (GT,-99) (UC,-99) (EGLN,-99) (OSUa,-99) (OSU,-99) (DRPA,-99) (VONAa,13) (UGAa,-37) (GSATa,5) (PTGNa,-99) (PTGN,-99) (CMCT,-99)
DRPAb:(DRPAb,0) (EGLNb,1) (CMCTb,12) (GTb,-1) (ATTb,13) (TWCb,12) (UCb,-1) (OSUb,-1) (VONAb,13) (UGAb,-37) (GSATb,5) (PTGNb,1)
DRPAc:(DRPAc,0) (EGLNc,1) (CMCTc,12) (GTc,-1) (ATTc,13) (TWCc,12) (UCc,-1) (OSUc,-1) (OSU,1) (GTb,-1) (VONAc,13) (UGAc,-37) (GSATc,5) (UC,1) (PTGN,3) (UCb,-1) (EGLNb,1) (PTGNc,1) (GT,1) (VONA,6) (EGLN,3) (GTa,-49) (DRPA,4) (UCa,-49) (EGLNa,-47) (OSUb,-1) (DRPAb,2)
EGLN:(EGLN,0) (GT,-2) (DRPA,-99) (UC,-99) (GTa,-99) (CMCT,13) (OSU,-99) (UCa,-99) (EGLNa,-99) (ATT,14) (TWC,13) (PTGN,0) (OSUa,-99) (DRPAa,-99)
EGLNa:(EGLNa,0) (GTa,-2) (DRPAa,-99) (UCa,-99) (GT,-99) (CMCTa,-99) (UC,-99) (EGLN,-99) (OSUa,-99) (OSU,-99) (DRPA,-99) (ATTa,14) (TWCa,13) (PTGNa,-99) (PTGN,-99) (CMCT,-99)
EGLNb:(EGLNb,0) (GTb,-2) (DRPAb,1) (UCb,-2) (CMCTb,13) (OSUb,-2) (ATTb,14) (TWCb,13) (PTGNb,0)
EGLNc:(EGLNc,0) (GTc,-2) (DRPAc,1) (UCc,-2) (CMCTc,13) (OSUc,-2) (OSU,0) (GTb,-2) (ATTc,14) (TWCc,13) (UC,0) (PTGN,2) (UCb,-2) (EGLNb,0) (PTGNc,0) (GT,0) (VONA,5) (EGLN,2) (GTa,-50) (DRPA,3) (UCa,-50) (EGLNa,-48) (OSUb,-2) (DRPAb,1)
GSAT:(GSAT,0) (VONA,-3) (UGA,-43) (VZ,4) (ATT,6) (VZb,-1) (CMCT,5) (TWC,51) (ATTb,2) (OSU,2) (UCc,1)
GSATa:(GSATa,0) (VONAa,-3) (UGAa,-43) (VZa,4) (ATTa,6) (CMCTa,8) (TWCa,51)
GSATb:(GSATb,0) (VONAb,-3) (UGAb,-43) (VZb,4) (ATTb,6) (CMCT,9) (OSU,6) (UCc,5) (CMCTb,8) (TWCb,51) (UC,7) (PTGN,9) (ATT,11) (TWC,10) (GTc,6) (OSUc,6) (GTb,6) (GT,7) (VONA,11) (EGLN,9) (GTa,-43) (DRPA,10) (UCa,-43) (EGLNa,-41) (UGA,-39) (GSAT,3)
GSATc:(GSATc,0) (VONAc,-3) (UGAc,-43) (VZc,4) (ATTc,6) (UCb,8) (CMCTc,8) (TWCc,51) (GTb,9) (OSUb,9) (EGLNb,11) (PTGNb,11) (DRPAb,12)
GT:(GT,0) (UC,-99) (EGLN,-99) (GTa,-99) (OSU,-99) (DRPA,-99) (UCa,-99) (EGLNa,-99) (PTGN,2) (CMCT,15) (OSUa,-99) (DRPAa,-99)
GTa:(GTa,0) (UCa,-99) (EGLNa,-99) (GT,-99) (UC,-99) (EGLN,-99) (OSUa,-99) (DRPAa,-99) (OSU,-99) (DRPA,-99) (PTGNa,-99) (CMCTa,-99) (PTGN,-99) (CMCT,-99)
GTb:(GTb,0) (UCb,0) (EGLNb,2) (OSUb,0) (DRPAb,3) (PTGNb,2) (CMCTb,15)
GTc:(GTc,0) (UCc,0) (EGLNc,2) (OSUc,0) (OSU,2) (GTb,0) (DRPAc,3) (UC,2) (PTGN,4) (UCb,0) (EGLNb,2) (PTGNc,2) (GT,2) (VONA,7) (EGLN,4) (GTa,-48) (DRPA,5) (UCa,-48) (EGLNa,-46) (OSUb,0) (DRPAb,3) (CMCTc,15)
OSU:(OSU,0) (UC,0) (PTGN,2) (GT,0) (VONA,5) (EGLN,-99) (GTa,-99) (DRPA,-99) (UCa,-99) (EGLNa,-99) (VZ,13) (GSAT,8) (CMCT,15) (OSUa,-99) (DRPAa,-99)
OSUa:(OSUa,0) (UCa,0) (PTGNa,-99) (GTa,0) (VONAa,5) (EGLNa,-99) (GT,-99) (UC,-99) (EGLN,-99) (DRPAa,-99) (OSU,-99) (DRPA,-99) (VZa,13) (GSATa,8) (CMCTa,-99) (PTGN,-99) (CMCT,-99)
OSUb:(OSUb,0) (UCb,0) (PTGNb,2) (GTb,0) (VONAb,5) (EGLNb,2) (DRPAb,3) (VZb,13) (GSATb,8) (CMCTb,15)
OSUc:(OSUc,0) (UCc,0) (PTGNc,2) (GTc,0) (OSU,2) (GTb,0) (VONAc,5) (UC,2) (PTGN,4) (UCb,0) (EGLNb,2) (EGLNc,2) (GT,2) (VONA,7) (EGLN,-99) (GTa,-99) (DRPA,-99) (UCa,-99) (EGLNa,-99) (OSUb,0) (DRPAb,3) (DRPAc,3) (VZc,13) (GSATc,8) (VZ,15) (GSAT,10) (CMCT,17) (OSUa,-99) (DRPAa,-99) (PTGNb,2) (CMCTb,15) (CMCTc,15)
PTGN:(PTGN,0) (OSU,-1) (VONA,3) (UC,-1) (VZ,11) (GSAT,6) (GT,-1) (EGLN,-99) (GTa,-99) (DRPA,-99) (UCa,-99) (EGLNa,-99) (ATT,13) (VZb,6) (UGA,6) (CMCT,14) (OSUa,-99) (DRPAa,-99)
PTGNa:(PTGNa,0) (OSUa,-1) (VONAa,3) (UCa,-1) (VZa,11) (GSATa,6) (GTa,-1) (EGLNa,-99) (GT,-99) (UC,-99) (EGLN,-99) (DRPAa,-99) (OSU,-99) (DRPA,-99) (ATTa,13) (UGAa,6) (CMCTa,-99) (PTGN,-99) (CMCT,-99)
PTGNb:(PTGNb,0) (OSUb,-1) (VONAb,3) (UCb,-1) (VZb,11) (GSATb,6) (GTb,-1) (EGLNb,1) (DRPAb,2) (ATTb,13) (CMCT,16) (OSU,13) (UCc,12) (UGAb,6) (CMCTb,14)
PTGNc:(PTGNc,0) (OSUc,-1) (VONAc,3) (UCc,-1) (VZc,11) (GSATc,6) (GTc,-1) (OSU,1) (GTb,-1) (UC,1) (PTGN,3) (UCb,-1) (EGLNb,1) (EGLNc,1) (GT,1) (VONA,6) (EGLN,-99) (GTa,-99) (DRPA,-99) (UCa,-99) (EGLNa,-99) (OSUb,-1) (DRPAb,2) (DRPAc,2) (ATTc,13) (UGAc,6) (VZ,14) (GSAT,9) (CMCT,16) (OSUa,-99) (DRPAa,-99) (PTGNb,1) (CMCTb,14) (CMCTc,14)
TWC:(TWC,0) (CMCT,0) (VONA,-10) (ATT,1) (VZ,9) (GSAT,-7) (UGA,-49) (VZb,4)
TWCa:(TWCa,0) (CMCTa,0) (VONAa,-10) (ATTa,1) (VZa,9) (GSATa,-7) (UGAa,-49)
TWCb:(TWCb,0) (CMCTb,0) (VONAb,-10) (ATTb,1) (VZb,9) (GSATb,-7) (UGAb,-49) (CMCT,14) (OSU,11) (UCc,10)
TWCc:(TWCc,0) (CMCTc,0) (VONAc,-10) (ATTc,1) (VZc,9) (GSATc,-7) (UGAc,-49) (UCb,13)
UC:(UC,0) (GT,0) (OSU,-99) (EGLN,-99) (GTa,-99) (PTGN,2) (DRPA,-99) (UCa,-99) (EGLNa,-99) (VONA,5) (CMCT,15) (OSUa,-99) (DRPAa,-99)
UCa:(UCa,0) (GTa,0) (OSUa,-99) (EGLNa,-99) (GT,-99) (PTGNa,-99) (UC,-99) (EGLN,-99) (DRPAa,-99) (OSU,-99) (DRPA,-99) (VONAa,5) (CMCTa,-99) (PTGN,-99) (CMCT,-99)
UCb:(UCb,0) (GTb,0) (OSUb,0) (EGLNb,2) (PTGNb,2) (DRPAb,3) (VONAb,5) (CMCTb,15)
UCc:(UCc,0) (GTc,0) (OSUc,0) (OSU,2) (GTb,0) (UC,2) (PTGN,4) (UCb,0) (EGLNb,2) (EGLNc,2) (PTGNc,2) (GT,2) (VONA,7) (EGLN,-99) (GTa,-99) (DRPA,-99) (UCa,-99) (EGLNa,-99) (OSUb,0) (DRPAb,3) (DRPAc,3) (VONAc,5) (VZ,15) (GSAT,10) (CMCT,17) (OSUa,-99) (DRPAa,-99) (PTGNb,2) (CMCTb,15) (CMCTc,15)
UGA:(UGA,0) (ATT,47) (GSAT,41) (CMCT,46) (VONA,38) (TWC,50) (VZ,45) (VZb,40) (ATTb,43) (OSU,43) (UCc,42)
UGAa:(UGAa,0) (ATTa,47) (GSATa,41) (CMCTa,49) (VONAa,38) (TWCa,50) (VZa,45)
UGAb:(UGAb,0) (ATTb,47) (GSATb,41) (CMCTb,49) (VONAb,38) (TWCb,50) (VZb,45) (CMCT,50) (OSU,47) (UCc,46) (UC,48) (PTGN,50) (ATT,52) (TWC,51) (GTc,47) (OSUc,47) (GTb,47) (GT,48) (VONA,52) (EGLN,50) (GTa,-2) (DRPA,51) (UCa,-2) (EGLNa,0) (UGA,2) (GSAT,44)
UGAc:(UGAc,0) (ATTc,47) (GSATc,41) (CMCTc,49) (VONAc,38) (TWCc,50) (VZc,45) (UCb,49) (GTb,50) (OSUb,50) (EGLNb,52) (PTGNb,52) (DRPAb,53)
VONA:(VONA,0) (VZ,7) (GSAT,2) (ATT,9) (VZb,2) (UGA,-40) (CMCT,8) (ATTb,5) (OSU,5) (UCc,4)
VONAa:(VONAa,0) (VZa,7) (GSATa,2) (ATTa,9) (UGAa,-40) (CMCTa,11)
VONAb:(VONAb,0) (VZb,7) (GSATb,2) (ATTb,9) (CMCT,12) (OSU,9) (UCc,8) (UGAb,-40) (UC,10) (PTGN,12) (ATT,14) (TWC,13) (CMCTb,11) (GTc,9) (OSUc,9) (GTb,9) (GT,10) (VONA,14) (EGLN,12) (GTa,-40) (DRPA,13) (UCa,-40) (EGLNa,-38) (UGA,-36) (GSAT,6)
VONAc:(VONAc,0) (VZc,7) (GSATc,2) (ATTc,9) (UCb,11) (UGAc,-40) (GTb,12) (OSUb,12) (CMCTc,11) (EGLNb,14) (PTGNb,14) (DRPAb,15)
VZ:(VZ,0) (ATT,1) (VZb,-5) (UGA,-49) (GSAT,-7) (CMCT,0) (ATTb,-3) (OSU,-3) (UCc,-4) (TWC,0) (VONA,-9) (UC,-3) (PTGN,-1) (UGAb,-99) (GSATb,-11) (CMCTb,-2) (GTc,-4) (OSUc,-4) (GTb,-4) (GT,-3) (EGLN,-1) (GTa,-99) (DRPA,0) (UCa,-99) (EGLNa,-99)
VZa:(VZa,0) (ATTa,2) (UGAa,-48) (GSATa,-6) (CMCTa,3) (TWCa,3) (VONAa,-9)
VZb:(VZb,0) (ATTb,2) (CMCT,5) (OSU,2) (UCc,1) (UC,2) (PTGN,4) (ATT,6) (TWC,5) (UGAb,-48) (GSATb,-6) (CMCTb,3) (GTc,1) (OSUc,1) (GTb,1) (GT,2) (VONA,-5) (EGLN,-99) (GTa,-99) (DRPA,-99) (UCa,-99) (EGLNa,-99) (UGA,-44) (GSAT,-2) (TWCb,3) (VONAb,-9) (UCb,1) (EGLNb,3) (EGLNc,3) (PTGNc,3) (OSUb,1) (DRPAb,4) (DRPAc,4) (VZ,14) (OSUa,-99) (DRPAa,-99)
VZc:(VZc,0) (ATTc,2) (UCb,4) (GTb,4) (OSUb,4) (UGAc,-48) (GSATc,-6) (CMCTc,3) (EGLNb,6) (PTGNb,6) (DRPAb,7) (TWCc,3) (VONAc,-9) (VONAb,9) (CMCTb,19)
-----
ATT:(ATT,0) (UGA,-99) (GSAT,-99) (CMCT,-99) (TWC,-99) (VONA,-99) (VZ,-99) (VZb,-99) (ATTb,-99) (OSU,-99) (UCc,-99)
ATTa:(ATTa,0) (UGAa,-99) (GSATa,-99) (CMCTa,-50) (TWCa,-50) (VONAa,-99) (VZa,-99)
ATTb:(ATTb,0) (UGAb,-99) (GSATb,-99) (CMCTb,-50) (TWCb,-50) (VONAb,-99) (VZb,-99) (CMCT,-49) (OSU,-99) (UCc,-99) (UC,-99) (PTGN,-49) (ATT,-47) (TWC,-48) (GTc,-99) (OSUc,-99) (GTb,-99) (GT,-99) (VONA,-47) (EGLN,-49) (GTa,-99) (DRPA,-48) (UCa,-99) (EGLNa,-99) (UGA,-99) (GSAT,-99)
ATTc:(ATTc,0) (UGAc,-99) (GSATc,-99) (CMCTc,-50) (TWCc,-50) (VONAc,-99) (VZc,-99) (UCb,-50) (GTb,-49) (OSUb,-49) (EGLNb,-47) (PTGNb,-47) (DRPAb,-46)
CMCT:(CMCT,0) (ATT,1) (TWC,0) (VONA,-10) (UGA,-49) (GSAT,-7) (VZ,-2) (VZb,-7)
CMCTa:(CMCTa,0) (ATTa,1) (TWCa,0) (VONAa,-10) (UGAa,-49) (GSATa,-7) (VZa,-2)
CMCTb:(CMCTb,0) (ATTb,1) (TWCb,0) (VONAb,-10) (UGAb,-49) (GSATb,-7) (VZb,-2) (CMCT,3) (OSU,0) (UCc,-1)
CMCTc:(CMCTc,0) (ATTc,1) (TWCc,0) (VONAc,-10) (UGAc,-49) (GSATc,-7) (VZc,-2) (UCb,2)
DRPA:(DRPA,0) (EGLN,1) (CMCT,-99) (GT,-99) (ATT,-99) (TWC,-99) (UC,-99) (GTa,-99) (OSU,-99) (UCa,-99) (EGLNa,-99) (VONA,-99) (UGA,-99) (GSAT,-99) (PTGN,-99) (OSUa,-99) (DRPAa,-99) (VZ,21) (PTGNa,-99) (CMCTa,-99)
DRPAa:(DRPAa,0) (EGLNa,1) (CMCTa,-99) (GTa,-99) (ATTa,-99) (TWCa,-99) (UCa,-99) (GT,-99) (UC,-99) (EGLN,-99) (OSUa,-99) (OSU,-99) (DRPA,-99) (VONAa,-99) (UGAa,-99) (GSATa,-99) (PTGNa,-99) (PTGN,-99) (CMCT,-99) (VZa,-99) (VONA,-99) (ATT,-99) (TWC,-99)
DRPAb:(DRPAb,0) (EGLNb,1) (CMCTb,12) (GTb,-1) (ATTb,13) (TWCb,12) (UCb,-1) (OSUb,-1) (VONAb,2) (UGAb,-37) (GSATb,5) (PTGNb,1) (VZb,21)
DRPAc:(DRPAc,0) (EGLNc,1) (CMCTc,12) (GTc,-1) (ATTc,13) (TWCc,12) (UCc,-1) (OSUc,-1) (OSU,1) (GTb,-1) (VONAc,2) (UGAc,-37) (GSATc,5) (UC,1) (PTGN,3) (UCb,-1) (EGLNb,1) (PTGNc,1) (GT,1) (VONA,6) (EGLN,-99) (GTa,-99) (DRPA,-99) (UCa,-99) (EGLNa,-99) (OSUb,-1) (DRPAb,2) (VZc,21) (VZ,14) (GSAT,9) (CMCT,16) (OSUa,-99) (DRPAa,-99) (PTGNb,1) (CMCTb,14)
EGLN:(EGLN,0) (GT,-99) (DRPA,-99) (UC,-99) (GTa,-99) (CMCT,-99) (OSU,-99) (UCa,-99) (EGLNa,-99) (ATT,-99) (TWC,-99) (PTGN,-99) (OSUa,-99) (DRPAa,-99) (VONA,-99) (UGA,-99) (GSAT,-99) (PTGNa,-99) (CMCTa,-99)
EGLNa:(EGLNa,0) (GTa,-99) (DRPAa,-99) (UCa,-99) (GT,-99) (CMCTa,-99) (UC,-99) (EGLN,-99) (OSUa,-99) (OSU,-99) (DRPA,-99) (ATTa,-99) (TWCa,-99) (PTGNa,-99) (PTGN,-99) (CMCT,-99) (VONAa,-99) (UGAa,-99) (GSATa,-99) (VONA,-99) (ATT,-99) (TWC,-99)
EGLNb:(EGLNb,0) (GTb,-2) (DRPAb,1) (UCb,-2) (CMCTb,13) (OSUb,-2) (ATTb,14) (TWCb,13) (PTGNb,0) (VONAb,3) (UGAb,-36) (GSATb,6)
EGLNc:(EGLNc,0) (GTc,-2) (DRPAc,1) (UCc,-2) (CMCTc,13) (OSUc,-2) (OSU,0) (GTb,-2) (ATTc,14) (TWCc,13) (UC,0) (PTGN,2) (UCb,-2) (EGLNb,0) (PTGNc,0) (GT,0) (VONA,5) (EGLN,-99) (GTa,-99) (DRPA,-99) (UCa,-99) (EGLNa,-99) (OSUb,-2) (DRPAb,1) (VONAc,3) (UGAc,-36) (GSATc,6) (VZ,13) (GSAT,8) (CMCT,15) (OSUa,-99) (DRPAa,-99) (PTGNb,0) (CMCTb,13)
GSAT:(GSAT,0) (VONA,-5) (UGA,-48) (VZ,-1) (ATT,1) (VZb,-6) (CMCT,0) (TWC,2) (ATTb,-3) (OSU,-3) (UCc,-4) (UC,-1) (PTGN,1) (UGAb,-99) (GSATb,-9) (CMCTb,0) (GTc,-2) (OSUc,-2) (GTb,-2) (GT,-1) (EGLN,1) (GTa,-99) (DRPA,2) (UCa,-99) (EGLNa,-99)
GSATa:(GSATa,0) (VONAa,-5) (UGAa,-47) (VZa,0) (ATTa,2) (CMCTa,4) (TWCa,5)
GSATb:(GSATb,0) (VONAb,-5) (UGAb,-47) (VZb,0) (ATTb,2) (CMCT,5) (OSU,2) (UCc,1) (CMCTb,4) (TWCb,5) (UC,3) (PTGN,5) (ATT,7) (TWC,6) (GTc,2) (OSUc,2) (GTb,2) (GT,3) (VONA,-3) (EGLN,-99) (GTa,-99) (DRPA,-99) (UCa,-99) (EGLNa,-99) (UGA,-43) (GSAT,-1) (UCb,3) (EGLNb,5) (EGLNc,5) (PTGNc,5) (OSUb,3) (DRPAb,6) (DRPAc,6) (VZ,16) (OSUa,-99) (DRPAa,-99)
GSATc:(GSATc,0) (VONAc,-5) (UGAc,-47) (VZc,0) (ATTc,2) (UCb,4) (CMCTc,4) (TWCc,5) (GTb,5) (OSUb,5) (EGLNb,7) (PTGNb,7) (DRPAb,8) (VONAb,11) (CMCTb,21)
GT:(GT,0) (UC,-99) (EGLN,-99) (GTa,-99) (OSU,-99) (DRPA,-99) (UCa,-99) (EGLNa,-99) (PTGN,-99) (CMCT,-99) (OSUa,-99) (DRPAa,-99) (VONA,-99) (ATT,-99) (TWC,-99) (PTGNa,-99) (CMCTa,-99)
GTa:(GTa,0) (UCa,-99) (EGLNa,-99) (GT,-99) (UC,-99) (EGLN,-99) (OSUa,-99) (DRPAa,-99) (OSU,-99) (DRPA,-99) (PTGNa,-99) (CMCTa,-99) (PTGN,-99) (CMCT,-99) (VONAa,-99) (ATTa,-99) (TWCa,-99) (VONA,-99) (ATT,-99) (TWC,-99)
GTb:(GTb,0) (UCb,0) (EGLNb,2) (OSUb,0) (DRPAb,3) (PTGNb,2) (CMCTb,15) (VONAb,5) (ATTb,16) (TWCb,15)
GTc:(GTc,0) (UCc,0) (EGLNc,2) (OSUc,0) (OSU,2) (GTb,0) (DRPAc,3) (UC,2) (PTGN,4) (UCb,0) (EGLNb,2) (PTGNc,2) (GT,2) (VONA,7) (EGLN,-99) (GTa,-99) (DRPA,-99) (UCa,-99) (EGLNa,-99) (OSUb,0) (DRPAb,3) (CMCTc,15) (VONAc,5) (VZ,15) (GSAT,10) (CMCT,17) (OSUa,-99) (DRPAa,-99) (PTGNb,2) (CMCTb,15) (ATTc,16) (TWCc,15)
OSU:(OSU,0) (UC,0) (PTGN,-99) (GT,-99) (VONA,-99) (EGLN,-99) (GTa,-99) (DRPA,-99) (UCa,-99) (EGLNa,-99) (VZ,-99) (GSAT,-99) (CMCT,-99) (OSUa,-99) (DRPAa,-99) (ATT,-99) (VZb,8) (UGA,8) (TWC,-99) (PTGNa,-99) (CMCTa,-99)
OSUa:(OSUa,0) (UCa,-99) (PTGNa,-99) (GTa,-99) (VONAa,-99) (EGLNa,-99) (GT,-99) (UC,-99) (EGLN,-99) (DRPAa,-99) (OSU,-99) (DRPA,-99) (VZa,-99) (GSATa,-99) (CMCTa,-99) (PTGN,-99) (CMCT,-99) (ATTa,-99) (UGAa,-99) (TWCa,-99) (VONA,-99) (ATT,-99) (TWC,-99)
OSUb:(OSUb,0) (UCb,0) (PTGNb,2) (GTb,0) (VONAb,5) (EGLNb,2) (DRPAb,3) (VZb,13) (GSATb,8) (CMCTb,15) (ATTb,15) (CMCT,18) (OSU,15) (UCc,14) (UGAb,8) (TWCb,15)
OSUc:(OSUc,0) (UCc,0) (PTGNc,2) (GTc,0) (OSU,2) (GTb,0) (VONAc,5) (UC,2) (PTGN,-99) (UCb,0) (EGLNb,2) (EGLNc,2) (GT,-99) (VONA,-99) (EGLN,-99) (GTa,-99) (DRPA,-99) (UCa,-99) (EGLNa,-99) (OSUb,0) (DRPAb,3) (DRPAc,3) (VZc,13) (GSATc,8) (VZ,-99) (GSAT,-99) (CMCT,-99) (OSUa,-99) (DRPAa,-99) (PTGNb,2) (CMCTb,15) (CMCTc,15) (ATTc,15) (UGAc,8) (ATT,-99) (VZb,10) (UGA,10) (TWC,-99) (PTGNa,-99) (CMCTa,-99) (VONAb,5) (ATTb,16) (TWCb,15) (TWCc,15)
PTGN:(PTGN,0) (OSU,-1) (VONA,-99) (UC,-1) (VZ,-99) (GSAT,-99) (GT,-99) (EGLN,-99) (GTa,-99) (DRPA,-99) (UCa,-99) (EGLNa,-99) (ATT,-99) (VZb,5) (UGA,-37) (CMCT,-99) (OSUa,-99) (DRPAa,-99) (ATTb,8) (UCc,7) (TWC,-99) (PTGNa,-99) (CMCTa,-99)
PTGNa:(PTGNa,0) (OSUa,-1) (VONAa,-99) (UCa,-99) (VZa,-99) (GSATa,-99) (GTa,-99) (EGLNa,-99) (GT,-99) (UC,-99) (EGLN,-99) (DRPAa,-99) (OSU,-99) (DRPA,-99) (ATTa,-99) (UGAa,-99) (CMCTa,-99) (PTGN,-99) (CMCT,-99) (TWCa,-99) (VONA,-99) (ATT,-99) (TWC,-99)
PTGNb:(PTGNb,0) (OSUb,-1) (VONAb,3) (UCb,-1) (VZb,10) (GSATb,5) (GTb,-1) (EGLNb,1) (DRPAb,2) (ATTb,12) (CMCT,15) (OSU,12) (UCc,11) (UGAb,-37) (CMCTb,14) (UC,13) (PTGN,15) (ATT,17) (TWC,16) (GTc,12) (OSUc,12) (GT,13) (VONA,17) (EGLN,15) (GTa,-37) (DRPA,16) (UCa,-37) (EGLNa,-35) (UGA,-33) (GSAT,9) (TWCb,14)
PTGNc:(PTGNc,0) (OSUc,-1) (VONAc,3) (UCc,-1) (VZc,10) (GSATc,5) (GTc,-1) (OSU,1) (GTb,-1) (UC,1) (PTGN,-99) (UCb,-1) (EGLNb,1) (EGLNc,1) (GT,-99) (VONA,-99) (EGLN,-99) (GTa,-99) (DRPA,-99) (UCa,-99) (EGLNa,-99) (OSUb,-1) (DRPAb,2) (DRPAc,2) (ATTc,12) (UGAc,-37) (VZ,-99) (GSAT,-99) (CMCT,-99) (OSUa,-99) (DRPAa,-99) (PTGNb,1) (CMCTb,14) (CMCTc,14) (ATT,-99) (VZb,9) (UGA,9) (TWC,-99) (PTGNa,-99) (CMCTa,-99) (VONAb,4) (ATTb,15) (TWCb,14) (TWCc,14)
TWC:(TWC,0) (CMCT,-2) (VONA,-12) (ATT,-1) (VZ,-4) (GSAT,-9) (UGA,-99) (VZb,-9) (ATTb,-5) (OSU,-5) (UCc,-6)
TWCa:(TWCa,0) (CMCTa,0) (VONAa,-10) (ATTa,-1) (VZa,-3) (GSATa,-8) (UGAa,-50)
TWCb:(TWCb,0) (CMCTb,0) (VONAb,-10) (ATTb,-1) (VZb,-3) (GSATb,-8) (UGAb,-50) (CMCT,2) (OSU,-1) (UCc,-2) (UC,0) (PTGN,2) (ATT,4) (TWC,3) (GTc,-1) (OSUc,-1) (GTb,-1) (GT,0) (VONA,4) (EGLN,2) (GTa,-50) (DRPA,3) (UCa,-50) (EGLNa,-48) (UGA,-46) (GSAT,-4)
TWCc:(TWCc,0) (CMCTc,0) (VONAc,-10) (ATTc,-1) (VZc,-3) (GSATc,-8) (UGAc,-50) (UCb,1) (GTb,2) (OSUb,2) (EGLNb,4) (PTGNb,4) (DRPAb,5)
UC:(UC,0) (GT,-99) (OSU,-99) (EGLN,-99) (GTa,-99) (PTGN,-99) (DRPA,-99) (UCa,-99) (EGLNa,-99) (VONA,-99) (CMCT,-99) (OSUa,-99) (DRPAa,-99) (VZ,-99) (GSAT,-99) (ATT,-99) (TWC,-99) (PTGNa,-99) (CMCTa,-99)
UCa:(UCa,0) (GTa,-99) (OSUa,-99) (EGLNa,-99) (GT,-99) (PTGNa,-99) (UC,-99) (EGLN,-99) (DRPAa,-99) (OSU,-99) (DRPA,-99) (VONAa,-99) (CMCTa,-99) (PTGN,-99) (CMCT,-99) (VZa,-99) (GSATa,-99) (ATTa,-99) (TWCa,-99) (VONA,-99) (ATT,-99) (TWC,-99)
UCb:(UCb,0) (GTb,0) (OSUb,0) (EGLNb,2) (PTGNb,2) (DRPAb,3) (VONAb,5) (CMCTb,15) (VZb,13) (GSATb,8) (ATTb,16) (TWCb,15)
UCc:(UCc,0) (GTc,0) (OSUc,0) (OSU,2) (GTb,0) (UC,2) (PTGN,-99) (UCb,0) (EGLNb,2) (EGLNc,2) (PTGNc,2) (GT,-99) (VONA,-99) (EGLN,-99) (GTa,-99) (DRPA,-99) (UCa,-99) (EGLNa,-99) (OSUb,0) (DRPAb,3) (DRPAc,3) (VONAc,5) (VZ,-99) (GSAT,-99) (CMCT,-99) (OSUa,-99) (DRPAa,-99) (PTGNb,2) (CMCTb,15) (CMCTc,15) (VZc,13) (GSATc,8) (ATT,-99) (VZb,10) (UGA,10) (TWC,-99) (PTGNa,-99) (CMCTa,-99) (VONAb,5) (ATTb,16) (TWCb,15) (ATTc,16) (TWCc,15)
UGA:(UGA,0) (ATT,-99) (GSAT,-99) (CMCT,-99) (VONA,-99) (TWC,-99) (VZ,-99) (VZb,-99) (ATTb,-99) (OSU,-99) (UCc,-99) (UC,-99) (PTGN,-99) (UGAb,-99) (GSATb,-99) (CMCTb,-99) (GTc,-99) (OSUc,-99) (GTb,-99) (GT,-99) (EGLN,-99) (GTa,-99) (DRPA,-99) (UCa,-99) (EGLNa,-99)
UGAa:(UGAa,0) (ATTa,-99) (GSATa,-99) (CMCTa,-99) (VONAa,-99) (TWCa,-99) (VZa,-99)
UGAb:(UGAb,0) (ATTb,-99) (GSATb,-99) (CMCTb,-99) (VONAb,-99) (TWCb,-99) (VZb,-99) (CMCT,-99) (OSU,-99) (UCc,-99) (UC,-99) (PTGN,-99) (ATT,-99) (TWC,-99) (GTc,-99) (OSUc,-99) (GTb,-99) (GT,-99) (VONA,-99) (EGLN,-99) (GTa,-99) (DRPA,-99) (UCa,-99) (EGLNa,-99) (UGA,-99) (GSAT,-99) (UCb,-99) (EGLNb,-99) (EGLNc,-99) (PTGNc,-99) (OSUb,-99) (DRPAb,-99) (DRPAc,-99) (VZ,-99) (OSUa,-99) (DRPAa,-99)
UGAc:(UGAc,0) (ATTc,-99) (GSATc,-99) (CMCTc,-99) (VONAc,-99) (TWCc,-99) (VZc,-99) (UCb,-99) (GTb,-99) (OSUb,-99) (EGLNb,-99) (PTGNb,-99) (DRPAb,-99) (VONAb,-99) (CMCTb,-99)
VONA:(VONA,0) (VZ,4) (GSAT,0) (ATT,6) (VZb,-1) (UGA,-43) (CMCT,5) (ATTb,2) (OSU,2) (UCc,1) (TWC,7) (UC,4) (PTGN,6) (UGAb,-99) (GSATb,-4) (CMCTb,5) (GTc,3) (OSUc,3) (GTb,3) (GT,4) (EGLN,6) (GTa,-99) (DRPA,7) (UCa,-99) (EGLNa,-99)
VONAa:(VONAa,0) (VZa,5) (GSATa,1) (ATTa,7) (UGAa,-42) (CMCTa,9) (TWCa,10)
VONAb:(VONAb,0) (VZb,5) (GSATb,1) (ATTb,7) (CMCT,10) (OSU,7) (UCc,6) (UGAb,-42) (UC,8) (PTGN,10) (ATT,12) (TWC,11) (CMCTb,9) (GTc,7) (OSUc,7) (GTb,7) (GT,8) (VONA,2) (EGLN,-99) (GTa,-99) (DRPA,-99) (UCa,-99) (EGLNa,-99) (UGA,-38) (GSAT,4) (TWCb,10) (UCb,8) (EGLNb,10) (EGLNc,10) (PTGNc,10) (OSUb,8) (DRPAb,11) (DRPAc,11) (VZ,21) (OSUa,-99) (DRPAa,-99)
VONAc:(VONAc,0) (VZc,5) (GSATc,1) (ATTc,7) (UCb,9) (UGAc,-42) (GTb,10) (OSUb,10) (CMCTc,9) (EGLNb,12) (PTGNb,12) (DRPAb,13) (TWCc,10) (VONAb,16) (CMCTb,26)
VZ:(VZ,0) (ATT,-1) (VZb,-7) (UGA,-99) (GSAT,-9) (CMCT,-2) (ATTb,-5) (OSU,-5) (UCc,-6) (TWC,-2) (VONA,-12) (UC,-5) (PTGN,-3) (UGAb,-99) (GSATb,-13) (CMCTb,-4) (GTc,-6) (OSUc,-6) (GTb,-6) (GT,-5) (EGLN,-99) (GTa,-99) (DRPA,-99) (UCa,-99) (EGLNa,-99) (TWCb,-4) (VONAb,-16) (UCb,-6) (EGLNb,-4) (EGLNc,-4) (PTGNc,-4) (OSUb,-6) (DRPAb,-3) (DRPAc,-3) (OSUa,-99) (DRPAa,-99)
VZa:(VZa,0) (ATTa,2) (UGAa,-48) (GSATa,-6) (CMCTa,3) (TWCa,3) (VONAa,-9)
VZb:(VZb,0) (ATTb,2) (CMCT,-99) (OSU,1) (UCc,0) (UC,1) (PTGN,-99) (ATT,-99) (TWC,-99) (UGAb,-48) (GSATb,-6) (CMCTb,3) (GTc,0) (OSUc,0) (GTb,0) (GT,-99) (VONA,-99) (EGLN,-99) (GTa,-99) (DRPA,-99) (UCa,-99) (EGLNa,-99) (UGA,-99) (GSAT,-99) (TWCb,3) (VONAb,-9) (UCb,0) (EGLNb,2) (EGLNc,2) (PTGNc,2) (OSUb,0) (DRPAb,3) (DRPAc,3) (VZ,-99) (OSUa,-99) (DRPAa,-99) (VONAc,5) (PTGNb,2) (CMCTc,15) (PTGNa,-99) (CMCTa,-99)
VZc:(VZc,0) (ATTc,2) (UCb,3) (GTb,3) (OSUb,3) (UGAc,-48) (GSATc,-6) (CMCTc,3) (EGLNb,5) (PTGNb,5) (DRPAb,6) (TWCc,3) (VONAc,-9) (VONAb,8) (CMCTb,18) (VZb,16) (GSATb,11) (ATTb,19) (TWCb,18)
-----
ATT:(ATT,0) (UGA,-99) (GSAT,-99) (CMCT,-99) (TWC,-99) (VONA,-99) (VZ,-99) (VZb,-99) (ATTb,-99) (OSU,-99) (UCc,-99) (UC,-99) (PTGN,-99) (UGAb,-99) (GSATb,-99) (CMCTb,-99) (GTc,-99) (OSUc,-99) (GTb,-99) (GT,-99) (EGLN,-99) (GTa,-99) (DRPA,-99) (UCa,-99) (EGLNa,-99)
ATTa:(ATTa,0) (UGAa,-99) (GSATa,-99) (CMCTa,-99) (TWCa,-99) (VONAa,-99) (VZa,-99)
ATTb:(ATTb,0) (UGAb,-99) (GSATb,-99) (CMCTb,-99) (TWCb,-99) (VONAb,-99) (VZb,-99) (CMCT,-99) (OSU,-99) (UCc,-99) (UC,-99) (PTGN,-99) (ATT,-99) (TWC,-99) (GTc,-99) (OSUc,-99) (GTb,-99) (GT,-99) (VONA,-99) (EGLN,-99) (GTa,-99) (DRPA,-99) (UCa,-99) (EGLNa,-99) (UGA,-99) (GSAT,-99) (UCb,-99) (EGLNb,-99) (EGLNc,-99) (PTGNc,-99) (OSUb,-99) (DRPAb,-99) (DRPAc,-99) (VZ,-99) (OSUa,-99) (DRPAa,-99)
ATTc:(ATTc,0) (UGAc,-99) (GSATc,-99) (CMCTc,-99) (TWCc,-99) (VONAc,-99) (VZc,-99) (UCb,-99) (GTb,-99) (OSUb,-99) (EGLNb,-99) (PTGNb,-99) (DRPAb,-99) (VONAb,-99) (CMCTb,-99)
CMCT:(CMCT,0) (ATT,-1) (TWC,-99) (VONA,-99) (UGA,-99) (GSAT,-99) (VZ,-99) (VZb,-99) (ATTb,-99) (OSU,-99) (UCc,-99)
CMCTa:(CMCTa,0) (ATTa,-1) (TWCa,-99) (VONAa,-99) (UGAa,-99) (GSATa,-99) (VZa,-99)
CMCTb:(CMCTb,0) (ATTb,-1) (TWCb,-99) (VONAb,-99) (UGAb,-99) (GSATb,-99) (VZb,-99) (CMCT,-50) (OSU,-99) (UCc,-99) (UC,-99) (PTGN,-50) (ATT,-48) (TWC,-49) (GTc,-99) (OSUc,-99) (GTb,-99) (GT,-99) (VONA,-48) (EGLN,-50) (GTa,-99) (DRPA,-49) (UCa,-99) (EGLNa,-99) (UGA,-99) (GSAT,-99)
CMCTc:(CMCTc,0) (ATTc,-1) (TWCc,-99) (VONAc,-99) (UGAc,-99) (GSATc,-99) (VZc,-99) (UCb,-99) (GTb,-50) (OSUb,-50) (EGLNb,-48) (PTGNb,-48) (DRPAb,-47)
DRPA:(DRPA,0) (EGLN,1) (CMCT,-99) (GT,-99) (ATT,-99) (TWC,-99) (UC,-99) (GTa,-99) (OSU,-99) (UCa,-99) (EGLNa,-99) (VONA,-99) (UGA,-99) (GSAT,-99) (PTGN,-99) (OSUa,-99) (DRPAa,-99) (VZ,-99) (PTGNa,-99) (CMCTa,-99) (VZb,-99) (VONAa,-99) (ATTa,-99) (TWCa,-99)
DRPAa:(DRPAa,0) (EGLNa,1) (CMCTa,-99) (GTa,-99) (ATTa,-99) (TWCa,-99) (UCa,-99) (GT,-99) (UC,-99) (EGLN,-99) (OSUa,-99) (OSU,-99) (DRPA,-99) (VONAa,-99) (UGAa,-99) (GSATa,-99) (PTGNa,-99) (PTGN,-99) (CMCT,-99) (VZa,-99) (VONA,-99) (ATT,-99) (TWC,-99) (VZ,-99) (GSAT,-99) (UGA,-99)
DRPAb:(DRPAb,0) (EGLNb,1) (CMCTb,12) (GTb,-1) (ATTb,13) (TWCb,12) (UCb,-1) (OSUb,-1) (VONAb,2) (UGAb,-37) (GSATb,5) (PTGNb,1) (VZb,10) (CMCT,15) (OSU,12) (UCc,11)
DRPAc:(DRPAc,0) (EGLNc,1) (CMCTc,12) (GTc,-1) (ATTc,13) (TWCc,12) (UCc,-1) (OSUc,-1) (OSU,1) (GTb,-1) (VONAc,2) (UGAc,-37) (GSATc,5) (UC,1) (PTGN,-99) (UCb,-1) (EGLNb,1) (PTGNc,1) (GT,-99) (VONA,-99) (EGLN,-99) (GTa,-99) (DRPA,-99) (UCa,-99) (EGLNa,-99) (OSUb,-1) (DRPAb,2) (VZc,10) (VZ,-99) (GSAT,-99) (CMCT,-99) (OSUa,-99) (DRPAa,-99) (PTGNb,1) (CMCTb,14) (ATT,-99) (VZb,9) (UGA,9) (TWC,-99) (PTGNa,-99) (CMCTa,-99) (VONAb,4) (ATTb,15) (TWCb,14)
EGLN:(EGLN,0) (GT,-99) (DRPA,-99) (UC,-99) (GTa,-99) (CMCT,-99) (OSU,-99) (UCa,-99) (EGLNa,-99) (ATT,-99) (TWC,-99) (PTGN,-99) (OSUa,-99) (DRPAa,-99) (VONA,-99) (UGA,-99) (GSAT,-99) (PTGNa,-99) (CMCTa,-99) (VZ,-99) (VONAa,-99) (ATTa,-99) (TWCa,-99)
EGLNa:(EGLNa,0) (GTa,-99) (DRPAa,-99) (UCa,-99) (GT,-99) (CMCTa,-99) (UC,-99) (EGLN,-99) (OSUa,-99) (OSU,-99) (DRPA,-99) (ATTa,-99) (TWCa,-99) (PTGNa,-99) (PTGN,-99) (CMCT,-99) (VONAa,-99) (UGAa,-99) (GSATa,-99) (VONA,-99) (ATT,-99) (TWC,-99) (VZa,-99) (VZ,-99) (GSAT,-99) (UGA,-99)
EGLNb:(EGLNb,0) (GTb,-2) (DRPAb,1) (UCb,-2) (CMCTb,13) (OSUb,-2) (ATTb,14) (TWCb,13) (PTGNb,0) (VONAb,3) (UGAb,-36) (GSATb,6) (VZb,11)
EGLNc:(EGLNc,0) (GTc,-2) (DRPAc,1) (UCc,-2) (CMCTc,13) (OSUc,-2) (OSU,0) (GTb,-2) (ATTc,14) (TWCc,13) (UC,0) (PTGN,-99) (UCb,-2) (EGLNb,0) (PTGNc,0) (GT,-99) (VONA,-99) (EGLN,-99) (GTa,-99) (DRPA,-99) (UCa,-99) (EGLNa,-99) (OSUb,-2) (DRPAb,1) (VONAc,3) (UGAc,-36) (GSATc,6) (VZ,-99) (GSAT,-99) (CMCT,-99) (OSUa,-99) (DRPAa,-99) (PTGNb,0) (CMCTb,13) (VZc,11) (ATT,-99) (VZb,8) (UGA,8) (TWC,-99) (PTGNa,-99) (CMCTa,-99) (VONAb,3) (ATTb,14) (TWCb,13)
GSAT:(GSAT,0) (VONA,-99) (UGA,-99) (VZ,-99) (ATT,-99) (VZb,-99) (CMCT,-99) (TWC,-99) (ATTb,-99) (OSU,-99) (UCc,-99) (UC,-99) (PTGN,-99) (UGAb,-99) (GSATb,-99) (CMCTb,-99) (GTc,-99) (OSUc,-99) (GTb,-99) (GT,-99) (EGLN,-99) (GTa,-99) (DRPA,-99) (UCa,-99) (EGLNa,-99) (TWCb,-99) (VONAb,-99) (UCb,-99) (EGLNb,-99) (EGLNc,-99) (PTGNc,-99) (OSUb,-99) (DRPAb,-99) (DRPAc,-99) (OSUa,-99) (DRPAa,-99)
GSATa:(GSATa,0) (VONAa,-99) (UGAa,-99) (VZa,-99) (ATTa,-99) (CMCTa,-99) (TWCa,-99)
GSATb:(GSATb,0) (VONAb,-99) (UGAb,-99) (VZb,-99) (ATTb,-99) (CMCT,-99) (OSU,-99) (UCc,-99) (CMCTb,-99) (TWCb,-99) (UC,-99) (PTGN,-99) (ATT,-99) (TWC,-99) (GTc,-99) (OSUc,-99) (GTb,-99) (GT,-99) (VONA,-99) (EGLN,-99) (GTa,-99) (DRPA,-99) (UCa,-99) (EGLNa,-99) (UGA,-99) (GSAT,-99) (UCb,-99) (EGLNb,-99) (EGLNc,-99) (PTGNc,-99) (OSUb,-99) (DRPAb,-99) (DRPAc,-99) (VZ,-99) (OSUa,-99) (DRPAa,-99) (VONAc,-99) (PTGNb,-99) (CMCTc,-99) (PTGNa,-99) (CMCTa,-99)
GSATc:(GSATc,0) (VONAc,-99) (UGAc,-99) (VZc,-99) (ATTc,-99) (UCb,-99) (CMCTc,-99) (TWCc,-99) (GTb,-99) (OSUb,-99) (EGLNb,-99) (PTGNb,-99) (DRPAb,-99) (VONAb,-99) (CMCTb,-99) (VZb,-99) (GSATb,-99) (ATTb,-99) (TWCb,-99)
GT:(GT,0) (UC,-99) (EGLN,-99) (GTa,-99) (OSU,-99) (DRPA,-99) (UCa,-99) (EGLNa,-99) (PTGN,-99) (CMCT,-99) (OSUa,-99) (DRPAa,-99) (VONA,-99) (ATT,-99) (TWC,-99) (PTGNa,-99) (CMCTa,-99) (VZ,-99) (GSAT,-99) (UGA,-99) (VONAa,-99) (ATTa,-99) (TWCa,-99)
GTa:(GTa,0) (UCa,-99) (EGLNa,-99) (GT,-99) (UC,-99) (EGLN,-99) (OSUa,-99) (DRPAa,-99) (OSU,-99) (DRPA,-99) (PTGNa,-99) (CMCTa,-99) (PTGN,-99) (CMCT,-99) (VONAa,-99) (ATTa,-99) (TWCa,-99) (VONA,-99) (ATT,-99) (TWC,-99) (VZa,-99) (GSATa,-99) (UGAa,-99) (VZ,-99) (GSAT,-99) (UGA,-99)
GTb:(GTb,0) (UCb,0) (EGLNb,2) (OSUb,0) (DRPAb,3) (PTGNb,2) (CMCTb,15) (VONAb,5) (ATTb,16) (TWCb,15) (VZb,13) (GSATb,8) (UGAb,-34)
GTc:(GTc,0) (UCc,0) (EGLNc,2) (OSUc,0) (OSU,2) (GTb,0) (DRPAc,3) (UC,2) (PTGN,-99) (UCb,0) (EGLNb,2) (PTGNc,2) (GT,-99) (VONA,-99) (EGLN,-99) (GTa,-99) (DRPA,-99) (UCa,-99) (EGLNa,-99) (OSUb,0) (DRPAb,3) (CMCTc,15) (VONAc,5) (VZ,-99) (GSAT,-99) (CMCT,-99) (OSUa,-99) (DRPAa,-99) (PTGNb,2) (CMCTb,15) (ATTc,16) (TWCc,15) (VZc,13) (GSATc,8) (ATT,-99) (VZb,10) (UGA,10) (TWC,-99) (PTGNa,-99) (CMCTa,-99) (VONAb,5) (ATTb,16) (TWCb,15) (UGAc,-34)
OSU:(OSU,0) (UC,-99) (PTGN,-99) (GT,-99) (VONA,-99) (EGLN,-99) (GTa,-99) (DRPA,-99) (UCa,-99) (EGLNa,-99) (VZ,-99) (GSAT,-99) (CMCT,-99) (OSUa,-99) (DRPAa,-99) (ATT,-99) (VZb,-99) (UGA,-99) (TWC,-99) (PTGNa,-99) (CMCTa,-99) (ATTb,-99) (UCc,-99) (VONAa,-99) (ATTa,-99) (TWCa,-99)
OSUa:(OSUa,0) (UCa,-99) (PTGNa,-99) (GTa,-99) (VONAa,-99) (EGLNa,-99) (GT,-99) (UC,-99) (EGLN,-99) (DRPAa,-99) (OSU,-99) (DRPA,-99) (VZa,-99) (GSATa,-99) (CMCTa,-99) (PTGN,-99) (CMCT,-99) (ATTa,-99) (UGAa,-99) (TWCa,-99) (VONA,-99) (ATT,-99) (TWC,-99) (VZ,-99) (GSAT,-99) (UGA,-99)
OSUb:(OSUb,0) (UCb,0) (PTGNb,2) (GTb,0) (VONAb,5) (EGLNb,2) (DRPAb,3) (VZb,12) (GSATb,7) (CMCTb,15) (ATTb,14) (CMCT,17) (OSU,14) (UCc,13) (UGAb,-35) (TWCb,15) (UC,15) (PTGN,17) (ATT,19) (TWC,18) (GTc,14) (OSUc,14) (GT,15) (VONA,19) (EGLN,17) (GTa,-35) (DRPA,18) (UCa,-35) (EGLNa,-33) (UGA,-31) (GSAT,11)
OSUc:(OSUc,0) (UCc,0) (PTGNc,2) (GTc,0) (OSU,2) (GTb,0) (VONAc,5) (UC,-99) (PTGN,-99) (UCb,0) (EGLNb,2) (EGLNc,2) (GT,-99) (VONA,-99) (EGLN,-99) (GTa,-99) (DRPA,-99) (UCa,-99) (EGLNa,-99) (OSUb,0) (DRPAb,3) (DRPAc,3) (VZc,12) (GSATc,7) (VZ,-99) (GSAT,-99) (CMCT,-99) (OSUa,-99) (DRPAa,-99) (PTGNb,2) (CMCTb,15) (CMCTc,15) (ATTc,14) (UGAc,-35) (ATT,-99) (VZb,-99) (UGA,-99) (TWC,-99) (PTGNa,-99) (CMCTa,-99) (VONAb,5) (ATTb,-99) (TWCb,15) (TWCc,15) (VONAa,-99) (ATTa,-99) (TWCa,-99) (GSATb,8) (UGAb,-34)
PTGN:(PTGN,0) (OSU,-99) (VONA,-99) (UC,-99) (VZ,-99) (GSAT,-99) (GT,-99) (EGLN,-99) (GTa,-99) (DRPA,-99) (UCa,-99) (EGLNa,-99) (ATT,-99) (VZb,-99) (UGA,-99) (CMCT,-99) (OSUa,-99) (DRPAa,-99) (ATTb,-99) (UCc,-99) (TWC,-99) (PTGNa,-99) (CMCTa,-99) (UGAb,-99) (GSATb,-99) (CMCTb,-99) (GTc,-99) (OSUc,-99) (GTb,-99) (VONAa,-99) (ATTa,-99) (TWCa,-99)
PTGNa:(PTGNa,0) (OSUa,-1) (VONAa,-99) (UCa,-99) (VZa,-99) (GSATa,-99) (GTa,-99) (EGLNa,-99) (GT,-99) (UC,-99) (EGLN,-99) (DRPAa,-99) (OSU,-99) (DRPA,-99) (ATTa,-99) (UGAa,-99) (CMCTa,-99) (PTGN,-99) (CMCT,-99) (TWCa,-99) (VONA,-99) (ATT,-99) (TWC,-99) (VZ,-99) (GSAT,-99) (UGA,-99)
PTGNb:(PTGNb,0) (OSUb,-1) (VONAb,3) (UCb,-1) (VZb,8) (GSATb,4) (GTb,-1) (EGLNb,1) (DRPAb,2) (ATTb,10) (CMCT,13) (OSU,10) (UCc,9) (UGAb,-39) (CMCTb,12) (UC,11) (PTGN,13) (ATT,15) (TWC,14) (GTc,10) (OSUc,10) (GT,11) (VONA,5) (EGLN,-99) (GTa,-99) (DRPA,-99) (UCa,-99) (EGLNa,-99) (UGA,-35) (GSAT,7) (TWCb,13) (EGLNc,13) (PTGNc,13) (DRPAc,14) (VZ,24) (OSUa,-99) (DRPAa,-99)
PTGNc:(PTGNc,0) (OSUc,-1) (VONAc,3) (UCc,-1) (VZc,8) (GSATc,4) (GTc,-1) (OSU,1) (GTb,-1) (UC,-99) (PTGN,-99) (UCb,-1) (EGLNb,1) (EGLNc,1) (GT,-99) (VONA,-99) (EGLN,-99) (GTa,-99) (DRPA,-99) (UCa,-99) (EGLNa,-99) (OSUb,-1) (DRPAb,2) (DRPAc,2) (ATTc,10) (UGAc,-39) (VZ,-99) (GSAT,-99) (CMCT,-99) (OSUa,-99) (DRPAa,-99) (PTGNb,1) (CMCTb,14) (CMCTc,12) (ATT,-99) (VZb,-99) (UGA,-99) (TWC,-99) (PTGNa,-99) (CMCTa,-99) (VONAb,4) (ATTb,-99) (TWCb,14) (TWCc,13) (VONAa,-99) (ATTa,-99) (TWCa,-99) (GSATb,7) (UGAb,-35)
TWC:(TWC,0) (CMCT,-7) (VONA,-99) (ATT,-8) (VZ,-99) (GSAT,-99) (UGA,-99) (VZb,-99) (ATTb,-99) (OSU,-99) (UCc,-99) (UC,-8) (PTGN,-6) (UGAb,-99) (GSATb,-16) (CMCTb,-7) (GTc,-9) (OSUc,-9) (GTb,-9) (GT,-8) (EGLN,-6) (GTa,-99) (DRPA,-5) (UCa,-99) (EGLNa,-99)
TWCa:(TWCa,0) (CMCTa,-1) (VONAa,-99) (ATTa,-3) (VZa,-99) (GSATa,-99) (UGAa,-99)
TWCb:(TWCb,0) (CMCTb,-1) (VONAb,-99) (ATTb,-3) (VZb,-99) (GSATb,-99) (UGAb,-99) (CMCT,-99) (OSU,-99) (UCc,-99) (UC,-99) (PTGN,-99) (ATT,-49) (TWC,-50) (GTc,-99) (OSUc,-99) (GTb,-99) (GT,-99) (VONA,-49) (EGLN,-99) (GTa,-99) (DRPA,-99) (UCa,-99) (EGLNa,-99) (UGA,-99) (GSAT,-99) (UCb,-2) (EGLNb,0) (EGLNc,0) (PTGNc,0) (OSUb,-2) (DRPAb,1) (DRPAc,1) (VZ,11) (OSUa,-99) (DRPAa,-99)
TWCc:(TWCc,0) (CMCTc,-1) (VONAc,-99) (ATTc,-3) (VZc,-99) (GSATc,-99) (UGAc,-99) (UCb,-99) (GTb,-99) (OSUb,-99) (EGLNb,-49) (PTGNb,-49) (DRPAb,-48) (VONAb,6) (CMCTb,16)
UC:(UC,0) (GT,-99) (OSU,-99) (EGLN,-99) (GTa,-99) (PTGN,-99) (DRPA,-99) (UCa,-99) (EGLNa,-99) (VONA,-99) (CMCT,-99) (OSUa,-99) (DRPAa,-99) (VZ,-99) (GSAT,-99) (ATT,-99) (TWC,-99) (PTGNa,-99) (CMCTa,-99) (VZb,-99) (UGA,-99) (VONAa,-99) (ATTa,-99) (TWCa,-99)
UCa:(UCa,0) (GTa,-99) (OSUa,-99) (EGLNa,-99) (GT,-99) (PTGNa,-99) (UC,-99) (EGLN,-99) (DRPAa,-99) (OSU,-99) (DRPA,-99) (VONAa,-99) (CMCTa,-99) (PTGN,-99) (CMCT,-99) (VZa,-99) (GSATa,-99) (ATTa,-99) (TWCa,-99) (VONA,-99) (ATT,-99) (TWC,-99) (UGAa,-99) (VZ,-99) (GSAT,-99) (UGA,-99)
UCb:(UCb,0) (GTb,0) (OSUb,0) (EGLNb,2) (PTGNb,2) (DRPAb,3) (VONAb,5) (CMCTb,15) (VZb,13) (GSATb,8) (ATTb,15) (TWCb,15) (CMCT,18) (OSU,15) (UCc,14) (UGAb,-34)
UCc:(UCc,0) (GTc,0) (OSUc,0) (OSU,2) (GTb,0) (UC,-99) (PTGN,-99) (UCb,0) (EGLNb,2) (EGLNc,2) (PTGNc,2) (GT,-99) (VONA,-99) (EGLN,-99) (GTa,-99) (DRPA,-99) (UCa,-99) (EGLNa,-99) (OSUb,0) (DRPAb,3) (DRPAc,3) (VONAc,5) (VZ,-99) (GSAT,-99) (CMCT,-99) (OSUa,-99) (DRPAa,-99) (PTGNb,2) (CMCTb,15) (CMCTc,15) (VZc,13) (GSATc,8) (ATT,-99) (VZb,-99) (UGA,-99) (TWC,-99) (PTGNa,-99) (CMCTa,-99) (VONAb,5) (ATTb,-99) (TWCb,15) (ATTc,15) (TWCc,15) (UGAc,-34) (VONAa,-99) (ATTa,-99) (TWCa,-99) (GSATb,8) (UGAb,-34)
UGA:(UGA,0) (ATT,-99) (GSAT,-99) (CMCT,-99) (VONA,-99) (TWC,-99) (VZ,-99) (VZb,-99) (ATTb,-99) (OSU,-99) (UCc,-99) (UC,-99) (PTGN,-99) (UGAb,-99) (GSATb,-99) (CMCTb,-99) (GTc,-99) (OSUc,-99) (GTb,-99) (GT,-99) (EGLN,-99) (GTa,-99) (DRPA,-99) (UCa,-99) (EGLNa,-99) (TWCb,-99) (VONAb,-99) (UCb,-99) (EGLNb,-99) (EGLNc,-99) (PTGNc,-99) (OSUb,-99) (DRPAb,-99) (DRPAc,-99) (OSUa,-99) (DRPAa,-99)
UGAa:(UGAa,0) (ATTa,-99) (GSATa,-99) (CMCTa,-99) (VONAa,-99) (TWCa,-99) (VZa,-99)
UGAb:(UGAb,0) (ATTb,-99) (GSATb,-99) (CMCTb,-99) (VONAb,-99) (TWCb,-99) (VZb,-99) (CMCT,-99) (OSU,-99) (UCc,-99) (UC,-99) (PTGN,-99) (ATT,-99) (TWC,-99) (GTc,-99) (OSUc,-99) (GTb,-99) (GT,-99) (VONA,-99) (EGLN,-99) (GTa,-99) (DRPA,-99) (UCa,-99) (EGLNa,-99) (UGA,-99) (GSAT,-99) (UCb,-99) (EGLNb,-99) (EGLNc,-99) (PTGNc,-99) (OSUb,-99) (DRPAb,-99) (DRPAc,-99) (VZ,-99) (OSUa,-99) (DRPAa,-99) (VONAc,-99) (PTGNb,-99) (CMCTc,-99) (PTGNa,-99) (CMCTa,-99)
UGAc:(UGAc,0) (ATTc,-99) (GSATc,-99) (CMCTc,-99) (VONAc,-99) (TWCc,-99) (VZc,-99) (UCb,-99) (GTb,-99) (OSUb,-99) (EGLNb,-99) (PTGNb,-99) (DRPAb,-99) (VONAb,-99) (CMCTb,-99) (VZb,-99) (GSATb,-99) (ATTb,-99) (TWCb,-99)
VONA:(VONA,0) (VZ,-6) (GSAT,-5) (ATT,-4) (VZb,-11) (UGA,-99) (CMCT,-5) (ATTb,-8) (OSU,-8) (UCc,-9) (TWC,-3) (UC,-6) (PTGN,-4) (UGAb,-99) (GSATb,-14) (CMCTb,-5) (GTc,-7) (OSUc,-7) (GTb,-7) (GT,-6) (EGLN,-99) (GTa,-99) (DRPA,-99) (UCa,-99) (EGLNa,-99) (TWCb,0) (VONAb,-12) (UCb,-2) (EGLNb,0) (EGLNc,0) (PTGNc,0) (OSUb,-2) (DRPAb,1) (DRPAc,1) (OSUa,-99) (DRPAa,-99)
VONAa:(VONAa,0) (VZa,1) (GSATa,1) (ATTa,3) (UGAa,-46) (CMCTa,5) (TWCa,6)
VONAb:(VONAb,0) (VZb,-1) (GSATb,-1) (ATTb,1) (CMCT,-99) (OSU,1) (UCc,0) (UGAb,-48) (UC,2) (PTGN,-99) (ATT,-99) (TWC,-99) (CMCTb,3) (GTc,1) (OSUc,1) (GTb,1) (GT,-99) (VONA,-99) (EGLN,-99) (GTa,-99) (DRPA,-99) (UCa,-99) (EGLNa,-99) (UGA,-99) (GSAT,-99) (TWCb,4) (UCb,2) (EGLNb,4) (EGLNc,4) (PTGNc,4) (OSUb,2) (DRPAb,5) (DRPAc,5) (VZ,-99) (OSUa,-99) (DRPAa,-99) (VONAc,10) (PTGNb,7) (CMCTc,20) (PTGNa,-99) (CMCTa,-99)
VONAc:(VONAc,0) (VZc,-1) (GSATc,-1) (ATTc,1) (UCb,3) (UGAc,-48) (GTb,4) (OSUb,4) (CMCTc,3) (EGLNb,6) (PTGNb,6) (DRPAb,7) (TWCc,4) (VONAb,10) (CMCTb,20) (VZb,21) (GSATb,16) (ATTb,24) (TWCb,23)
VZ:(VZ,0) (ATT,-99) (VZb,-99) (UGA,-99) (GSAT,-99) (CMCT,-99) (ATTb,-99) (OSU,-99) (UCc,-99) (TWC,-99) (VONA,-99) (UC,-99) (PTGN,-99) (UGAb,-99) (GSATb,-99) (CMCTb,-99) (GTc,-99) (OSUc,-99) (GTb,-99) (GT,-99) (EGLN,-99) (GTa,-99) (DRPA,-99) (UCa,-99) (EGLNa,-99) (TWCb,-99) (VONAb,-99) (UCb,-99) (EGLNb,-99) (EGLNc,-99) (PTGNc,-99) (OSUb,-99) (DRPAb,-99) (DRPAc,-99) (OSUa,-99) (DRPAa,-99) (VONAc,-99) (PTGNb,-99) (CMCTc,-99) (PTGNa,-99) (CMCTa,-99)
VZa:(VZa,0) (ATTa,2) (UGAa,-99) (GSATa,-99) (CMCTa,-48) (TWCa,-48) (VONAa,-99)
VZb:(VZb,0) (ATTb,-99) (CMCT,-99) (OSU,-99) (UCc,-99) (UC,-99) (PTGN,-99) (ATT,-99) (TWC,-99) (UGAb,-99) (GSATb,-99) (CMCTb,-99) (GTc,-99) (OSUc,-99) (GTb,-99) (GT,-99) (VONA,-99) (EGLN,-99) (GTa,-99) (DRPA,-99) (UCa,-99) (EGLNa,-99) (UGA,-99) (GSAT,-99) (TWCb,-99) (VONAb,-99) (UCb,-99) (EGLNb,-99) (EGLNc,-99) (PTGNc,-99) (OSUb,-99) (DRPAb,-99) (DRPAc,-99) (VZ,-99) (OSUa,-99) (DRPAa,-99) (VONAc,-99) (PTGNb,-99) (CMCTc,-99) (PTGNa,-99) (CMCTa,-99) (VZc,-99) (GSATc,-99) (ATTc,-99) (TWCc,-99) (VONAa,-99) (ATTa,-99) (TWCa,-99)
VZc:(VZc,0) (ATTc,2) (UCb,-48) (GTb,-48) (OSUb,-48) (UGAc,-99) (GSATc,-99) (CMCTc,-48) (EGLNb,-46) (PTGNb,-46) (DRPAb,-45) (TWCc,-48) (VONAc,-99) (VONAb,-43) (CMCTb,-33) (VZb,-35) (GSATb,-40) (ATTb,-33) (TWCb,-33) (CMCT,-30) (OSU,-33) (UCc,-34) (UGAb,-99)
-----
ATT:(ATT,0) (UGA,-99) (GSAT,-99) (CMCT,-99) (TWC,-99) (VONA,-99) (VZ,-99) (VZb,-99) (ATTb,-99) (OSU,-99) (UCc,-99) (UC,-99) (PTGN,-99) (UGAb,-99) (GSATb,-99) (CMCTb,-99) (GTc,-99) (OSUc,-99) (GTb,-99) (GT,-99) (EGLN,-99) (GTa,-99) (DRPA,-99) (UCa,-99) (EGLNa,-99) (TWCb,-99) (VONAb,-99) (UCb,-99) (EGLNb,-99) (EGLNc,-99) (PTGNc,-99) (OSUb,-99) (DRPAb,-99) (DRPAc,-99) (OSUa,-99) (DRPAa,-99)
ATTa:(ATTa,0) (UGAa,-99) (GSATa,-99) (CMCTa,-99) (TWCa,-99) (VONAa,-99) (VZa,-99)
ATTb:(ATTb,0) (UGAb,-99) (GSATb,-99) (CMCTb,-99) (TWCb,-99) (VONAb,-99) (VZb,-99) (CMCT,-99) (OSU,-99) (UCc,-99) (UC,-99) (PTGN,-99) (ATT,-99) (TWC,-99) (GTc,-99) (OSUc,-99) (GTb,-99) (GT,-99) (VONA,-99) (EGLN,-99) (GTa,-99) (DRPA,-99) (UCa,-99) (EGLNa,-99) (UGA,-99) (GSAT,-99) (UCb,-99) (EGLNb,-99) (EGLNc,-99) (PTGNc,-99) (OSUb,-99) (DRPAb,-99) (DRPAc,-99) (VZ,-99) (OSUa,-99) (DRPAa,-99) (VONAc,-99) (PTGNb,-99) (CMCTc,-99) (PTGNa,-99) (CMCTa,-99)
ATTc:(ATTc,0) (UGAc,-99) (GSATc,-99) (CMCTc,-99) (TWCc,-99) (VONAc,-99) (VZc,-99) (UCb,-99) (GTb,-99) (OSUb,-99) (EGLNb,-99) (PTGNb,-99) (DRPAb,-99) (VONAb,-99) (CMCTb,-99) (VZb,-99) (GSATb,-99) (ATTb,-99) (TWCb,-99)
CMCT:(CMCT,0) (ATT,-99) (TWC,-99) (VONA,-99) (UGA,-99) (GSAT,-99) (VZ,-99) (VZb,-99) (ATTb,-99) (OSU,-99) (UCc,-99) (UC,-99) (PTGN,-99) (UGAb,-99) (GSATb,-99) (CMCTb,-99) (GTc,-99) (OSUc,-99) (GTb,-99) (GT,-99) (EGLN,-99) (GTa,-99) (DRPA,-99) (UCa,-99) (EGLNa,-99)
CMCTa:(CMCTa,0) (ATTa,-99) (TWCa,-99) (VONAa,-99) (UGAa,-99) (GSATa,-99) (VZa,-99)
CMCTb:(CMCTb,0) (ATTb,-99) (TWCb,-99) (VONAb,-99) (UGAb,-99) (GSATb,-99) (VZb,-99) (CMCT,-99) (OSU,-99) (UCc,-99) (UC,-99) (PTGN,-99) (ATT,-99) (TWC,-99) (GTc,-99) (OSUc,-99) (GTb,-99) (GT,-99) (VONA,-99) (EGLN,-99) (GTa,-99) (DRPA,-99) (UCa,-99) (EGLNa,-99) (UGA,-99) (GSAT,-99) (UCb,-99) (EGLNb,-99) (EGLNc,-99) (PTGNc,-99) (OSUb,-99) (DRPAb,-99) (DRPAc,-99) (VZ,-99) (OSUa,-99) (DRPAa,-99)
CMCTc:(CMCTc,0) (ATTc,-99) (TWCc,-99) (VONAc,-99) (UGAc,-99) (GSATc,-99) (VZc,-99) (UCb,-99) (GTb,-99) (OSUb,-99) (EGLNb,-99) (PTGNb,-99) (DRPAb,-99) (VONAb,-99) (CMCTb,-99)
DRPA:(DRPA,0) (EGLN,1) (CMCT,-99) (GT,-99) (ATT,-99) (TWC,-99) (UC,-99) (GTa,-99) (OSU,-99) (UCa,-99) (EGLNa,-99) (VONA,-99) (UGA,-99) (GSAT,-99) (PTGN,-99) (OSUa,-99) (DRPAa,-99) (VZ,-99) (PTGNa,-99) (CMCTa,-99) (VZb,-99) (VONAa,-99) (ATTa,-99) (TWCa,-99) (ATTb,-99) (UCc,-99) (VZa,-99) (GSATa,-99) (UGAa,-99)
DRPAa:(DRPAa,0) (EGLNa,1) (CMCTa,-99) (GTa,-99) (ATTa,-99) (TWCa,-99) (UCa,-99) (GT,-99) (UC,-99) (EGLN,-99) (OSUa,-99) (OSU,-99) (DRPA,-99) (VONAa,-99) (UGAa,-99) (GSATa,-99) (PTGNa,-99) (PTGN,-99) (CMCT,-99) (VZa,-99) (VONA,-99) (ATT,-99) (TWC,-99) (VZ,-99) (GSAT,-99) (UGA,-99) (VZb,-99)
DRPAb:(DRPAb,0) (EGLNb,1) (CMCTb,12) (GTb,-99) (ATTb,11) (TWCb,-99) (UCb,-1) (OSUb,-1) (VONAb,-99) (UGAb,-99) (GSATb,-99) (PTGNb,1) (VZb,-99) (CMCT,-38) (OSU,-99) (UCc,-99) (UC,-99) (PTGN,-38) (ATT,-36) (TWC,-37) (GTc,-99) (OSUc,-99) (GT,-99) (VONA,-36) (EGLN,-38) (GTa,-99) (DRPA,-37) (UCa,-99) (EGLNa,-99) (UGA,-99) (GSAT,-99)
DRPAc:(DRPAc,0) (EGLNc,1) (CMCTc,12) (GTc,-1) (ATTc,11) (TWCc,-99) (UCc,-1) (OSUc,-1) (OSU,1) (GTb,-38) (VONAc,-99) (UGAc,-99) (GSATc,-99) (UC,-99) (PTGN,-99) (UCb,-99) (EGLNb,-36) (PTGNc,1) (GT,-99) (VONA,-99) (EGLN,-99) (GTa,-99) (DRPA,-99) (UCa,-99) (EGLNa,-99) (OSUb,-38) (DRPAb,-35) (VZc,-99) (VZ,-99) (GSAT,-99) (CMCT,-99) (OSUa,-99) (DRPAa,-99) (PTGNb,-36) (CMCTb,14) (ATT,-99) (VZb,-99) (UGA,-99) (TWC,-99) (PTGNa,-99) (CMCTa,-99) (VONAb,4) (ATTb,-99) (TWCb,14) (VONAa,-99) (ATTa,-99) (TWCa,-99) (GSATb,7) (UGAb,-35)
EGLN:(EGLN,0) (GT,-99) (DRPA,-99) (UC,-99) (GTa,-99) (CMCT,-99) (OSU,-99) (UCa,-99) (EGLNa,-99) (ATT,-99) (TWC,-99) (PTGN,-99) (OSUa,-99) (DRPAa,-99) (VONA,-99) (UGA,-99) (GSAT,-99) (PTGNa,-99) (CMCTa,-99) (VZ,-99) (VONAa,-99) (ATTa,-99) (TWCa,-99) (VZb,-99) (VZa,-99) (GSATa,-99) (UGAa,-99)
EGLNa:(EGLNa,0) (GTa,-99) (DRPAa,-99) (UCa,-99) (GT,-99) (CMCTa,-99) (UC,-99) (EGLN,-99) (OSUa,-99) (OSU,-99) (DRPA,-99) (ATTa,-99) (TWCa,-99) (PTGNa,-99) (PTGN,-99) (CMCT,-99) (VONAa,-99) (UGAa,-99) (GSATa,-99) (VONA,-99) (ATT,-99) (TWC,-99) (VZa,-99) (VZ,-99) (GSAT,-99) (UGA,-99) (VZb,-99)
EGLNb:(EGLNb,0) (GTb,-2) (DRPAb,1) (UCb,-2) (CMCTb,13) (OSUb,-2) (ATTb,13) (TWCb,13) (PTGNb,0) (VONAb,3) (UGAb,-36) (GSATb,6) (VZb,11) (CMCT,16) (OSU,13) (UCc,12)
EGLNc:(EGLNc,0) (GTc,-2) (DRPAc,1) (UCc,-2) (CMCTc,13) (OSUc,-2) (OSU,0) (GTb,-2) (ATTc,13) (TWCc,13) (UC,-99) (PTGN,-99) (UCb,-2) (EGLNb,0) (PTGNc,0) (GT,-99) (VONA,-99) (EGLN,-99) (GTa,-99) (DRPA,-99) (UCa,-99) (EGLNa,-99) (OSUb,-2) (DRPAb,1) (VONAc,3) (UGAc,-36) (GSATc,6) (VZ,-99) (GSAT,-99) (CMCT,-99) (OSUa,-99) (DRPAa,-99) (PTGNb,0) (CMCTb,13) (VZc,11) (ATT,-99) (VZb,-99) (UGA,-99) (TWC,-99) (PTGNa,-99) (CMCTa,-99) (VONAb,3) (ATTb,-99) (TWCb,13) (VONAa,-99) (ATTa,-99) (TWCa,-99) (GSATb,6) (UGAb,-36)
GSAT:(GSAT,0) (VONA,-99) (UGA,-99) (VZ,-99) (ATT,-99) (VZb,-99) (CMCT,-99) (TWC,-99) (ATTb,-99) (OSU,-99) (UCc,-99) (UC,-99) (PTGN,-99) (UGAb,-99) (GSATb,-99) (CMCTb,-99) (GTc,-99) (OSUc,-99) (GTb,-99) (GT,-99) (EGLN,-99) (GTa,-99) (DRPA,-99) (UCa,-99) (EGLNa,-99) (TWCb,-99) (VONAb,-99) (UCb,-99) (EGLNb,-99) (EGLNc,-99) (PTGNc,-99) (OSUb,-99) (DRPAb,-99) (DRPAc,-99) (OSUa,-99) (DRPAa,-99) (VONAc,-99) (PTGNb,-99) (CMCTc,-99) (PTGNa,-99) (CMCTa,-99)
GSATa:(GSATa,0) (VONAa,-99) (UGAa,-99) (VZa,-99) (ATTa,-99) (CMCTa,-99) (TWCa,-99)
GSATb:(GSATb,0) (VONAb,-99) (UGAb,-99) (VZb,-99) (ATTb,-99) (CMCT,-99) (OSU,-99) (UCc,-99) (CMCTb,-99) (TWCb,-99) (UC,-99) (PTGN,-99) (ATT,-99) (TWC,-99) (GTc,-99) (OSUc,-99) (GTb,-99) (GT,-99) (VONA,-99) (EGLN,-99) (GTa,-99) (DRPA,-99) (UCa,-99) (EGLNa,-99) (UGA,-99) (GSAT,-99) (UCb,-99) (EGLNb,-99) (EGLNc,-99) (PTGNc,-99) (OSUb,-99) (DRPAb,-99) (DRPAc,-99) (VZ,-99) (OSUa,-99) (DRPAa,-99) (VONAc,-99) (PTGNb,-99) (CMCTc,-99) (PTGNa,-99) (CMCTa,-99) (VZc,-99) (GSATc,-99) (ATTc,-99) (TWCc,-99) (VONAa,-99) (ATTa,-99) (TWCa,-99)
GSATc:(GSATc,0) (VONAc,-99) (UGAc,-99) (VZc,-99) (ATTc,-99) (UCb,-99) (CMCTc,-99) (TWCc,-99) (GTb,-99) (OSUb,-99) (EGLNb,-99) (PTGNb,-99) (DRPAb,-99) (VONAb,-99) (CMCTb,-99) (VZb,-99) (GSATb,-99) (ATTb,-99) (TWCb,-99) (CMCT,-99) (OSU,-99) (UCc,-99) (UGAb,-99)
GT:(GT,0) (UC,-99) (EGLN,-99) (GTa,-99) (OSU,-99) (DRPA,-99) (UCa,-99) (EGLNa,-99) (PTGN,-99) (CMCT,-99) (OSUa,-99) (DRPAa,-99) (VONA,-99) (ATT,-99) (TWC,-99) (PTGNa,-99) (CMCTa,-99) (VZ,-99) (GSAT,-99) (UGA,-99) (VONAa,-99) (ATTa,-99) (TWCa,-99) (VZb,-99) (VZa,-99) (GSATa,-99) (UGAa,-99)
GTa:(GTa,0) (UCa,-99) (EGLNa,-99) (GT,-99) (UC,-99) (EGLN,-99) (OSUa,-99) (DRPAa,-99) (OSU,-99) (DRPA,-99) (PTGNa,-99) (CMCTa,-99) (PTGN,-99) (CMCT,-99) (VONAa,-99) (ATTa,-99) (TWCa,-99) (VONA,-99) (ATT,-99) (TWC,-99) (VZa,-99) (GSATa,-99) (UGAa,-99) (VZ,-99) (GSAT,-99) (UGA,-99) (VZb,-99)
GTb:(GTb,0) (UCb,0) (EGLNb,2) (OSUb,0) (DRPAb,3) (PTGNb,2) (CMCTb,15) (VONAb,5) (ATTb,15) (TWCb,15) (VZb,13) (GSATb,8) (UGAb,-34) (CMCT,18) (OSU,15) (UCc,14)
GTc:(GTc,0) (UCc,0) (EGLNc,2) (OSUc,0) (OSU,2) (GTb,0) (DRPAc,3) (UC,-99) (PTGN,-99) (UCb,0) (EGLNb,2) (PTGNc,2) (GT,-99) (VONA,-99) (EGLN,-99) (GTa,-99) (DRPA,-99) (UCa,-99) (EGLNa,-99) (OSUb,0) (DRPAb,3) (CMCTc,15) (VONAc,5) (VZ,-99) (GSAT,-99) (CMCT,-99) (OSUa,-99) (DRPAa,-99) (PTGNb,2) (CMCTb,15) (ATTc,15) (TWCc,15) (VZc,13) (GSATc,8) (ATT,-99) (VZb,-99) (UGA,-99) (TWC,-99) (PTGNa,-99) (CMCTa,-99) (VONAb,5) (ATTb,-99) (TWCb,15) (UGAc,-34) (VONAa,-99) (ATTa,-99) (TWCa,-99) (GSATb,8) (UGAb,-34)
OSU:(OSU,0) (UC,-99) (PTGN,-99) (GT,-99) (VONA,-99) (EGLN,-99) (GTa,-99) (DRPA,-99) (UCa,-99) (EGLNa,-99) (VZ,-99) (GSAT,-99) (CMCT,-99) (OSUa,-99) (DRPAa,-99) (ATT,-99) (VZb,-99) (UGA,-99) (TWC,-99) (PTGNa,-99) (CMCTa,-99) (ATTb,-99) (UCc,-99) (VONAa,-99) (ATTa,-99) (TWCa,-99) (UGAb,-99) (GSATb,-99) (CMCTb,-99) (GTc,-99) (OSUc,-99) (GTb,-99) (VZa,-99) (GSATa,-99) (UGAa,-99)
OSUa:(OSUa,0) (UCa,-99) (PTGNa,-99) (GTa,-99) (VONAa,-99) (EGLNa,-99) (GT,-99) (UC,-99) (EGLN,-99) (DRPAa,-99) (OSU,-99) (DRPA,-99) (VZa,-99) (GSATa,-99) (CMCTa,-99) (PTGN,-99) (CMCT,-99) (ATTa,-99) (UGAa,-99) (TWCa,-99) (VONA,-99) (ATT,-99) (TWC,-99) (VZ,-99) (GSAT,-99) (UGA,-99) (VZb,-99)
OSUb:(OSUb,0) (UCb,0) (PTGNb,2) (GTb,0) (VONAb,5) (EGLNb,2) (DRPAb,3) (VZb,10) (GSATb,6) (CMCTb,14) (ATTb,12) (CMCT,15) (OSU,12) (UCc,11) (UGAb,-37) (TWCb,15) (UC,13) (PTGN,15) (ATT,17) (TWC,16) (GTc,12) (OSUc,12) (GT,13) (VONA,7) (EGLN,-99) (GTa,-99) (DRPA,-99) (UCa,-99) (EGLNa,-99) (UGA,-33) (GSAT,9) (EGLNc,15) (PTGNc,15) (DRPAc,16) (VZ,26) (OSUa,-99) (DRPAa,-99)
OSUc:(OSUc,0) (UCc,0) (PTGNc,-99) (GTc,-99) (OSU,-99) (GTb,-99) (VONAc,-99) (UC,-99) (PTGN,-99) (UCb,-99) (EGLNb,-99) (EGLNc,-99) (GT,-99) (VONA,-99) (EGLN,-99) (GTa,-99) (DRPA,-99) (UCa,-99) (EGLNa,-99) (OSUb,-99) (DRPAb,-99) (DRPAc,-99) (VZc,-99) (GSATc,-99) (VZ,-99) (GSAT,-99) (CMCT,-99) (OSUa,-99) (DRPAa,-99) (PTGNb,-99) (CMCTb,-99) (CMCTc,-99) (ATTc,-99) (UGAc,-99) (ATT,-99) (VZb,-99) (UGA,-99) (TWC,-99) (PTGNa,-99) (CMCTa,-99) (VONAb,-99) (ATTb,-99) (TWCb,-99) (TWCc,-99) (VONAa,-99) (ATTa,-99) (TWCa,-99) (GSATb,-99) (UGAb,-99) (VZa,-99) (GSATa,-99) (UGAa,-99)
PTGN:(PTGN,0) (OSU,-99) (VONA,-99) (UC,-99) (VZ,-99) (GSAT,-99) (GT,-99) (EGLN,-99) (GTa,-99) (DRPA,-99) (UCa,-99) (EGLNa,-99) (ATT,-99) (VZb,-99) (UGA,-99) (CMCT,-99) (OSUa,-99) (DRPAa,-99) (ATTb,-99) (UCc,-99) (TWC,-99) (PTGNa,-99) (CMCTa,-99) (UGAb,-99) (GSATb,-99) (CMCTb,-99) (GTc,-99) (OSUc,-99) (GTb,-99) (VONAa,-99) (ATTa,-99) (TWCa,-99) (TWCb,-99) (VONAb,-99) (UCb,-99) (EGLNb,-99) (EGLNc,-99) (PTGNc,-99) (OSUb,-99) (DRPAb,-99) (DRPAc,-99) (VZa,-99) (GSATa,-99) (UGAa,-99)
PTGNa:(PTGNa,0) (OSUa,-1) (VONAa,-99) (UCa,-99) (VZa,-99) (GSATa,-99) (GTa,-99) (EGLNa,-99) (GT,-99) (UC,-99) (EGLN,-99) (DRPAa,-99) (OSU,-99) (DRPA,-99) (ATTa,-99) (UGAa,-99) (CMCTa,-99) (PTGN,-99) (CMCT,-99) (TWCa,-99) (VONA,-99) (ATT,-99) (TWC,-99) (VZ,-99) (GSAT,-99) (UGA,-99) (VZb,-99)
PTGNb:(PTGNb,0) (OSUb,-1) (VONAb,3) (UCb,-1) (VZb,2) (GSATb,2) (GTb,-1) (EGLNb,1) (DRPAb,2) (ATTb,4) (CMCT,-99) (OSU,4) (UCc,3) (UGAb,-45) (CMCTb,6) (UC,5) (PTGN,-99) (ATT,-99) (TWC,-99) (GTc,4) (OSUc,4) (GT,-99) (VONA,-99) (EGLN,-99) (GTa,-99) (DRPA,-99) (UCa,-99) (EGLNa,-99) (UGA,-99) (GSAT,-99) (TWCb,7) (EGLNc,7) (PTGNc,7) (DRPAc,8) (VZ,-99) (OSUa,-99) (DRPAa,-99) (VONAc,13) (CMCTc,23) (PTGNa,-99) (CMCTa,-99)
PTGNc:(PTGNc,0) (OSUc,-1) (VONAc,-99) (UCc,-1) (VZc,-99) (GSATc,-99) (GTc,-99) (OSU,-99) (GTb,-99) (UC,-99) (PTGN,-99) (UCb,-99) (EGLNb,-99) (EGLNc,-99) (GT,-99) (VONA,-99) (EGLN,-99) (GTa,-99) (DRPA,-99) (UCa,-99) (EGLNa,-99) (OSUb,-99) (DRPAb,-99) (DRPAc,-99) (ATTc,-99) (UGAc,-99) (VZ,-99) (GSAT,-99) (CMCT,-99) (OSUa,-99) (DRPAa,-99) (PTGNb,-99) (CMCTb,-99) (CMCTc,-99) (ATT,-99) (VZb,-99) (UGA,-99) (TWC,-99) (PTGNa,-99) (CMCTa,-99) (VONAb,-99) (ATTb,-99) (TWCb,-99) (TWCc,-99) (VONAa,-99) (ATTa,-99) (TWCa,-99) (GSATb,-99) (UGAb,-99) (VZa,-99) (GSATa,-99) (UGAa,-99)
TWC:(TWC,0) (CMCT,-99) (VONA,-99) (ATT,-99) (VZ,-99) (GSAT,-99) (UGA,-99) (VZb,-99) (ATTb,-99) (OSU,-99) (UCc,-99) (UC,-99) (PTGN,-99) (UGAb,-99) (GSATb,-99) (CMCTb,-99) (GTc,-99) (OSUc,-99) (GTb,-99) (GT,-99) (EGLN,-99) (GTa,-99) (DRPA,-99) (UCa,-99) (EGLNa,-99) (TWCb,-99) (VONAb,-99) (UCb,-99) (EGLNb,-99) (EGLNc,-99) (PTGNc,-99) (OSUb,-99) (DRPAb,-99) (DRPAc,-99) (OSUa,-99) (DRPAa,-99)
TWCa:(TWCa,0) (CMCTa,-99) (VONAa,-99) (ATTa,-99) (VZa,-99) (GSATa,-99) (UGAa,-99)
TWCb:(TWCb,0) (CMCTb,-99) (VONAb,-99) (ATTb,-99) (VZb,-99) (GSATb,-99) (UGAb,-99) (CMCT,-99) (OSU,-99) (UCc,-99) (UC,-99) (PTGN,-99) (ATT,-99) (TWC,-99) (GTc,-99) (OSUc,-99) (GTb,-99) (GT,-99) (VONA,-99) (EGLN,-99) (GTa,-99) (DRPA,-99) (UCa,-99) (EGLNa,-99) (UGA,-99) (GSAT,-99) (UCb,-99) (EGLNb,-99) (EGLNc,-99) (PTGNc,-99) (OSUb,-99) (DRPAb,-99) (DRPAc,-99) (VZ,-99) (OSUa,-99) (DRPAa,-99) (VONAc,-99) (PTGNb,-99) (CMCTc,-99) (PTGNa,-99) (CMCTa,-99)
TWCc:(TWCc,0) (CMCTc,-99) (VONAc,-99) (ATTc,-99) (VZc,-99) (GSATc,-99) (UGAc,-99) (UCb,-99) (GTb,-99) (OSUb,-99) (EGLNb,-99) (PTGNb,-99) (DRPAb,-99) (VONAb,-99) (CMCTb,-99) (VZb,-99) (GSATb,-99) (ATTb,-99) (TWCb,-99)
UC:(UC,0) (GT,-99) (OSU,-99) (EGLN,-99) (GTa,-99) (PTGN,-99) (DRPA,-99) (UCa,-99) (EGLNa,-99) (VONA,-99) (CMCT,-99) (OSUa,-99) (DRPAa,-99) (VZ,-99) (GSAT,-99) (ATT,-99) (TWC,-99) (PTGNa,-99) (CMCTa,-99) (VZb,-99) (UGA,-99) (VONAa,-99) (ATTa,-99) (TWCa,-99) (ATTb,-99) (UCc,-99) (VZa,-99) (GSATa,-99) (UGAa,-99)
UCa:(UCa,0) (GTa,-99) (OSUa,-99) (EGLNa,-99) (GT,-99) (PTGNa,-99) (UC,-99) (EGLN,-99) (DRPAa,-99) (OSU,-99) (DRPA,-99) (VONAa,-99) (CMCTa,-99) (PTGN,-99) (CMCT,-99) (VZa,-99) (GSATa,-99) (ATTa,-99) (TWCa,-99) (VONA,-99) (ATT,-99) (TWC,-99) (UGAa,-99) (VZ,-99) (GSAT,-99) (UGA,-99) (VZb,-99)
UCb:(UCb,0) (GTb,0) (OSUb,0) (EGLNb,2) (PTGNb,2) (DRPAb,3) (VONAb,5) (CMCTb,15) (VZb,12) (GSATb,7) (ATTb,14) (TWCb,15) (CMCT,17) (OSU,14) (UCc,13) (UGAb,-35) (UC,15) (PTGN,17) (ATT,19) (TWC,18) (GTc,14) (OSUc,14) (GT,15) (VONA,19) (EGLN,17) (GTa,-35) (DRPA,18) (UCa,-35) (EGLNa,-33) (UGA,-31) (GSAT,11)
UCc:(UCc,0) (GTc,-99) (OSUc,-99) (OSU,-99) (GTb,-99) (UC,-99) (PTGN,-99) (UCb,-99) (EGLNb,-99) (EGLNc,-99) (PTGNc,-99) (GT,-99) (VONA,-99) (EGLN,-99) (GTa,-99) (DRPA,-99) (UCa,-99) (EGLNa,-99) (OSUb,-99) (DRPAb,-99) (DRPAc,-99) (VONAc,-99) (VZ,-99) (GSAT,-99) (CMCT,-99) (OSUa,-99) (DRPAa,-99) (PTGNb,-99) (CMCTb,-99) (CMCTc,-99) (VZc,-99) (GSATc,-99) (ATT,-99) (VZb,-99) (UGA,-99) (TWC,-99) (PTGNa,-99) (CMCTa,-99) (VONAb,-99) (ATTb,-99) (TWCb,-99) (ATTc,-99) (TWCc,-99) (UGAc,-99) (VONAa,-99) (ATTa,-99) (TWCa,-99) (GSATb,-99) (UGAb,-99) (VZa,-99) (GSATa,-99) (UGAa,-99)
UGA:(UGA,0) (ATT,-99) (GSAT,-99) (CMCT,-99) (VONA,-99) (TWC,-99) (VZ,-99) (VZb,-99) (ATTb,-99) (OSU,-99) (UCc,-99) (UC,-99) (PTGN,-99) (UGAb,-99) (GSATb,-99) (CMCTb,-99) (GTc,-99) (OSUc,-99) (GTb,-99) (GT,-99) (EGLN,-99) (GTa,-99) (DRPA,-99) (UCa,-99) (EGLNa,-99) (TWCb,-99) (VONAb,-99) (UCb,-99) (EGLNb,-99) (EGLNc,-99) (PTGNc,-99) (OSUb,-99) (DRPAb,-99) (DRPAc,-99) (OSUa,-99) (DRPAa,-99) (VONAc,-99) (PTGNb,-99) (CMCTc,-99) (PTGNa,-99) (CMCTa,-99)
UGAa:(UGAa,0) (ATTa,-99) (GSATa,-99) (CMCTa,-99) (VONAa,-99) (TWCa,-99) (VZa,-99)
UGAb:(UGAb,0) (ATTb,-99) (GSATb,-99) (CMCTb,-99) (VONAb,-99) (TWCb,-99) (VZb,-99) (CMCT,-99) (OSU,-99) (UCc,-99) (UC,-99) (PTGN,-99) (ATT,-99) (TWC,-99) (GTc,-99) (OSUc,-99) (GTb,-99) (GT,-99) (VONA,-99) (EGLN,-99) (GTa,-99) (DRPA,-99) (UCa,-99) (EGLNa,-99) (UGA,-99) (GSAT,-99) (UCb,-99) (EGLNb,-99) (EGLNc,-99) (PTGNc,-99) (OSUb,-99) (DRPAb,-99) (DRPAc,-99) (VZ,-99) (OSUa,-99) (DRPAa,-99) (VONAc,-99) (PTGNb,-99) (CMCTc,-99) (PTGNa,-99) (CMCTa,-99) (VZc,-99) (GSATc,-99) (ATTc,-99) (TWCc,-99) (VONAa,-99) (ATTa,-99) (TWCa,-99)
UGAc:(UGAc,0) (ATTc,-99) (GSATc,-99) (CMCTc,-99) (VONAc,-99) (TWCc,-99) (VZc,-99) (UCb,-99) (GTb,-99) (OSUb,-99) (EGLNb,-99) (PTGNb,-99) (DRPAb,-99) (VONAb,-99) (CMCTb,-99) (VZb,-99) (GSATb,-99) (ATTb,-99) (TWCb,-99) (CMCT,-99) (OSU,-99) (UCc,-99) (UGAb,-99)
VONA:(VONA,0) (VZ,-99) (GSAT,-99) (ATT,-99) (VZb,-99) (UGA,-99) (CMCT,-99) (ATTb,-99) (OSU,-99) (UCc,-99) (TWC,-99) (UC,-99) (PTGN,-99) (UGAb,-99) (GSATb,-99) (CMCTb,-99) (GTc,-99) (OSUc,-99) (GTb,-99) (GT,-99) (EGLN,-99) (GTa,-99) (DRPA,-99) (UCa,-99) (EGLNa,-99) (TWCb,-99) (VONAb,-99) (UCb,-99) (EGLNb,-99) (EGLNc,-99) (PTGNc,-99) (OSUb,-99) (DRPAb,-99) (DRPAc,-99) (OSUa,-99) (DRPAa,-99) (VONAc,-99) (PTGNb,-99) (CMCTc,-99) (PTGNa,-99) (CMCTa,-99)
VONAa:(VONAa,0) (VZa,-99) (GSATa,-99) (ATTa,-99) (UGAa,-99) (CMCTa,-99) (TWCa,-99)
VONAb:(VONAb,0) (VZb,-99) (GSATb,-99) (ATTb,-99) (CMCT,-99) (OSU,-99) (UCc,-99) (UGAb,-99) (UC,-99) (PTGN,-99) (ATT,-99) (TWC,-99) (CMCTb,-99) (GTc,-99) (OSUc,-99) (GTb,-99) (GT,-99) (VONA,-99) (EGLN,-99) (GTa,-99) (DRPA,-99) (UCa,-99) (EGLNa,-99) (UGA,-99) (GSAT,-99) (TWCb,-99) (UCb,-99) (EGLNb,-99) (EGLNc,-99) (PTGNc,-99) (OSUb,-99) (DRPAb,-99) (DRPAc,-99) (VZ,-99) (OSUa,-99) (DRPAa,-99) (VONAc,-99) (PTGNb,-99) (CMCTc,-99) (PTGNa,-99) (CMCTa,-99) (VZc,-99) (GSATc,-99) (ATTc,-99) (TWCc,-99) (VONAa,-99) (ATTa,-99) (TWCa,-99)
VONAc:(VONAc,0) (VZc,-99) (GSATc,-99) (ATTc,-99) (UCb,-99) (UGAc,-99) (GTb,-99) (OSUb,-99) (CMCTc,-99) (EGLNb,-99) (PTGNb,-99) (DRPAb,-99) (TWCc,-99) (VONAb,-99) (CMCTb,-99) (VZb,-99) (GSATb,-99) (ATTb,-99) (TWCb,-99) (CMCT,-31) (OSU,-34) (UCc,-35) (UGAb,-99)
VZ:(VZ,0) (ATT,-99) (VZb,-99) (UGA,-99) (GSAT,-99) (CMCT,-99) (ATTb,-99) (OSU,-99) (UCc,-99) (TWC,-99) (VONA,-99) (UC,-99) (PTGN,-99) (UGAb,-99) (GSATb,-99) (CMCTb,-99) (GTc,-99) (OSUc,-99) (GTb,-99) (GT,-99) (EGLN,-99) (GTa,-99) (DRPA,-99) (UCa,-99) (EGLNa,-99) (TWCb,-99) (VONAb,-99) (UCb,-99) (EGLNb,-99) (EGLNc,-99) (PTGNc,-99) (OSUb,-99) (DRPAb,-99) (DRPAc,-99) (OSUa,-99) (DRPAa,-99) (VONAc,-99) (PTGNb,-99) (CMCTc,-99) (PTGNa,-99) (CMCTa,-99) (VZc,-99) (GSATc,-99) (ATTc,-99) (TWCc,-99) (VONAa,-99) (ATTa,-99) (TWCa,-99)
VZa:(VZa,0) (ATTa,2) (UGAa,-99) (GSATa,-99) (CMCTa,-99) (TWCa,-99) (VONAa,-99)
VZb:(VZb,0) (ATTb,-99) (CMCT,-99) (OSU,-99) (UCc,-99) (UC,-99) (PTGN,-99) (ATT,-99) (TWC,-99) (UGAb,-99) (GSATb,-99) (CMCTb,-99) (GTc,-99) (OSUc,-99) (GTb,-99) (GT,-99) (VONA,-99) (EGLN,-99) (GTa,-99) (DRPA,-99) (UCa,-99) (EGLNa,-99) (UGA,-99) (GSAT,-99) (TWCb,-99) (VONAb,-99) (UCb,-99) (EGLNb,-99) (EGLNc,-99) (PTGNc,-99) (OSUb,-99) (DRPAb,-99) (DRPAc,-99) (VZ,-99) (OSUa,-99) (DRPAa,-99) (VONAc,-99) (PTGNb,-99) (CMCTc,-99) (PTGNa,-99) (CMCTa,-99) (VZc,-99) (GSATc,-99) (ATTc,-99) (TWCc,-99) (VONAa,-99) (ATTa,-99) (TWCa,-99) (UGAc,-99) (VZa,-99) (GSATa,-99) (UGAa,-99)
VZc:(VZc,0) (ATTc,2) (UCb,-99) (GTb,-99) (OSUb,-99) (UGAc,-99) (GSATc,-99) (CMCTc,-99) (EGLNb,-99) (PTGNb,-99) (DRPAb,-99) (TWCc,-99) (VONAc,-99) (VONAb,-99) (CMCTb,-99) (VZb,-99) (GSATb,-99) (ATTb,-99) (TWCb,-99) (CMCT,-99) (OSU,-99) (UCc,-99) (UGAb,-99) (UC,-99) (PTGN,-99) (ATT,-99) (TWC,-99) (GTc,-99) (OSUc,-99) (GT,-99) (VONA,-99) (EGLN,-99) (GTa,-99) (DRPA,-99) (UCa,-99) (EGLNa,-99) (UGA,-99) (GSAT,-99)
-----
ATT:(ATT,0) (UGA,-99) (GSAT,-99) (CMCT,-99) (TWC,-99) (VONA,-99) (VZ,-99) (VZb,-99) (ATTb,-99) (OSU,-99) (UCc,-99) (UC,-99) (PTGN,-99) (UGAb,-99) (GSATb,-99) (CMCTb,-99) (GTc,-99) (OSUc,-99) (GTb,-99) (GT,-99) (EGLN,-99) (GTa,-99) (DRPA,-99) (UCa,-99) (EGLNa,-99) (TWCb,-99) (VONAb,-99) (UCb,-99) (EGLNb,-99) (EGLNc,-99) (PTGNc,-99) (OSUb,-99) (DRPAb,-99) (DRPAc,-99) (OSUa,-99) (DRPAa,-99) (VONAc,-99) (PTGNb,-99) (CMCTc,-99) (PTGNa,-99) (CMCTa,-99)
ATTa:(ATTa,0) (UGAa,-99) (GSATa,-99) (CMCTa,-99) (TWCa,-99) (VONAa,-99) (VZa,-99)
ATTb:(ATTb,0) (UGAb,-99) (GSATb,-99) (CMCTb,-99) (TWCb,-99) (VONAb,-99) (VZb,-99) (CMCT,-99) (OSU,-99) (UCc,-99) (UC,-99) (PTGN,-99) (ATT,-99) (TWC,-99) (GTc,-99) (OSUc,-99) (GTb,-99) (GT,-99) (VONA,-99) (EGLN,-99) (GTa,-99) (DRPA,-99) (UCa,-99) (EGLNa,-99) (UGA,-99) (GSAT,-99) (UCb,-99) (EGLNb,-99) (EGLNc,-99) (PTGNc,-99) (OSUb,-99) (DRPAb,-99) (DRPAc,-99) (VZ,-99) (OSUa,-99) (DRPAa,-99) (VONAc,-99) (PTGNb,-99) (CMCTc,-99) (PTGNa,-99) (CMCTa,-99) (VZc,-99) (GSATc,-99) (ATTc,-99) (TWCc,-99) (VONAa,-99) (ATTa,-99) (TWCa,-99)
ATTc:(ATTc,0) (UGAc,-99) (GSATc,-99) (CMCTc,-99) (TWCc,-99) (VONAc,-99) (VZc,-99) (UCb,-99) (GTb,-99) (OSUb,-99) (EGLNb,-99) (PTGNb,-99) (DRPAb,-99) (VONAb,-99) (CMCTb,-99) (VZb,-99) (GSATb,-99) (ATTb,-99) (TWCb,-99) (CMCT,-99) (OSU,-99) (UCc,-99) (UGAb,-99)
CMCT:(CMCT,0) (ATT,-99) (TWC,-99) (VONA,-99) (UGA,-99) (GSAT,-99) (VZ,-99) (VZb,-99) (ATTb,-99) (OSU,-99) (UCc,-99) (UC,-99) (PTGN,-99) (UGAb,-99) (GSATb,-99) (CMCTb,-99) (GTc,-99) (OSUc,-99) (GTb,-99) (GT,-99) (EGLN,-99) (GTa,-99) (DRPA,-99) (UCa,-99) (EGLNa,-99) (TWCb,-99) (VONAb,-99) (UCb,-99) (EGLNb,-99) (EGLNc,-99) (PTGNc,-99) (OSUb,-99) (DRPAb,-99) (DRPAc,-99) (OSUa,-99) (DRPAa,-99)
CMCTa:(CMCTa,0) (ATTa,-99) (TWCa,-99) (VONAa,-99) (UGAa,-99) (GSATa,-99) (VZa,-99)
CMCTb:(CMCTb,0) (ATTb,-99) (TWCb,-99) (VONAb,-99) (UGAb,-99) (GSATb,-99) (VZb,-99) (CMCT,-99) (OSU,-99) (UCc,-99) (UC,-99) (PTGN,-99) (ATT,-99) (TWC,-99) (GTc,-99) (OSUc,-99) (GTb,-99) (GT,-99) (VONA,-99) (EGLN,-99) (GTa,-99) (DRPA,-99) (UCa,-99) (EGLNa,-99) (UGA,-99) (GSAT,-99) (UCb,-99) (EGLNb,-99) (EGLNc,-99) (PTGNc,-99) (OSUb,-99) (DRPAb,-99) (DRPAc,-99) (VZ,-99) (OSUa,-99) (DRPAa,-99) (VONAc,-99) (PTGNb,-99) (CMCTc,-99) (PTGNa,-99) (CMCTa,-99)
CMCTc:(CMCTc,0) (ATTc,-99) (TWCc,-99) (VONAc,-99) (UGAc,-99) (GSATc,-99) (VZc,-99) (UCb,-99) (GTb,-99) (OSUb,-99) (EGLNb,-99) (PTGNb,-99) (DRPAb,-99) (VONAb,-99) (CMCTb,-99) (VZb,-99) (GSATb,-99) (ATTb,-99) (TWCb,-99)
DRPA:(DRPA,0) (EGLN,-99) (CMCT,-99) (GT,-99) (ATT,-99) (TWC,-99) (UC,-99) (GTa,-99) (OSU,-99) (UCa,-99) (EGLNa,-99) (VONA,-99) (UGA,-99) (GSAT,-99) (PTGN,-99) (OSUa,-99) (DRPAa,-99) (VZ,-99) (PTGNa,-99) (CMCTa,-99) (VZb,-99) (VONAa,-99) (ATTa,-99) (TWCa,-99) (ATTb,-99) (UCc,-99) (VZa,-99) (GSATa,-99) (UGAa,-99) (UGAb,-99) (GSATb,-99) (CMCTb,-99) (GTc,-99) (OSUc,-99) (GTb,-99)
DRPAa:(DRPAa,0) (EGLNa,1) (CMCTa,-99) (GTa,-99) (ATTa,-99) (TWCa,-99) (UCa,-99) (GT,-99) (UC,-99) (EGLN,-99) (OSUa,-99) (OSU,-99) (DRPA,-99) (VONAa,-99) (UGAa,-99) (GSATa,-99) (PTGNa,-99) (PTGN,-99) (CMCT,-99) (VZa,-99) (VONA,-99) (ATT,-99) (TWC,-99) (VZ,-99) (GSAT,-99) (UGA,-99) (VZb,-99) (ATTb,-99) (UCc,-99)
DRPAb:(DRPAb,0) (EGLNb,-99) (CMCTb,-99) (GTb,-99) (ATTb,-99) (TWCb,-99) (UCb,-99) (OSUb,-99) (VONAb,-99) (UGAb,-99) (GSATb,-99) (PTGNb,-99) (VZb,-99) (CMCT,-99) (OSU,-99) (UCc,-99) (UC,-99) (PTGN,-99) (ATT,-99) (TWC,-99) (GTc,-99) (OSUc,-99) (GT,-99) (VONA,-99) (EGLN,-99) (GTa,-99) (DRPA,-99) (UCa,-99) (EGLNa,-99) (UGA,-99) (GSAT,-99) (EGLNc,-99) (PTGNc,-99) (DRPAc,-99) (VZ,-99) (OSUa,-99) (DRPAa,-99)
DRPAc:(DRPAc,0) (EGLNc,1) (CMCTc,-99) (GTc,-1) (ATTc,-99) (TWCc,-99) (UCc,-99) (OSUc,-99) (OSU,-99) (GTb,-99) (VONAc,-99) (UGAc,-99) (GSATc,-99) (UC,-99) (PTGN,-99) (UCb,-99) (EGLNb,-99) (PTGNc,-99) (GT,-99) (VONA,-99) (EGLN,-99) (GTa,-99) (DRPA,-99) (UCa,-99) (EGLNa,-99) (OSUb,-99) (DRPAb,-99) (VZc,-99) (VZ,-99) (GSAT,-99) (CMCT,-99) (OSUa,-99) (DRPAa,-99) (PTGNb,-99) (CMCTb,-99) (ATT,-99) (VZb,-99) (UGA,-99) (TWC,-99) (PTGNa,-99) (CMCTa,-99) (VONAb,-99) (ATTb,-99) (TWCb,-99) (VONAa,-99) (ATTa,-99) (TWCa,-99) (GSATb,-99) (UGAb,-99) (VZa,-99) (GSATa,-99) (UGAa,-99)
EGLN:(EGLN,0) (GT,-99) (DRPA,-99) (UC,-99) (GTa,-99) (CMCT,-99) (OSU,-99) (UCa,-99) (EGLNa,-99) (ATT,-99) (TWC,-99) (PTGN,-99) (OSUa,-99) (DRPAa,-99) (VONA,-99) (UGA,-99) (GSAT,-99) (PTGNa,-99) (CMCTa,-99) (VZ,-99) (VONAa,-99) (ATTa,-99) (TWCa,-99) (VZb,-99) (VZa,-99) (GSATa,-99) (UGAa,-99) (ATTb,-99) (UCc,-99)
EGLNa:(EGLNa,0) (GTa,-99) (DRPAa,-99) (UCa,-99) (GT,-99) (CMCTa,-99) (UC,-99) (EGLN,-99) (OSUa,-99) (OSU,-99) (DRPA,-99) (ATTa,-99) (TWCa,-99) (PTGNa,-99) (PTGN,-99) (CMCT,-99) (VONAa,-99) (UGAa,-99) (GSATa,-99) (VONA,-99) (ATT,-99) (TWC,-99) (VZa,-99) (VZ,-99) (GSAT,-99) (UGA,-99) (VZb,-99) (ATTb,-99) (UCc,-99)
EGLNb:(EGLNb,0) (GTb,-99) (DRPAb,-99) (UCb,-99) (CMCTb,-99) (OSUb,-99) (ATTb,-99) (TWCb,-99) (PTGNb,-99) (VONAb,-99) (UGAb,-99) (GSATb,-99) (VZb,-99) (CMCT,-99) (OSU,-99) (UCc,-99) (UC,-99) (PTGN,-99) (ATT,-99) (TWC,-99) (GTc,-99) (OSUc,-99) (GT,-99) (VONA,-99) (EGLN,-99) (GTa,-99) (DRPA,-99) (UCa,-99) (EGLNa,-99) (UGA,-99) (GSAT,-99)
EGLNc:(EGLNc,0) (GTc,-2) (DRPAc,-99) (UCc,-99) (CMCTc,-99) (OSUc,-99) (OSU,-99) (GTb,-99) (ATTc,-99) (TWCc,-99) (UC,-99) (PTGN,-99) (UCb,-99) (EGLNb,-99) (PTGNc,-99) (GT,-99) (VONA,-99) (EGLN,-99) (GTa,-99) (DRPA,-99) (UCa,-99) (EGLNa,-99) (OSUb,-99) (DRPAb,-99) (VONAc,-99) (UGAc,-99) (GSATc,-99) (VZ,-99) (GSAT,-99) (CMCT,-99) (OSUa,-99) (DRPAa,-99) (PTGNb,-99) (CMCTb,-99) (VZc,-99) (ATT,-99) (VZb,-99) (UGA,-99) (TWC,-99) (PTGNa,-99) (CMCTa,-99) (VONAb,-99) (ATTb,-99) (TWCb,-99) (VONAa,-99) (ATTa,-99) (TWCa,-99) (GSATb,-99) (UGAb,-99) (VZa,-99) (GSATa,-99) (UGAa,-99)
GSAT:(GSAT,0) (VONA,-99) (UGA,-99) (VZ,-99) (ATT,-99) (VZb,-99) (CMCT,-99) (TWC,-99) (ATTb,-99) (OSU,-99) (UCc,-99) (UC,-99) (PTGN,-99) (UGAb,-99) (GSATb,-99) (CMCTb,-99) (GTc,-99) (OSUc,-99) (GTb,-99) (GT,-99) (EGLN,-99) (GTa,-99) (DRPA,-99) (UCa,-99) (EGLNa,-99) (TWCb,-99) (VONAb,-99) (UCb,-99) (EGLNb,-99) (EGLNc,-99) (PTGNc,-99) (OSUb,-99) (DRPAb,-99) (DRPAc,-99) (OSUa,-99) (DRPAa,-99) (VONAc,-99) (PTGNb,-99) (CMCTc,-99) (PTGNa,-99) (CMCTa,-99) (VZc,-99) (GSATc,-99) (ATTc,-99) (TWCc,-99) (VONAa,-99) (ATTa,-99) (TWCa,-99)
GSATa:(GSATa,0) (VONAa,-99) (UGAa,-99) (VZa,-99) (ATTa,-99) (CMCTa,-99) (TWCa,-99)
GSATb:(GSATb,0) (VONAb,-99) (UGAb,-99) (VZb,-99) (ATTb,-99) (CMCT,-99) (OSU,-99) (UCc,-99) (CMCTb,-99) (TWCb,-99) (UC,-99) (PTGN,-99) (ATT,-99) (TWC,-99) (GTc,-99) (OSUc,-99) (GTb,-99) (GT,-99) (VONA,-99) (EGLN,-99) (GTa,-99) (DRPA,-99) (UCa,-99) (EGLNa,-99) (UGA,-99) (GSAT,-99) (UCb,-99) (EGLNb,-99) (EGLNc,-99) (PTGNc,-99) (OSUb,-99) (DRPAb,-99) (DRPAc,-99) (VZ,-99) (OSUa,-99) (DRPAa,-99) (VONAc,-99) (PTGNb,-99) (CMCTc,-99) (PTGNa,-99) (CMCTa,-99) (VZc,-99) (GSATc,-99) (ATTc,-99) (TWCc,-99) (VONAa,-99) (ATTa,-99) (TWCa,-99) (UGAc,-99) (VZa,-99) (GSATa,-99) (UGAa,-99)
GSATc:(GSATc,0) (VONAc,-99) (UGAc,-99) (VZc,-99) (ATTc,-99) (UCb,-99) (CMCTc,-99) (TWCc,-99) (GTb,-99) (OSUb,-99) (EGLNb,-99) (PTGNb,-99) (DRPAb,-99) (VONAb,-99) (CMCTb,-99) (VZb,-99) (GSATb,-99) (ATTb,-99) (TWCb,-99) (CMCT,-99) (OSU,-99) (UCc,-99) (UGAb,-99) (UC,-99) (PTGN,-99) (ATT,-99) (TWC,-99) (GTc,-99) (OSUc,-99) (GT,-99) (VONA,-99) (EGLN,-99) (GTa,-99) (DRPA,-99) (UCa,-99) (EGLNa,-99) (UGA,-99) (GSAT,-99)
GT:(GT,0) (UC,-99) (EGLN,-99) (GTa,-99) (OSU,-99) (DRPA,-99) (UCa,-99) (EGLNa,-99) (PTGN,-99) (CMCT,-99) (OSUa,-99) (DRPAa,-99) (VONA,-99) (ATT,-99) (TWC,-99) (PTGNa,-99) (CMCTa,-99) (VZ,-99) (GSAT,-99) (UGA,-99) (VONAa,-99) (ATTa,-99) (TWCa,-99) (VZb,-99) (VZa,-99) (GSATa,-99) (UGAa,-99) (ATTb,-99) (UCc,-99)
GTa:(GTa,0) (UCa,-99) (EGLNa,-99) (GT,-99) (UC,-99) (EGLN,-99) (OSUa,-99) (DRPAa,-99) (OSU,-99) (DRPA,-99) (PTGNa,-99) (CMCTa,-99) (PTGN,-99) (CMCT,-99) (VONAa,-99) (ATTa,-99) (TWCa,-99) (VONA,-99) (ATT,-99) (TWC,-99) (VZa,-99) (GSATa,-99) (UGAa,-99) (VZ,-99) (GSAT,-99) (UGA,-99) (VZb,-99) (ATTb,-99) (UCc,-99)
GTb:(GTb,0) (UCb,0) (EGLNb,2) (OSUb,0) (DRPAb,3) (PTGNb,2) (CMCTb,15) (VONAb,5) (ATTb,14) (TWCb,15) (VZb,12) (GSATb,7) (UGAb,-35) (CMCT,17) (OSU,14) (UCc,13) (UC,15) (PTGN,17) (ATT,19) (TWC,18) (GTc,14) (OSUc,14) (GT,15) (VONA,19) (EGLN,17) (GTa,-35) (DRPA,18) (UCa,-35) (EGLNa,-33) (UGA,-31) (GSAT,11)
GTc:(GTc,0) (UCc,-99) (EGLNc,-99) (OSUc,-99) (OSU,-99) (GTb,-99) (DRPAc,-99) (UC,-99) (PTGN,-99) (UCb,-99) (EGLNb,-99) (PTGNc,-99) (GT,-99) (VONA,-99) (EGLN,-99) (GTa,-99) (DRPA,-99) (UCa,-99) (EGLNa,-99) (OSUb,-99) (DRPAb,-99) (CMCTc,-99) (VONAc,-99) (VZ,-99) (GSAT,-99) (CMCT,-99) (OSUa,-99) (DRPAa,-99) (PTGNb,-99) (CMCTb,-99) (ATTc,-99) (TWCc,-99) (VZc,-99) (GSATc,-99) (ATT,-99) (VZb,-99) (UGA,-99) (TWC,-99) (PTGNa,-99) (CMCTa,-99) (VONAb,-99) (ATTb,-99) (TWCb,-99) (UGAc,-99) (VONAa,-99) (ATTa,-99) (TWCa,-99) (GSATb,-99) (UGAb,-99) (VZa,-99) (GSATa,-99) (UGAa,-99)
OSU:(OSU,0) (UC,-99) (PTGN,-99) (GT,-99) (VONA,-99) (EGLN,-99) (GTa,-99) (DRPA,-99) (UCa,-99) (EGLNa,-99) (VZ,-99) (GSAT,-99) (CMCT,-99) (OSUa,-99) (DRPAa,-99) (ATT,-99) (VZb,-99) (UGA,-99) (TWC,-99) (PTGNa,-99) (CMCTa,-99) (ATTb,-99) (UCc,-99) (VONAa,-99) (ATTa,-99) (TWCa,-99) (UGAb,-99) (GSATb,-99) (CMCTb,-99) (GTc,-99) (OSUc,-99) (GTb,-99) (VZa,-99) (GSATa,-99) (UGAa,-99) (TWCb,-99) (VONAb,-99) (UCb,-99) (EGLNb,-99) (EGLNc,-99) (PTGNc,-99) (OSUb,-99) (DRPAb,-99) (DRPAc,-99)
OSUa:(OSUa,0) (UCa,-99) (PTGNa,-99) (GTa,-99) (VONAa,-99) (EGLNa,-99) (GT,-99) (UC,-99) (EGLN,-99) (DRPAa,-99) (OSU,-99) (DRPA,-99) (VZa,-99) (GSATa,-99) (CMCTa,-99) (PTGN,-99) (CMCT,-99) (ATTa,-99) (UGAa,-99) (TWCa,-99) (VONA,-99) (ATT,-99) (TWC,-99) (VZ,-99) (GSAT,-99) (UGA,-99) (VZb,-99) (ATTb,-99) (UCc,-99)
OSUb:(OSUb,0) (UCb,0) (PTGNb,2) (GTb,0) (VONAb,5) (EGLNb,2) (DRPAb,3) (VZb,4) (GSATb,4) (CMCTb,8) (ATTb,6) (CMCT,-99) (OSU,6) (UCc,5) (UGAb,-43) (TWCb,9) (UC,7) (PTGN,-99) (ATT,-99) (TWC,-99) (GTc,6) (OSUc,6) (GT,-99) (VONA,-99) (EGLN,-99) (GTa,-99) (DRPA,-99) (UCa,-99) (EGLNa,-99) (UGA,-99) (GSAT,-99) (EGLNc,9) (PTGNc,9) (DRPAc,10) (VZ,-99) (OSUa,-99) (DRPAa,-99) (VONAc,15) (CMCTc,25) (PTGNa,-99) (CMCTa,-99)
OSUc:(OSUc,0) (UCc,-99) (PTGNc,-99) (GTc,-99) (OSU,-99) (GTb,-99) (VONAc,-99) (UC,-99) (PTGN,-99) (UCb,-99) (EGLNb,-99) (EGLNc,-99) (GT,-99) (VONA,-99) (EGLN,-99) (GTa,-99) (DRPA,-99) (UCa,-99) (EGLNa,-99) (OSUb,-99) (DRPAb,-99) (DRPAc,-99) (VZc,-99) (GSATc,-99) (VZ,-99) (GSAT,-99) (CMCT,-99) (OSUa,-99) (DRPAa,-99) (PTGNb,-99) (CMCTb,-99) (CMCTc,-99) (ATTc,-99) (UGAc,-99) (ATT,-99) (VZb,-99) (UGA,-99) (TWC,-99) (PTGNa,-99) (CMCTa,-99) (VONAb,-99) (ATTb,-99) (TWCb,-99) (TWCc,-99) (VONAa,-99) (ATTa,-99) (TWCa,-99) (GSATb,-99) (UGAb,-99) (VZa,-99) (GSATa,-99) (UGAa,-99)
PTGN:(PTGN,0) (OSU,-99) (VONA,-99) (UC,-99) (VZ,-99) (GSAT,-99) (GT,-99) (EGLN,-99) (GTa,-99) (DRPA,-99) (UCa,-99) (EGLNa,-99) (ATT,-99) (VZb,-99) (UGA,-99) (CMCT,-99) (OSUa,-99) (DRPAa,-99) (ATTb,-99) (UCc,-99) (TWC,-99) (PTGNa,-99) (CMCTa,-99) (UGAb,-99) (GSATb,-99) (CMCTb,-99) (GTc,-99) (OSUc,-99) (GTb,-99) (VONAa,-99) (ATTa,-99) (TWCa,-99) (TWCb,-99) (VONAb,-99) (UCb,-99) (EGLNb,-99) (EGLNc,-99) (PTGNc,-99) (OSUb,-99) (DRPAb,-99) (DRPAc,-99) (VZa,-99) (GSATa,-99) (UGAa,-99) (VONAc,-99) (PTGNb,-99) (CMCTc,-99)
PTGNa:(PTGNa,0) (OSUa,-1) (VONAa,-99) (UCa,-99) (VZa,-99) (GSATa,-99) (GTa,-99) (EGLNa,-99) (GT,-99) (UC,-99) (EGLN,-99) (DRPAa,-99) (OSU,-99) (DRPA,-99) (ATTa,-99) (UGAa,-99) (CMCTa,-99) (PTGN,-99) (CMCT,-99) (TWCa,-99) (VONA,-99) (ATT,-99) (TWC,-99) (VZ,-99) (GSAT,-99) (UGA,-99) (VZb,-99) (ATTb,-99) (UCc,-99)
PTGNb:(PTGNb,0) (OSUb,-99) (VONAb,-99) (UCb,-99) (VZb,-99) (GSATb,-99) (GTb,-99) (EGLNb,-99) (DRPAb,-99) (ATTb,-99) (CMCT,-99) (OSU,-99) (UCc,-99) (UGAb,-99) (CMCTb,-99) (UC,-99) (PTGN,-99) (ATT,-99) (TWC,-99) (GTc,-99) (OSUc,-99) (GT,-99) (VONA,-99) (EGLN,-99) (GTa,-99) (DRPA,-99) (UCa,-99) (EGLNa,-99) (UGA,-99) (GSAT,-99) (TWCb,-99) (EGLNc,-99) (PTGNc,-99) (DRPAc,-99) (VZ,-99) (OSUa,-99) (DRPAa,-99) (VONAc,-99) (CMCTc,-99) (PTGNa,-99) (CMCTa,-99) (VZc,-99) (GSATc,-99) (ATTc,-99) (TWCc,-99) (VONAa,-99) (ATTa,-99) (TWCa,-99)
PTGNc:(PTGNc,0) (OSUc,-1) (VONAc,-99) (UCc,-99) (VZc,-99) (GSATc,-99) (GTc,-99) (OSU,-99) (GTb,-99) (UC,-99) (PTGN,-99) (UCb,-99) (EGLNb,-99) (EGLNc,-99) (GT,-99) (VONA,-99) (EGLN,-99) (GTa,-99) (DRPA,-99) (UCa,-99) (EGLNa,-99) (OSUb,-99) (DRPAb,-99) (DRPAc,-99) (ATTc,-99) (UGAc,-99) (VZ,-99) (GSAT,-99) (CMCT,-99) (OSUa,-99) (DRPAa,-99) (PTGNb,-99) (CMCTb,-99) (CMCTc,-99) (ATT,-99) (VZb,-99) (UGA,-99) (TWC,-99) (PTGNa,-99) (CMCTa,-99) (VONAb,-99) (ATTb,-99) (TWCb,-99) (TWCc,-99) (VONAa,-99) (ATTa,-99) (TWCa,-99) (GSATb,-99) (UGAb,-99) (VZa,-99) (GSATa,-99) (UGAa,-99)
TWC:(TWC,0) (CMCT,-99) (VONA,-99) (ATT,-99) (VZ,-99) (GSAT,-99) (UGA,-99) (VZb,-99) (ATTb,-99) (OSU,-99) (UCc,-99) (UC,-99) (PTGN,-99) (UGAb,-99) (GSATb,-99) (CMCTb,-99) (GTc,-99) (OSUc,-99) (GTb,-99) (GT,-99) (EGLN,-99) (GTa,-99) (DRPA,-99) (UCa,-99) (EGLNa,-99) (TWCb,-99) (VONAb,-99) (UCb,-99) (EGLNb,-99) (EGLNc,-99) (PTGNc,-99) (OSUb,-99) (DRPAb,-99) (DRPAc,-99) (OSUa,-99) (DRPAa,-99) (VONAc,-99) (PTGNb,-99) (CMCTc,-99) (PTGNa,-99) (CMCTa,-99)
TWCa:(TWCa,0) (CMCTa,-99) (VONAa,-99) (ATTa,-99) (VZa,-99) (GSATa,-99) (UGAa,-99)
TWCb:(TWCb,0) (CMCTb,-99) (VONAb,-99) (ATTb,-99) (VZb,-99) (GSATb,-99) (UGAb,-99) (CMCT,-99) (OSU,-99) (UCc,-99) (UC,-99) (PTGN,-99) (ATT,-99) (TWC,-99) (GTc,-99) (OSUc,-99) (GTb,-99) (GT,-99) (VONA,-99) (EGLN,-99) (GTa,-99) (DRPA,-99) (UCa,-99) (EGLNa,-99) (UGA,-99) (GSAT,-99) (UCb,-99) (EGLNb,-99) (EGLNc,-99) (PTGNc,-99) (OSUb,-99) (DRPAb,-99) (DRPAc,-99) (VZ,-99) (OSUa,-99) (DRPAa,-99) (VONAc,-99) (PTGNb,-99) (CMCTc,-99) (PTGNa,-99) (CMCTa,-99) (VZc,-99) (GSATc,-99) (ATTc,-99) (TWCc,-99) (VONAa,-99) (ATTa,-99) (TWCa,-99)
TWCc:(TWCc,0) (CMCTc,-99) (VONAc,-99) (ATTc,-99) (VZc,-99) (GSATc,-99) (UGAc,-99) (UCb,-99) (GTb,-99) (OSUb,-99) (EGLNb,-99) (PTGNb,-99) (DRPAb,-99) (VONAb,-99) (CMCTb,-99) (VZb,-99) (GSATb,-99) (ATTb,-99) (TWCb,-99) (CMCT,-99) (OSU,-99) (UCc,-99) (UGAb,-99)
UC:(UC,0) (GT,-99) (OSU,-99) (EGLN,-99) (GTa,-99) (PTGN,-99) (DRPA,-99) (UCa,-99) (EGLNa,-99) (VONA,-99) (CMCT,-99) (OSUa,-99) (DRPAa,-99) (VZ,-99) (GSAT,-99) (ATT,-99) (TWC,-99) (PTGNa,-99) (CMCTa,-99) (VZb,-99) (UGA,-99) (VONAa,-99) (ATTa,-99) (TWCa,-99) (ATTb,-99) (UCc,-99) (VZa,-99) (GSATa,-99) (UGAa,-99) (UGAb,-99) (GSATb,-99) (CMCTb,-99) (GTc,-99) (OSUc,-99) (GTb,-99)
UCa:(UCa,0) (GTa,-99) (OSUa,-99) (EGLNa,-99) (GT,-99) (PTGNa,-99) (UC,-99) (EGLN,-99) (DRPAa,-99) (OSU,-99) (DRPA,-99) (VONAa,-99) (CMCTa,-99) (PTGN,-99) (CMCT,-99) (VZa,-99) (GSATa,-99) (ATTa,-99) (TWCa,-99) (VONA,-99) (ATT,-99) (TWC,-99) (UGAa,-99) (VZ,-99) (GSAT,-99) (UGA,-99) (VZb,-99) (ATTb,-99) (UCc,-99)
UCb:(UCb,0) (GTb,0) (OSUb,0) (EGLNb,2) (PTGNb,2) (DRPAb,3) (VONAb,5) (CMCTb,14) (VZb,10) (GSATb,6) (ATTb,12) (TWCb,15) (CMCT,15) (OSU,12) (UCc,11) (UGAb,-37) (UC,13) (PTGN,15) (ATT,17) (TWC,16) (GTc,12) (OSUc,12) (GT,13) (VONA,7) (EGLN,-99) (GTa,-99) (DRPA,-99) (UCa,-99) (EGLNa,-99) (UGA,-33) (GSAT,9) (EGLNc,15) (PTGNc,15) (DRPAc,16) (VZ,26) (OSUa,-99) (DRPAa,-99)
UCc:(UCc,0) (GTc,-99) (OSUc,-99) (OSU,-99) (GTb,-99) (UC,-99) (PTGN,-99) (UCb,-99) (EGLNb,-99) (EGLNc,-99) (PTGNc,-99) (GT,-99) (VONA,-99) (EGLN,-99) (GTa,-99) (DRPA,-99) (UCa,-99) (EGLNa,-99) (OSUb,-99) (DRPAb,-99) (DRPAc,-99) (VONAc,-99) (VZ,-99) (GSAT,-99) (CMCT,-99) (OSUa,-99) (DRPAa,-99) (PTGNb,-99) (CMCTb,-99) (CMCTc,-99) (VZc,-99) (GSATc,-99) (ATT,-99) (VZb,-99) (UGA,-99) (TWC,-99) (PTGNa,-99) (CMCTa,-99) (VONAb,-99) (ATTb,-99) (TWCb,-99) (ATTc,-99) (TWCc,-99) (UGAc,-99) (VONAa,-99) (ATTa,-99) (TWCa,-99) (GSATb,-99) (UGAb,-99) (VZa,-99) (GSATa,-99) (UGAa,-99)
UGA:(UGA,0) (ATT,-99) (GSAT,-99) (CMCT,-99) (VONA,-99) (TWC,-99) (VZ,-99) (VZb,-99) (ATTb,-99) (OSU,-99) (UCc,-99) (UC,-99) (PTGN,-99) (UGAb,-99) (GSATb,-99) (CMCTb,-99) (GTc,-99) (OSUc,-99) (GTb,-99) (GT,-99) (EGLN,-99) (GTa,-99) (DRPA,-99) (UCa,-99) (EGLNa,-99) (TWCb,-99) (VONAb,-99) (UCb,-99) (EGLNb,-99) (EGLNc,-99) (PTGNc,-99) (OSUb,-99) (DRPAb,-99) (DRPAc,-99) (OSUa,-99) (DRPAa,-99) (VONAc,-99) (PTGNb,-99) (CMCTc,-99) (PTGNa,-99) (CMCTa,-99) (VZc,-99) (GSATc,-99) (ATTc,-99) (TWCc,-99) (VONAa,-99) (ATTa,-99) (TWCa,-99)
UGAa:(UGAa,0) (ATTa,-99) (GSATa,-99) (CMCTa,-99) (VONAa,-99) (TWCa,-99) (VZa,-99)
UGAb:(UGAb,0) (ATTb,-99) (GSATb,-99) (CMCTb,-99) (VONAb,-99) (TWCb,-99) (VZb,-99) (CMCT,-99) (OSU,-99) (UCc,-99) (UC,-99) (PTGN,-99) (ATT,-99) (TWC,-99) (GTc,-99) (OSUc,-99) (GTb,-99) (GT,-99) (VONA,-99) (EGLN,-99) (GTa,-99) (DRPA,-99) (UCa,-99) (EGLNa,-99) (UGA,-99) (GSAT,-99) (UCb,-99) (EGLNb,-99) (EGLNc,-99) (PTGNc,-99) (OSUb,-99) (DRPAb,-99) (DRPAc,-99) (VZ,-99) (OSUa,-99) (DRPAa,-99) (VONAc,-99) (PTGNb,-99) (CMCTc,-99) (PTGNa,-99) (CMCTa,-99) (VZc,-99) (GSATc,-99) (ATTc,-99) (TWCc,-99) (VONAa,-99) (ATTa,-99) (TWCa,-99) (UGAc,-99) (VZa,-99) (GSATa,-99) (UGAa,-99)
UGAc:(UGAc,0) (ATTc,-99) (GSATc,-99) (CMCTc,-99) (VONAc,-99) (TWCc,-99) (VZc,-99) (UCb,-99) (GTb,-99) (OSUb,-99) (EGLNb,-99) (PTGNb,-99) (DRPAb,-99) (VONAb,-99) (CMCTb,-99) (VZb,-99) (GSATb,-99) (ATTb,-99) (TWCb,-99) (CMCT,-99) (OSU,-99) (UCc,-99) (UGAb,-99) (UC,-99) (PTGN,-99) (ATT,-99) (TWC,-99) (GTc,-99) (OSUc,-99) (GT,-99) (VONA,-99) (EGLN,-99) (GTa,-99) (DRPA,-99) (UCa,-99) (EGLNa,-99) (UGA,-99) (GSAT,-99)
VONA:(VONA,0) (VZ,-99) (GSAT,-99) (ATT,-99) (VZb,-99) (UGA,-99) (CMCT,-99) (ATTb,-99) (OSU,-99) (UCc,-99) (TWC,-99) (UC,-99) (PTGN,-99) (UGAb,-99) (GSATb,-99) (CMCTb,-99) (GTc,-99) (OSUc,-99) (GTb,-99) (GT,-99) (EGLN,-99) (GTa,-99) (DRPA,-99) (UCa,-99) (EGLNa,-99) (TWCb,-99) (VONAb,-99) (UCb,-99) (EGLNb,-99) (EGLNc,-99) (PTGNc,-99) (OSUb,-99) (DRPAb,-99) (DRPAc,-99) (OSUa,-99) (DRPAa,-99) (VONAc,-99) (PTGNb,-99) (CMCTc,-99) (PTGNa,-99) (CMCTa,-99) (VZc,-99) (GSATc,-99) (ATTc,-99) (TWCc,-99) (VONAa,-99) (ATTa,-99) (TWCa,-99)
VONAa:(VONAa,0) (VZa,-99) (GSATa,-99) (ATTa,-99) (UGAa,-99) (CMCTa,-99) (TWCa,-99)
VONAb:(VONAb,0) (VZb,-99) (GSATb,-99) (ATTb,-99) (CMCT,-99) (OSU,-99) (UCc,-99) (UGAb,-99) (UC,-99) (PTGN,-99) (ATT,-99) (TWC,-99) (CMCTb,-99) (GTc,-99) (OSUc,-99) (GTb,-99) (GT,-99) (VONA,-99) (EGLN,-99) (GTa,-99) (DRPA,-99) (UCa,-99) (EGLNa,-99) (UGA,-99) (GSAT,-99) (TWCb,-99) (UCb,-99) (EGLNb,-99) (EGLNc,-99) (PTGNc,-99) (OSUb,-99) (DRPAb,-99) (DRPAc,-99) (VZ,-99) (OSUa,-99) (DRPAa,-99) (VONAc,-99) (PTGNb,-99) (CMCTc,-99) (PTGNa,-99) (CMCTa,-99) (VZc,-99) (GSATc,-99) (ATTc,-99) (TWCc,-99) (VONAa,-99) (ATTa,-99) (TWCa,-99) (UGAc,-99) (VZa,-99) (GSATa,-99) (UGAa,-99)
VONAc:(VONAc,0) (VZc,-99) (GSATc,-99) (ATTc,-99) (UCb,-99) (UGAc,-99) (GTb,-99) (OSUb,-99) (CMCTc,-99) (EGLNb,-99) (PTGNb,-99) (DRPAb,-99) (TWCc,-99) (VONAb,-99) (CMCTb,-99) (VZb,-99) (GSATb,-99) (ATTb,-99) (TWCb,-99) (CMCT,-99) (OSU,-99) (UCc,-99) (UGAb,-99) (UC,-99) (PTGN,-99) (ATT,-99) (TWC,-99) (GTc,-99) (OSUc,-99) (GT,-99) (VONA,-99) (EGLN,-99) (GTa,-99) (DRPA,-99) (UCa,-99) (EGLNa,-99) (UGA,-99) (GSAT,-99)
VZ:(VZ,0) (ATT,-99) (VZb,-99) (UGA,-99) (GSAT,-99) (CMCT,-99) (ATTb,-99) (OSU,-99) (UCc,-99) (TWC,-99) (VONA,-99) (UC,-99) (PTGN,-99) (UGAb,-99) (GSATb,-99) (CMCTb,-99) (GTc,-99) (OSUc,-99) (GTb,-99) (GT,-99) (EGLN,-99) (GTa,-99) (DRPA,-99) (UCa,-99) (EGLNa,-99) (TWCb,-99) (VONAb,-99) (UCb,-99) (EGLNb,-99) (EGLNc,-99) (PTGNc,-99) (OSUb,-99) (DRPAb,-99) (DRPAc,-99) (OSUa,-99) (DRPAa,-99) (VONAc,-99) (PTGNb,-99) (CMCTc,-99) (PTGNa,-99) (CMCTa,-99) (VZc,-99) (GSATc,-99) (ATTc,-99) (TWCc,-99) (VONAa,-99) (ATTa,-99) (TWCa,-99) (UGAc,-99) (VZa,-99) (GSATa,-99) (UGAa,-99)
VZa:(VZa,0) (ATTa,2) (UGAa,-99) (GSATa,-99) (CMCTa,-99) (TWCa,-99) (VONAa,-99)
VZb:(VZb,0) (ATTb,-99) (CMCT,-99) (OSU,-99) (UCc,-99) (UC,-99) (PTGN,-99) (ATT,-99) (TWC,-99) (UGAb,-99) (GSATb,-99) (CMCTb,-99) (GTc,-99) (OSUc,-99) (GTb,-99) (GT,-99) (VONA,-99) (EGLN,-99) (GTa,-99) (DRPA,-99) (UCa,-99) (EGLNa,-99) (UGA,-99) (GSAT,-99) (TWCb,-99) (VONAb,-99) (UCb,-99) (EGLNb,-99) (EGLNc,-99) (PTGNc,-99) (OSUb,-99) (DRPAb,-99) (DRPAc,-99) (VZ,-99) (OSUa,-99) (DRPAa,-99) (VONAc,-99) (PTGNb,-99) (CMCTc,-99) (PTGNa,-99) (CMCTa,-99) (VZc,-99) (GSATc,-99) (ATTc,-99) (TWCc,-99) (VONAa,-99) (ATTa,-99) (TWCa,-99) (UGAc,-99) (VZa,-99) (GSATa,-99) (UGAa,-99)
VZc:(VZc,0) (ATTc,2) (UCb,-99) (GTb,-99) (OSUb,-99) (UGAc,-99) (GSATc,-99) (CMCTc,-99) (EGLNb,-99) (PTGNb,-99) (DRPAb,-99) (TWCc,-99) (VONAc,-99) (VONAb,-99) (CMCTb,-99) (VZb,-99) (GSATb,-99) (ATTb,-99) (TWCb,-99) (CMCT,-99) (OSU,-99) (UCc,-99) (UGAb,-99) (UC,-99) (PTGN,-99) (ATT,-99) (TWC,-99) (GTc,-99) (OSUc,-99) (GT,-99) (VONA,-99) (EGLN,-99) (GTa,-99) (DRPA,-99) (UCa,-99) (EGLNa,-99) (UGA,-99) (GSAT,-99) (EGLNc,-99) (PTGNc,-99) (DRPAc,-99) (VZ,-99) (OSUa,-99) (DRPAa,-99)
-----
ATT:(ATT,0) (UGA,-99) (GSAT,-99) (CMCT,-99) (TWC,-99) (VONA,-99) (VZ,-99) (VZb,-99) (ATTb,-99) (OSU,-99) (UCc,-99) (UC,-99) (PTGN,-99) (UGAb,-99) (GSATb,-99) (CMCTb,-99) (GTc,-99) (OSUc,-99) (GTb,-99) (GT,-99) (EGLN,-99) (GTa,-99) (DRPA,-99) (UCa,-99) (EGLNa,-99) (TWCb,-99) (VONAb,-99) (UCb,-99) (EGLNb,-99) (EGLNc,-99) (PTGNc,-99) (OSUb,-99) (DRPAb,-99) (DRPAc,-99) (OSUa,-99) (DRPAa,-99) (VONAc,-99) (PTGNb,-99) (CMCTc,-99) (PTGNa,-99) (CMCTa,-99) (VZc,-99) (GSATc,-99) (ATTc,-99) (TWCc,-99) (VONAa,-99) (ATTa,-99) (TWCa,-99)
ATTa:(ATTa,0) (UGAa,-99) (GSATa,-99) (CMCTa,-99) (TWCa,-99) (VONAa,-99) (VZa,-99)
ATTb:(ATTb,0) (UGAb,-99) (GSATb,-99) (CMCTb,-99) (TWCb,-99) (VONAb,-99) (VZb,-99) (CMCT,-99) (OSU,-99) (UCc,-99) (UC,-99) (PTGN,-99) (ATT,-99) (TWC,-99) (GTc,-99) (OSUc,-99) (GTb,-99) (GT,-99) (VONA,-99) (EGLN,-99) (GTa,-99) (DRPA,-99) (UCa,-99) (EGLNa,-99) (UGA,-99) (GSAT,-99) (UCb,-99) (EGLNb,-99) (EGLNc,-99) (PTGNc,-99) (OSUb,-99) (DRPAb,-99) (DRPAc,-99) (VZ,-99) (OSUa,-99) (DRPAa,-99) (VONAc,-99) (PTGNb,-99) (CMCTc,-99) (PTGNa,-99) (CMCTa,-99) (VZc,-99) (GSATc,-99) (ATTc,-99) (TWCc,-99) (VONAa,-99) (ATTa,-99) (TWCa,-99) (UGAc,-99) (VZa,-99) (GSATa,-99) (UGAa,-99)
ATTc:(ATTc,0) (UGAc,-99) (GSATc,-99) (CMCTc,-99) (TWCc,-99) (VONAc,-99) (VZc,-99) (UCb,-99) (GTb,-99) (OSUb,-99) (EGLNb,-99) (PTGNb,-99) (DRPAb,-99) (VONAb,-99) (CMCTb,-99) (VZb,-99) (GSATb,-99) (ATTb,-99) (TWCb,-99) (CMCT,-99) (OSU,-99) (UCc,-99) (UGAb,-99) (UC,-99) (PTGN,-99) (ATT,-99) (TWC,-99) (GTc,-99) (OSUc,-99) (GT,-99) (VONA,-99) (EGLN,-99) (GTa,-99) (DRPA,-99) (UCa,-99) (EGLNa,-99) (UGA,-99) (GSAT,-99)
CMCT:(CMCT,0) (ATT,-99) (TWC,-99) (VONA,-99) (UGA,-99) (GSAT,-99) (VZ,-99) (VZb,-99) (ATTb,-99) (OSU,-99) (UCc,-99) (UC,-99) (PTGN,-99) (UGAb,-99) (GSATb,-99) (CMCTb,-99) (GTc,-99) (OSUc,-99) (GTb,-99) (GT,-99) (EGLN,-99) (GTa,-99) (DRPA,-99) (UCa,-99) (EGLNa,-99) (TWCb,-99) (VONAb,-99) (UCb,-99) (EGLNb,-99) (EGLNc,-99) (PTGNc,-99) (OSUb,-99) (DRPAb,-99) (DRPAc,-99) (OSUa,-99) (DRPAa,-99) (VONAc,-99) (PTGNb,-99) (CMCTc,-99) (PTGNa,-99) (CMCTa,-99)
CMCTa:(CMCTa,0) (ATTa,-99) (TWCa,-99) (VONAa,-99) (UGAa,-99) (GSATa,-99) (VZa,-99)
CMCTb:(CMCTb,0) (ATTb,-99) (TWCb,-99) (VONAb,-99) (UGAb,-99) (GSATb,-99) (VZb,-99) (CMCT,-99) (OSU,-99) (UCc,-99) (UC,-99) (PTGN,-99) (ATT,-99) (TWC,-99) (GTc,-99) (OSUc,-99) (GTb,-99) (GT,-99) (VONA,-99) (EGLN,-99) (GTa,-99) (DRPA,-99) (UCa,-99) (EGLNa,-99) (UGA,-99) (GSAT,-99) (UCb,-99) (EGLNb,-99) (EGLNc,-99) (PTGNc,-99) (OSUb,-99) (DRPAb,-99) (DRPAc,-99) (VZ,-99) (OSUa,-99) (DRPAa,-99) (VONAc,-99) (PTGNb,-99) (CMCTc,-99) (PTGNa,-99) (CMCTa,-99) (VZc,-99) (GSATc,-99) (ATTc,-99) (TWCc,-99) (VONAa,-99) (ATTa,-99) (TWCa,-99)
CMCTc:(CMCTc,0) (ATTc,-99) (TWCc,-99) (VONAc,-99) (UGAc,-99) (GSATc,-99) (VZc,-99) (UCb,-99) (GTb,-99) (OSUb,-99) (EGLNb,-99) (PTGNb,-99) (DRPAb,-99) (VONAb,-99) (CMCTb,-99) (VZb,-99) (GSATb,-99) (ATTb,-99) (TWCb,-99) (CMCT,-99) (OSU,-99) (UCc,-99) (UGAb,-99)
DRPA:(DRPA,0) (EGLN,-99) (CMCT,-99) (GT,-99) (ATT,-99) (TWC,-99) (UC,-99) (GTa,-99) (OSU,-99) (UCa,-99) (EGLNa,-99) (VONA,-99) (UGA,-99) (GSAT,-99) (PTGN,-99) (OSUa,-99) (DRPAa,-99) (VZ,-99) (PTGNa,-99) (CMCTa,-99) (VZb,-99) (VONAa,-99) (ATTa,-99) (TWCa,-99) (ATTb,-99) (UCc,-99) (VZa,-99) (GSATa,-99) (UGAa,-99) (UGAb,-99) (GSATb,-99) (CMCTb,-99) (GTc,-99) (OSUc,-99) (GTb,-99) (TWCb,-99) (VONAb,-99) (UCb,-99) (EGLNb,-99) (EGLNc,-99) (PTGNc,-99) (OSUb,-99) (DRPAb,-99) (DRPAc,-99)
DRPAa:(DRPAa,0) (EGLNa,1) (CMCTa,-99) (GTa,-99) (ATTa,-99) (TWCa,-99) (UCa,-99) (GT,-99) (UC,-99) (EGLN,-99) (OSUa,-99) (OSU,-99) (DRPA,-99) (VONAa,-99) (UGAa,-99) (GSATa,-99) (PTGNa,-99) (PTGN,-99) (CMCT,-99) (VZa,-99) (VONA,-99) (ATT,-99) (TWC,-99) (VZ,-99) (GSAT,-99) (UGA,-99) (VZb,-99) (ATTb,-99) (UCc,-99) (UGAb,-99) (GSATb,-99) (CMCTb,-99) (GTc,-99) (OSUc,-99) (GTb,-99)
DRPAb:(DRPAb,0) (EGLNb,-99) (CMCTb,-99) (GTb,-99) (ATTb,-99) (TWCb,-99) (UCb,-99) (OSUb,-99) (VONAb,-99) (UGAb,-99) (GSATb,-99) (PTGNb,-99) (VZb,-99) (CMCT,-99) (OSU,-99) (UCc,-99) (UC,-99) (PTGN,-99) (ATT,-99) (TWC,-99) (GTc,-99) (OSUc,-99) (GT,-99) (VONA,-99) (EGLN,-99) (GTa,-99) (DRPA,-99) (UCa,-99) (EGLNa,-99) (UGA,-99) (GSAT,-99) (EGLNc,-99) (PTGNc,-99) (DRPAc,-99) (VZ,-99) (OSUa,-99) (DRPAa,-99) (VONAc,-99) (CMCTc,-99) (PTGNa,-99) (CMCTa,-99)
DRPAc:(DRPAc,0) (EGLNc,1) (CMCTc,-99) (GTc,-99) (ATTc,-99) (TWCc,-99) (UCc,-99) (OSUc,-99) (OSU,-99) (GTb,-99) (VONAc,-99) (UGAc,-99) (GSATc,-99) (UC,-99) (PTGN,-99) (UCb,-99) (EGLNb,-99) (PTGNc,-99) (GT,-99) (VONA,-99) (EGLN,-99) (GTa,-99) (DRPA,-99) (UCa,-99) (EGLNa,-99) (OSUb,-99) (DRPAb,-99) (VZc,-99) (VZ,-99) (GSAT,-99) (CMCT,-99) (OSUa,-99) (DRPAa,-99) (PTGNb,-99) (CMCTb,-99) (ATT,-99) (VZb,-99) (UGA,-99) (TWC,-99) (PTGNa,-99) (CMCTa,-99) (VONAb,-99) (ATTb,-99) (TWCb,-99) (VONAa,-99) (ATTa,-99) (TWCa,-99) (GSATb,-99) (UGAb,-99) (VZa,-99) (GSATa,-99) (UGAa,-99)
EGLN:(EGLN,0) (GT,-99) (DRPA,-99) (UC,-99) (GTa,-99) (CMCT,-99) (OSU,-99) (UCa,-99) (EGLNa,-99) (ATT,-99) (TWC,-99) (PTGN,-99) (OSUa,-99) (DRPAa,-99) (VONA,-99) (UGA,-99) (GSAT,-99) (PTGNa,-99) (CMCTa,-99) (VZ,-99) (VONAa,-99) (ATTa,-99) (TWCa,-99) (VZb,-99) (VZa,-99) (GSATa,-99) (UGAa,-99) (ATTb,-99) (UCc,-99) (UGAb,-99) (GSATb,-99) (CMCTb,-99) (GTc,-99) (OSUc,-99) (GTb,-99)
EGLNa:(EGLNa,0) (GTa,-99) (DRPAa,-99) (UCa,-99) (GT,-99) (CMCTa,-99) (UC,-99) (EGLN,-99) (OSUa,-99) (OSU,-99) (DRPA,-99) (ATTa,-99) (TWCa,-99) (PTGNa,-99) (PTGN,-99) (CMCT,-99) (VONAa,-99) (UGAa,-99) (GSATa,-99) (VONA,-99) (ATT,-99) (TWC,-99) (VZa,-99) (VZ,-99) (GSAT,-99) (UGA,-99) (VZb,-99) (ATTb,-99) (UCc,-99) (UGAb,-99) (GSATb,-99) (CMCTb,-99) (GTc,-99) (OSUc,-99) (GTb,-99)
EGLNb:(EGLNb,0) (GTb,-99) (DRPAb,-99) (UCb,-99) (CMCTb,-99) (OSUb,-99) (ATTb,-99) (TWCb,-99) (PTGNb,-99) (VONAb,-99) (UGAb,-99) (GSATb,-99) (VZb,-99) (CMCT,-99) (OSU,-99) (UCc,-99) (UC,-99) (PTGN,-99) (ATT,-99) (TWC,-99) (GTc,-99) (OSUc,-99) (GT,-99) (VONA,-99) (EGLN,-99) (GTa,-99) (DRPA,-99) (UCa,-99) (EGLNa,-99) (UGA,-99) (GSAT,-99) (EGLNc,-99) (PTGNc,-99) (DRPAc,-99) (VZ,-99) (OSUa,-99) (DRPAa,-99)
EGLNc:(EGLNc,0) (GTc,-99) (DRPAc,-99) (UCc,-99) (CMCTc,-99) (OSUc,-99) (OSU,-99) (GTb,-99) (ATTc,-99) (TWCc,-99) (UC,-99) (PTGN,-99) (UCb,-99) (EGLNb,-99) (PTGNc,-99) (GT,-99) (VONA,-99) (EGLN,-99) (GTa,-99) (DRPA,-99) (UCa,-99) (EGLNa,-99) (OSUb,-99) (DRPAb,-99) (VONAc,-99) (UGAc,-99) (GSATc,-99) (VZ,-99) (GSAT,-99) (CMCT,-99) (OSUa,-99) (DRPAa,-99) (PTGNb,-99) (CMCTb,-99) (VZc,-99) (ATT,-99) (VZb,-99) (UGA,-99) (TWC,-99) (PTGNa,-99) (CMCTa,-99) (VONAb,-99) (ATTb,-99) (TWCb,-99) (VONAa,-99) (ATTa,-99) (TWCa,-99) (GSATb,-99) (UGAb,-99) (VZa,-99) (GSATa,-99) (UGAa,-99)
GSAT:(GSAT,0) (VONA,-99) (UGA,-99) (VZ,-99) (ATT,-99) (VZb,-99) (CMCT,-99) (TWC,-99) (ATTb,-99) (OSU,-99) (UCc,-99) (UC,-99) (PTGN,-99) (UGAb,-99) (GSATb,-99) (CMCTb,-99) (GTc,-99) (OSUc,-99) (GTb,-99) (GT,-99) (EGLN,-99) (GTa,-99) (DRPA,-99) (UCa,-99) (EGLNa,-99) (TWCb,-99) (VONAb,-99) (UCb,-99) (EGLNb,-99) (EGLNc,-99) (PTGNc,-99) (OSUb,-99) (DRPAb,-99) (DRPAc,-99) (OSUa,-99) (DRPAa,-99) (VONAc,-99) (PTGNb,-99) (CMCTc,-99) (PTGNa,-99) (CMCTa,-99) (VZc,-99) (GSATc,-99) (ATTc,-99) (TWCc,-99) (VONAa,-99) (ATTa,-99) (TWCa,-99) (UGAc,-99) (VZa,-99) (GSATa,-99) (UGAa,-99)
GSATa:(GSATa,0) (VONAa,-99) (UGAa,-99) (VZa,-99) (ATTa,-99) (CMCTa,-99) (TWCa,-99)
GSATb:(GSATb,0) (VONAb,-99) (UGAb,-99) (VZb,-99) (ATTb,-99) (CMCT,-99) (OSU,-99) (UCc,-99) (CMCTb,-99) (TWCb,-99) (UC,-99) (PTGN,-99) (ATT,-99) (TWC,-99) (GTc,-99) (OSUc,-99) (GTb,-99) (GT,-99) (VONA,-99) (EGLN,-99) (GTa,-99) (DRPA,-99) (UCa,-99) (EGLNa,-99) (UGA,-99) (GSAT,-99) (UCb,-99) (EGLNb,-99) (EGLNc,-99) (PTGNc,-99) (OSUb,-99) (DRPAb,-99) (DRPAc,-99) (VZ,-99) (OSUa,-99) (DRPAa,-99) (VONAc,-99) (PTGNb,-99) (CMCTc,-99) (PTGNa,-99) (CMCTa,-99) (VZc,-99) (GSATc,-99) (ATTc,-99) (TWCc,-99) (VONAa,-99) (ATTa,-99) (TWCa,-99) (UGAc,-99) (VZa,-99) (GSATa,-99) (UGAa,-99)
GSATc:(GSATc,0) (VONAc,-99) (UGAc,-99) (VZc,-99) (ATTc,-99) (UCb,-99) (CMCTc,-99) (TWCc,-99) (GTb,-99) (OSUb,-99) (EGLNb,-99) (PTGNb,-99) (DRPAb,-99) (VONAb,-99) (CMCTb,-99) (VZb,-99) (GSATb,-99) (ATTb,-99) (TWCb,-99) (CMCT,-99) (OSU,-99) (UCc,-99) (UGAb,-99) (UC,-99) (PTGN,-99) (ATT,-99) (TWC,-99) (GTc,-99) (OSUc,-99) (GT,-99) (VONA,-99) (EGLN,-99) (GTa,-99) (DRPA,-99) (UCa,-99) (EGLNa,-99) (UGA,-99) (GSAT,-99) (EGLNc,-99) (PTGNc,-99) (DRPAc,-99) (VZ,-99) (OSUa,-99) (DRPAa,-99)
GT:(GT,0) (UC,-99) (EGLN,-99) (GTa,-99) (OSU,-99) (DRPA,-99) (UCa,-99) (EGLNa,-99) (PTGN,-99) (CMCT,-99) (OSUa,-99) (DRPAa,-99) (VONA,-99) (ATT,-99) (TWC,-99) (PTGNa,-99) (CMCTa,-99) (VZ,-99) (GSAT,-99) (UGA,-99) (VONAa,-99) (ATTa,-99) (TWCa,-99) (VZb,-99) (VZa,-99) (GSATa,-99) (UGAa,-99) (ATTb,-99) (UCc,-99) (UGAb,-99) (GSATb,-99) (CMCTb,-99) (GTc,-99) (OSUc,-99) (GTb,-99)
GTa:(GTa,0) (UCa,-99) (EGLNa,-99) (GT,-99) (UC,-99) (EGLN,-99) (OSUa,-99) (DRPAa,-99) (OSU,-99) (DRPA,-99) (PTGNa,-99) (CMCTa,-99) (PTGN,-99) (CMCT,-99) (VONAa,-99) (ATTa,-99) (TWCa,-99) (VONA,-99) (ATT,-99) (TWC,-99) (VZa,-99) (GSATa,-99) (UGAa,-99) (VZ,-99) (GSAT,-99) (UGA,-99) (VZb,-99) (ATTb,-99) (UCc,-99) (UGAb,-99) (GSATb,-99) (CMCTb,-99) (GTc,-99) (OSUc,-99) (GTb,-99)
GTb:(GTb,0) (UCb,-99) (EGLNb,2) (OSUb,-99) (DRPAb,-99) (PTGNb,-99) (CMCTb,-99) (VONAb,-99) (ATTb,-99) (TWCb,-99) (VZb,-99) (GSATb,-99) (UGAb,-99) (CMCT,-99) (OSU,-99) (UCc,-99) (UC,-99) (PTGN,-99) (ATT,-99) (TWC,-99) (GTc,-99) (OSUc,-99) (GT,-99) (VONA,-99) (EGLN,-99) (GTa,-99) (DRPA,-99) (UCa,-99) (EGLNa,-99) (UGA,-99) (GSAT,-99) (EGLNc,15) (PTGNc,15) (DRPAc,16) (VZ,26) (OSUa,-99) (DRPAa,-99)
GTc:(GTc,0) (UCc,-99) (EGLNc,-99) (OSUc,-99) (OSU,-99) (GTb,-99) (DRPAc,-99) (UC,-99) (PTGN,-99) (UCb,-99) (EGLNb,-99) (PTGNc,-99) (GT,-99) (VONA,-99) (EGLN,-99) (GTa,-99) (DRPA,-99) (UCa,-99) (EGLNa,-99) (OSUb,-99) (DRPAb,-99) (CMCTc,-99) (VONAc,-99) (VZ,-99) (GSAT,-99) (CMCT,-99) (OSUa,-99) (DRPAa,-99) (PTGNb,-99) (CMCTb,-99) (ATTc,-99) (TWCc,-99) (VZc,-99) (GSATc,-99) (ATT,-99) (VZb,-99) (UGA,-99) (TWC,-99) (PTGNa,-99) (CMCTa,-99) (VONAb,-99) (ATTb,-99) (TWCb,-99) (UGAc,-99) (VONAa,-99) (ATTa,-99) (TWCa,-99) (GSATb,-99) (UGAb,-99) (VZa,-99) (GSATa,-99) (UGAa,-99)
OSU:(OSU,0) (UC,-99) (PTGN,-99) (GT,-99) (VONA,-99) (EGLN,-99) (GTa,-99) (DRPA,-99) (UCa,-99) (EGLNa,-99) (VZ,-99) (GSAT,-99) (CMCT,-99) (OSUa,-99) (DRPAa,-99) (ATT,-99) (VZb,-99) (UGA,-99) (TWC,-99) (PTGNa,-99) (CMCTa,-99) (ATTb,-99) (UCc,-99) (VONAa,-99) (ATTa,-99) (TWCa,-99) (UGAb,-99) (GSATb,-99) (CMCTb,-99) (GTc,-99) (OSUc,-99) (GTb,-99) (VZa,-99) (GSATa,-99) (UGAa,-99) (TWCb,-99) (VONAb,-99) (UCb,-99) (EGLNb,-99) (EGLNc,-99) (PTGNc,-99) (OSUb,-99) (DRPAb,-99) (DRPAc,-99) (VONAc,-99) (PTGNb,-99) (CMCTc,-99)
OSUa:(OSUa,0) (UCa,-99) (PTGNa,-99) (GTa,-99) (VONAa,-99) (EGLNa,-99) (GT,-99) (UC,-99) (EGLN,-99) (DRPAa,-99) (OSU,-99) (DRPA,-99) (VZa,-99) (GSATa,-99) (CMCTa,-99) (PTGN,-99) (CMCT,-99) (ATTa,-99) (UGAa,-99) (TWCa,-99) (VONA,-99) (ATT,-99) (TWC,-99) (VZ,-99) (GSAT,-99) (UGA,-99) (VZb,-99) (ATTb,-99) (UCc,-99) (UGAb,-99) (GSATb,-99) (CMCTb,-99) (GTc,-99) (OSUc,-99) (GTb,-99)
OSUb:(OSUb,0) (UCb,-99) (PTGNb,-99) (GTb,-99) (VONAb,-99) (EGLNb,-99) (DRPAb,-99) (VZb,-99) (GSATb,-99) (CMCTb,-99) (ATTb,-99) (CMCT,-99) (OSU,-99) (UCc,-99) (UGAb,-99) (TWCb,-99) (UC,-99) (PTGN,-99) (ATT,-99) (TWC,-99) (GTc,-99) (OSUc,-99) (GT,-99) (VONA,-99) (EGLN,-99) (GTa,-99) (DRPA,-99) (UCa,-99) (EGLNa,-99) (UGA,-99) (GSAT,-99) (EGLNc,-99) (PTGNc,-99) (DRPAc,-99) (VZ,-99) (OSUa,-99) (DRPAa,-99) (VONAc,-99) (CMCTc,-99) (PTGNa,-99) (CMCTa,-99) (VZc,-99) (GSATc,-99) (ATTc,-99) (TWCc,-99) (VONAa,-99) (ATTa,-99) (TWCa,-99)
OSUc:(OSUc,0) (UCc,-99) (PTGNc,-99) (GTc,-99) (OSU,-99) (GTb,-99) (VONAc,-99) (UC,-99) (PTGN,-99) (UCb,-99) (EGLNb,-99) (EGLNc,-99) (GT,-99) (VONA,-99) (EGLN,-99) (GTa,-99) (DRPA,-99) (UCa,-99) (EGLNa,-99) (OSUb,-99) (DRPAb,-99) (DRPAc,-99) (VZc,-99) (GSATc,-99) (VZ,-99) (GSAT,-99) (CMCT,-99) (OSUa,-99) (DRPAa,-99) (PTGNb,-99) (CMCTb,-99) (CMCTc,-99) (ATTc,-99) (UGAc,-99) (ATT,-99) (VZb,-99) (UGA,-99) (TWC,-99) (PTGNa,-99) (CMCTa,-99) (VONAb,-99) (ATTb,-99) (TWCb,-99) (TWCc,-99) (VONAa,-99) (ATTa,-99) (TWCa,-99) (GSATb,-99) (UGAb,-99) (VZa,-99) (GSATa,-99) (UGAa,-99)
PTGN:(PTGN,0) (OSU,-99) (VONA,-99) (UC,-99) (VZ,-99) (GSAT,-99) (GT,-99) (EGLN,-99) (GTa,-99) (DRPA,-99) (UCa,-99) (EGLNa,-99) (ATT,-99) (VZb,-99) (UGA,-99) (CMCT,-99) (OSUa,-99) (DRPAa,-99) (ATTb,-99) (UCc,-99) (TWC,-99) (PTGNa,-99) (CMCTa,-99) (UGAb,-99) (GSATb,-99) (CMCTb,-99) (GTc,-99) (OSUc,-99) (GTb,-99) (VONAa,-99) (ATTa,-99) (TWCa,-99) (TWCb,-99) (VONAb,-99) (UCb,-99) (EGLNb,-99) (EGLNc,-99) (PTGNc,-99) (OSUb,-99) (DRPAb,-99) (DRPAc,-99) (VZa,-99) (GSATa,-99) (UGAa,-99) (VONAc,-99) (PTGNb,-99) (CMCTc,-99) (VZc,-99) (GSATc,-99) (ATTc,-99) (TWCc,-99)
PTGNa:(PTGNa,0) (OSUa,-1) (VONAa,-99) (UCa,-99) (VZa,-99) (GSATa,-99) (GTa,-99) (EGLNa,-99) (GT,-99) (UC,-99) (EGLN,-99) (DRPAa,-99) (OSU,-99) (DRPA,-99) (ATTa,-99) (UGAa,-99) (CMCTa,-99) (PTGN,-99) (CMCT,-99) (TWCa,-99) (VONA,-99) (ATT,-99) (TWC,-99) (VZ,-99) (GSAT,-99) (UGA,-99) (VZb,-99) (ATTb,-99) (UCc,-99) (UGAb,-99) (GSATb,-99) (CMCTb,-99) (GTc,-99) (OSUc,-99) (GTb,-99)
PTGNb:(PTGNb,0) (OSUb,-99) (VONAb,-99) (UCb,-99) (VZb,-99) (GSATb,-99) (GTb,-99) (EGLNb,-99) (DRPAb,-99) (ATTb,-99) (CMCT,-99) (OSU,-99) (UCc,-99) (UGAb,-99) (CMCTb,-99) (UC,-99) (PTGN,-99) (ATT,-99) (TWC,-99) (GTc,-99) (OSUc,-99) (GT,-99) (VONA,-99) (EGLN,-99) (GTa,-99) (DRPA,-99) (UCa,-99) (EGLNa,-99) (UGA,-99) (GSAT,-99) (TWCb,-99) (EGLNc,-99) (PTGNc,-99) (DRPAc,-99) (VZ,-99) (OSUa,-99) (DRPAa,-99) (VONAc,-99) (CMCTc,-99) (PTGNa,-99) (CMCTa,-99) (VZc,-99) (GSATc,-99) (ATTc,-99) (TWCc,-99) (VONAa,-99) (ATTa,-99) (TWCa,-99) (UGAc,-99) (VZa,-99) (GSATa,-99) (UGAa,-99)
PTGNc:(PTGNc,0) (OSUc,-99) (VONAc,-99) (UCc,-99) (VZc,-99) (GSATc,-99) (GTc,-99) (OSU,-99) (GTb,-99) (UC,-99) (PTGN,-99) (UCb,-99) (EGLNb,-99) (EGLNc,-99) (GT,-99) (VONA,-99) (EGLN,-99) (GTa,-99) (DRPA,-99) (UCa,-99) (EGLNa,-99) (OSUb,-99) (DRPAb,-99) (DRPAc,-99) (ATTc,-99) (UGAc,-99) (VZ,-99) (GSAT,-99) (CMCT,-99) (OSUa,-99) (DRPAa,-99) (PTGNb,-99) (CMCTb,-99) (CMCTc,-99) (ATT,-99) (VZb,-99) (UGA,-99) (TWC,-99) (PTGNa,-99) (CMCTa,-99) (VONAb,-99) (ATTb,-99) (TWCb,-99) (TWCc,-99) (VONAa,-99) (ATTa,-99) (TWCa,-99) (GSATb,-99) (UGAb,-99) (VZa,-99) (GSATa,-99) (UGAa,-99)
TWC:(TWC,0) (CMCT,-99) (VONA,-99) (ATT,-99) (VZ,-99) (GSAT,-99) (UGA,-99) (VZb,-99) (ATTb,-99) (OSU,-99) (UCc,-99) (UC,-99) (PTGN,-99) (UGAb,-99) (GSATb,-99) (CMCTb,-99) (GTc,-99) (OSUc,-99) (GTb,-99) (GT,-99) (EGLN,-99) (GTa,-99) (DRPA,-99) (UCa,-99) (EGLNa,-99) (TWCb,-99) (VONAb,-99) (UCb,-99) (EGLNb,-99) (EGLNc,-99) (PTGNc,-99) (OSUb,-99) (DRPAb,-99) (DRPAc,-99) (OSUa,-99) (DRPAa,-99) (VONAc,-99) (PTGNb,-99) (CMCTc,-99) (PTGNa,-99) (CMCTa,-99) (VZc,-99) (GSATc,-99) (ATTc,-99) (TWCc,-99) (VONAa,-99) (ATTa,-99) (TWCa,-99)
TWCa:(TWCa,0) (CMCTa,-99) (VONAa,-99) (ATTa,-99) (VZa,-99) (GSATa,-99) (UGAa,-99)
TWCb:(TWCb,0) (CMCTb,-99) (VONAb,-99) (ATTb,-99) (VZb,-99) (GSATb,-99) (UGAb,-99) (CMCT,-99) (OSU,-99) (UCc,-99) (UC,-99) (PTGN,-99) (ATT,-99) (TWC,-99) (GTc,-99) (OSUc,-99) (GTb,-99) (GT,-99) (VONA,-99) (EGLN,-99) (GTa,-99) (DRPA,-99) (UCa,-99) (EGLNa,-99) (UGA,-99) (GSAT,-99) (UCb,-99) (EGLNb,-99) (EGLNc,-99) (PTGNc,-99) (OSUb,-99) (DRPAb,-99) (DRPAc,-99) (VZ,-99) (OSUa,-99) (DRPAa,-99) (VONAc,-99) (PTGNb,-99) (CMCTc,-99) (PTGNa,-99) (CMCTa,-99) (VZc,-99) (GSATc,-99) (ATTc,-99) (TWCc,-99) (VONAa,-99) (ATTa,-99) (TWCa,-99) (UGAc,-99) (VZa,-99) (GSATa,-99) (UGAa,-99)
TWCc:(TWCc,0) (CMCTc,-99) (VONAc,-99) (ATTc,-99) (VZc,-99) (GSATc,-99) (UGAc,-99) (UCb,-99) (GTb,-99) (OSUb,-99) (EGLNb,-99) (PTGNb,-99) (DRPAb,-99) (VONAb,-99) (CMCTb,-99) (VZb,-99) (GSATb,-99) (ATTb,-99) (TWCb,-99) (CMCT,-99) (OSU,-99) (UCc,-99) (UGAb,-99) (UC,-99) (PTGN,-99) (ATT,-99) (TWC,-99) (GTc,-99) (OSUc,-99) (GT,-99) (VONA,-99) (EGLN,-99) (GTa,-99) (DRPA,-99) (UCa,-99) (EGLNa,-99) (UGA,-99) (GSAT,-99)
UC:(UC,0) (GT,-99) (OSU,-99) (EGLN,-99) (GTa,-99) (PTGN,-99) (DRPA,-99) (UCa,-99) (EGLNa,-99) (VONA,-99) (CMCT,-99) (OSUa,-99) (DRPAa,-99) (VZ,-99) (GSAT,-99) (ATT,-99) (TWC,-99) (PTGNa,-99) (CMCTa,-99) (VZb,-99) (UGA,-99) (VONAa,-99) (ATTa,-99) (TWCa,-99) (ATTb,-99) (UCc,-99) (VZa,-99) (GSATa,-99) (UGAa,-99) (UGAb,-99) (GSATb,-99) (CMCTb,-99) (GTc,-99) (OSUc,-99) (GTb,-99) (TWCb,-99) (VONAb,-99) (UCb,-99) (EGLNb,-99) (EGLNc,-99) (PTGNc,-99) (OSUb,-99) (DRPAb,-99) (DRPAc,-99)
UCa:(UCa,0) (GTa,-99) (OSUa,-99) (EGLNa,-99) (GT,-99) (PTGNa,-99) (UC,-99) (EGLN,-99) (DRPAa,-99) (OSU,-99) (DRPA,-99) (VONAa,-99) (CMCTa,-99) (PTGN,-99) (CMCT,-99) (VZa,-99) (GSATa,-99) (ATTa,-99) (TWCa,-99) (VONA,-99) (ATT,-99) (TWC,-99) (UGAa,-99) (VZ,-99) (GSAT,-99) (UGA,-99) (VZb,-99) (ATTb,-99) (UCc,-99) (UGAb,-99) (GSATb,-99) (CMCTb,-99) (GTc,-99) (OSUc,-99) (GTb,-99)
UCb:(UCb,0) (GTb,0) (OSUb,-99) (EGLNb,2) (PTGNb,-99) (DRPAb,-99) (VONAb,-99) (CMCTb,-99) (VZb,-99) (GSATb,-99) (ATTb,-99) (TWCb,-99) (CMCT,-99) (OSU,-99) (UCc,-99) (UGAb,-99) (UC,-99) (PTGN,-99) (ATT,-99) (TWC,-99) (GTc,-99) (OSUc,-99) (GT,-99) (VONA,-99) (EGLN,-99) (GTa,-99) (DRPA,-99) (UCa,-99) (EGLNa,-99) (UGA,-99) (GSAT,-99) (EGLNc,9) (PTGNc,9) (DRPAc,10) (VZ,-99) (OSUa,-99) (DRPAa,-99) (VONAc,15) (CMCTc,25) (PTGNa,-99) (CMCTa,-99)
UCc:(UCc,0) (GTc,-99) (OSUc,-99) (OSU,-99) (GTb,-99) (UC,-99) (PTGN,-99) (UCb,-99) (EGLNb,-99) (EGLNc,-99) (PTGNc,-99) (GT,-99) (VONA,-99) (EGLN,-99) (GTa,-99) (DRPA,-99) (UCa,-99) (EGLNa,-99) (OSUb,-99) (DRPAb,-99) (DRPAc,-99) (VONAc,-99) (VZ,-99) (GSAT,-99) (CMCT,-99) (OSUa,-99) (DRPAa,-99) (PTGNb,-99) (CMCTb,-99) (CMCTc,-99) (VZc,-99) (GSATc,-99) (ATT,-99) (VZb,-99) (UGA,-99) (TWC,-99) (PTGNa,-99) (CMCTa,-99) (VONAb,-99) (ATTb,-99) (TWCb,-99) (ATTc,-99) (TWCc,-99) (UGAc,-99) (VONAa,-99) (ATTa,-99) (TWCa,-99) (GSATb,-99) (UGAb,-99) (VZa,-99) (GSATa,-99) (UGAa,-99)
UGA:(UGA,0) (ATT,-99) (GSAT,-99) (CMCT,-99) (VONA,-99) (TWC,-99) (VZ,-99) (VZb,-99) (ATTb,-99) (OSU,-99) (UCc,-99) (UC,-99) (PTGN,-99) (UGAb,-99) (GSATb,-99) (CMCTb,-99) (GTc,-99) (OSUc,-99) (GTb,-99) (GT,-99) (EGLN,-99) (GTa,-99) (DRPA,-99) (UCa,-99) (EGLNa,-99) (TWCb,-99) (VONAb,-99) (UCb,-99) (EGLNb,-99) (EGLNc,-99) (PTGNc,-99) (OSUb,-99) (DRPAb,-99) (DRPAc,-99) (OSUa,-99) (DRPAa,-99) (VONAc,-99) (PTGNb,-99) (CMCTc,-99) (PTGNa,-99) (CMCTa,-99) (VZc,-99) (GSATc,-99) (ATTc,-99) (TWCc,-99) (VONAa,-99) (ATTa,-99) (TWCa,-99) (UGAc,-99) (VZa,-99) (GSATa,-99) (UGAa,-99)
UGAa:(UGAa,0) (ATTa,-99) (GSATa,-99) (CMCTa,-99) (VONAa,-99) (TWCa,-99) (VZa,-99)
UGAb:(UGAb,0) (ATTb,-99) (GSATb,-99) (CMCTb,-99) (VONAb,-99) (TWCb,-99) (VZb,-99) (CMCT,-99) (OSU,-99) (UCc,-99) (UC,-99) (PTGN,-99) (ATT,-99) (TWC,-99) (GTc,-99) (OSUc,-99) (GTb,-99) (GT,-99) (VONA,-99) (EGLN,-99) (GTa,-99) (DRPA,-99) (UCa,-99) (EGLNa,-99) (UGA,-99) (GSAT,-99) (UCb,-99) (EGLNb,-99) (EGLNc,-99) (PTGNc,-99) (OSUb,-99) (DRPAb,-99) (DRPAc,-99) (VZ,-99) (OSUa,-99) (DRPAa,-99) (VONAc,-99) (PTGNb,-99) (CMCTc,-99) (PTGNa,-99) (CMCTa,-99) (VZc,-99) (GSATc,-99) (ATTc,-99) (TWCc,-99) (VONAa,-99) (ATTa,-99) (TWCa,-99) (UGAc,-99) (VZa,-99) (GSATa,-99) (UGAa,-99)
UGAc:(UGAc,0) (ATTc,-99) (GSATc,-99) (CMCTc,-99) (VONAc,-99) (TWCc,-99) (VZc,-99) (UCb,-99) (GTb,-99) (OSUb,-99) (EGLNb,-99) (PTGNb,-99) (DRPAb,-99) (VONAb,-99) (CMCTb,-99) (VZb,-99) (GSATb,-99) (ATTb,-99) (TWCb,-99) (CMCT,-99) (OSU,-99) (UCc,-99) (UGAb,-99) (UC,-99) (PTGN,-99) (ATT,-99) (TWC,-99) (GTc,-99) (OSUc,-99) (GT,-99) (VONA,-99) (EGLN,-99) (GTa,-99) (DRPA,-99) (UCa,-99) (EGLNa,-99) (UGA,-99) (GSAT,-99) (EGLNc,-99) (PTGNc,-99) (DRPAc,-99) (VZ,-99) (OSUa,-99) (DRPAa,-99)
VONA:(VONA,0) (VZ,-99) (GSAT,-99) (ATT,-99) (VZb,-99) (UGA,-99) (CMCT,-99) (ATTb,-99) (OSU,-99) (UCc,-99) (TWC,-99) (UC,-99) (PTGN,-99) (UGAb,-99) (GSATb,-99) (CMCTb,-99) (GTc,-99) (OSUc,-99) (GTb,-99) (GT,-99) (EGLN,-99) (GTa,-99) (DRPA,-99) (UCa,-99) (EGLNa,-99) (TWCb,-99) (VONAb,-99) (UCb,-99) (EGLNb,-99) (EGLNc,-99) (PTGNc,-99) (OSUb,-99) (DRPAb,-99) (DRPAc,-99) (OSUa,-99) (DRPAa,-99) (VONAc,-99) (PTGNb,-99) (CMCTc,-99) (PTGNa,-99) (CMCTa,-99) (VZc,-99) (GSATc,-99) (ATTc,-99) (TWCc,-99) (VONAa,-99) (ATTa,-99) (TWCa,-99) (UGAc,-99) (VZa,-99) (GSATa,-99) (UGAa,-99)
VONAa:(VONAa,0) (VZa,-99) (GSATa,-99) (ATTa,-99) (UGAa,-99) (CMCTa,-99) (TWCa,-99)
VONAb:(VONAb,0) (VZb,-99) (GSATb,-99) (ATTb,-99) (CMCT,-99) (OSU,-99) (UCc,-99) (UGAb,-99) (UC,-99) (PTGN,-99) (ATT,-99) (TWC,-99) (CMCTb,-99) (GTc,-99) (OSUc,-99) (GTb,-99) (GT,-99) (VONA,-99) (EGLN,-99) (GTa,-99) (DRPA,-99) (UCa,-99) (EGLNa,-99) (UGA,-99) (GSAT,-99) (TWCb,-99) (UCb,-99) (EGLNb,-99) (EGLNc,-99) (PTGNc,-99) (OSUb,-99) (DRPAb,-99) (DRPAc,-99) (VZ,-99) (OSUa,-99) (DRPAa,-99) (VONAc,-99) (PTGNb,-99) (CMCTc,-99) (PTGNa,-99) (CMCTa,-99) (VZc,-99) (GSATc,-99) (ATTc,-99) (TWCc,-99) (VONAa,-99) (ATTa,-99) (TWCa,-99) (UGAc,-99) (VZa,-99) (GSATa,-99) (UGAa,-99)
VONAc:(VONAc,0) (VZc,-99) (GSATc,-99) (ATTc,-99) (UCb,-99) (UGAc,-99) (GTb,-99) (OSUb,-99) (CMCTc,-99) (EGLNb,-99) (PTGNb,-99) (DRPAb,-99) (TWCc,-99) (VONAb,-99) (CMCTb,-99) (VZb,-99) (GSATb,-99) (ATTb,-99) (TWCb,-99) (CMCT,-99) (OSU,-99) (UCc,-99) (UGAb,-99) (UC,-99) (PTGN,-99) (ATT,-99) (TWC,-99) (GTc,-99) (OSUc,-99) (GT,-99) (VONA,-99) (EGLN,-99) (GTa,-99) (DRPA,-99) (UCa,-99) (EGLNa,-99) (UGA,-99) (GSAT,-99) (EGLNc,-99) (PTGNc,-99) (DRPAc,-99) (VZ,-99) (OSUa,-99) (DRPAa,-99)
VZ:(VZ,0) (ATT,-99) (VZb,-99) (UGA,-99) (GSAT,-99) (CMCT,-99) (ATTb,-99) (OSU,-99) (UCc,-99) (TWC,-99) (VONA,-99) (UC,-99) (PTGN,-99) (UGAb,-99) (GSATb,-99) (CMCTb,-99) (GTc,-99) (OSUc,-99) (GTb,-99) (GT,-99) (EGLN,-99) (GTa,-99) (DRPA,-99) (UCa,-99) (EGLNa,-99) (TWCb,-99) (VONAb,-99) (UCb,-99) (EGLNb,-99) (EGLNc,-99) (PTGNc,-99) (OSUb,-99) (DRPAb,-99) (DRPAc,-99) (OSUa,-99) (DRPAa,-99) (VONAc,-99) (PTGNb,-99) (CMCTc,-99) (PTGNa,-99) (CMCTa,-99) (VZc,-99) (GSATc,-99) (ATTc,-99) (TWCc,-99) (VONAa,-99) (ATTa,-99) (TWCa,-99) (UGAc,-99) (VZa,-99) (GSATa,-99) (UGAa,-99)
VZa:(VZa,0) (ATTa,2) (UGAa,-99) (GSATa,-99) (CMCTa,-99) (TWCa,-99) (VONAa,-99)
VZb:(VZb,0) (ATTb,-99) (CMCT,-99) (OSU,-99) (UCc,-99) (UC,-99) (PTGN,-99) (ATT,-99) (TWC,-99) (UGAb,-99) (GSATb,-99) (CMCTb,-99) (GTc,-99) (OSUc,-99) (GTb,-99) (GT,-99) (VONA,-99) (EGLN,-99) (GTa,-99) (DRPA,-99) (UCa,-99) (EGLNa,-99) (UGA,-99) (GSAT,-99) (TWCb,-99) (VONAb,-99) (UCb,-99) (EGLNb,-99) (EGLNc,-99) (PTGNc,-99) (OSUb,-99) (DRPAb,-99) (DRPAc,-99) (VZ,-99) (OSUa,-99) (DRPAa,-99) (VONAc,-99) (PTGNb,-99) (CMCTc,-99) (PTGNa,-99) (CMCTa,-99) (VZc,-99) (GSATc,-99) (ATTc,-99) (TWCc,-99) (VONAa,-99) (ATTa,-99) (TWCa,-99) (UGAc,-99) (VZa,-99) (GSATa,-99) (UGAa,-99)
VZc:(VZc,0) (ATTc,2) (UCb,-99) (GTb,-99) (OSUb,-99) (UGAc,-99) (GSATc,-99) (CMCTc,-99) (EGLNb,-99) (PTGNb,-99) (DRPAb,-99) (TWCc,-99) (VONAc,-99) (VONAb,-99) (CMCTb,-99) (VZb,-99) (GSATb,-99) (ATTb,-99) (TWCb,-99) (CMCT,-99) (OSU,-99) (UCc,-99) (UGAb,-99) (UC,-99) (PTGN,-99) (ATT,-99) (TWC,-99) (GTc,-99) (OSUc,-99) (GT,-99) (VONA,-99) (EGLN,-99) (GTa,-99) (DRPA,-99) (UCa,-99) (EGLNa,-99) (UGA,-99) (GSAT,-99) (EGLNc,-99) (PTGNc,-99) (DRPAc,-99) (VZ,-99) (OSUa,-99) (DRPAa,-99) (PTGNa,-99) (CMCTa,-99)
-----
ATT:(ATT,0) (UGA,-99) (GSAT,-99) (CMCT,-99) (TWC,-99) (VONA,-99) (VZ,-99) (VZb,-99) (ATTb,-99) (OSU,-99) (UCc,-99) (UC,-99) (PTGN,-99) (UGAb,-99) (GSATb,-99) (CMCTb,-99) (GTc,-99) (OSUc,-99) (GTb,-99) (GT,-99) (EGLN,-99) (GTa,-99) (DRPA,-99) (UCa,-99) (EGLNa,-99) (TWCb,-99) (VONAb,-99) (UCb,-99) (EGLNb,-99) (EGLNc,-99) (PTGNc,-99) (OSUb,-99) (DRPAb,-99) (DRPAc,-99) (OSUa,-99) (DRPAa,-99) (VONAc,-99) (PTGNb,-99) (CMCTc,-99) (PTGNa,-99) (CMCTa,-99) (VZc,-99) (GSATc,-99) (ATTc,-99) (TWCc,-99) (VONAa,-99) (ATTa,-99) (TWCa,-99) (UGAc,-99) (VZa,-99) (GSATa,-99) (UGAa,-99)
ATTa:(ATTa,0) (UGAa,-99) (GSATa,-99) (CMCTa,-99) (TWCa,-99) (VONAa,-99) (VZa,-99)
ATTb:(ATTb,0) (UGAb,-99) (GSATb,-99) (CMCTb,-99) (TWCb,-99) (VONAb,-99) (VZb,-99) (CMCT,-99) (OSU,-99) (UCc,-99) (UC,-99) (PTGN,-99) (ATT,-99) (TWC,-99) (GTc,-99) (OSUc,-99) (GTb,-99) (GT,-99) (VONA,-99) (EGLN,-99) (GTa,-99) (DRPA,-99) (UCa,-99) (EGLNa,-99) (UGA,-99) (GSAT,-99) (UCb,-99) (EGLNb,-99) (EGLNc,-99) (PTGNc,-99) (OSUb,-99) (DRPAb,-99) (DRPAc,-99) (VZ,-99) (OSUa,-99) (DRPAa,-99) (VONAc,-99) (PTGNb,-99) (CMCTc,-99) (PTGNa,-99) (CMCTa,-99) (VZc,-99) (GSATc,-99) (ATTc,-99) (TWCc,-99) (VONAa,-99) (ATTa,-99) (TWCa,-99) (UGAc,-99) (VZa,-99) (GSATa,-99) (UGAa,-99)
ATTc:(ATTc,0) (UGAc,-99) (GSATc,-99) (CMCTc,-99) (TWCc,-99) (VONAc,-99) (VZc,-99) (UCb,-99) (GTb,-99) (OSUb,-99) (EGLNb,-99) (PTGNb,-99) (DRPAb,-99) (VONAb,-99) (CMCTb,-99) (VZb,-99) (GSATb,-99) (ATTb,-99) (TWCb,-99) (CMCT,-99) (OSU,-99) (UCc,-99) (UGAb,-99) (UC,-99) (PTGN,-99) (ATT,-99) (TWC,-99) (GTc,-99) (OSUc,-99) (GT,-99) (VONA,-99) (EGLN,-99) (GTa,-99) (DRPA,-99) (UCa,-99) (EGLNa,-99) (UGA,-99) (GSAT,-99) (EGLNc,-99) (PTGNc,-99) (DRPAc,-99) (VZ,-99) (OSUa,-99) (DRPAa,-99)
CMCT:(CMCT,0) (ATT,-99) (TWC,-99) (VONA,-99) (UGA,-99) (GSAT,-99) (VZ,-99) (VZb,-99) (ATTb,-99) (OSU,-99) (UCc,-99) (UC,-99) (PTGN,-99) (UGAb,-99) (GSATb,-99) (CMCTb,-99) (GTc,-99) (OSUc,-99) (GTb,-99) (GT,-99) (EGLN,-99) (GTa,-99) (DRPA,-99) (UCa,-99) (EGLNa,-99) (TWCb,-99) (VONAb,-99) (UCb,-99) (EGLNb,-99) (EGLNc,-99) (PTGNc,-99) (OSUb,-99) (DRPAb,-99) (DRPAc,-99) (OSUa,-99) (DRPAa,-99) (VONAc,-99) (PTGNb,-99) (CMCTc,-99) (PTGNa,-99) (CMCTa,-99) (VZc,-99) (GSATc,-99) (ATTc,-99) (TWCc,-99) (VONAa,-99) (ATTa,-99) (TWCa,-99)
CMCTa:(CMCTa,0) (ATTa,-99) (TWCa,-99) (VONAa,-99) (UGAa,-99) (GSATa,-99) (VZa,-99)
CMCTb:(CMCTb,0) (ATTb,-99) (TWCb,-99) (VONAb,-99) (UGAb,-99) (GSATb,-99) (VZb,-99) (CMCT,-99) (OSU,-99) (UCc,-99) (UC,-99) (PTGN,-99) (ATT,-99) (TWC,-99) (GTc,-99) (OSUc,-99) (GTb,-99) (GT,-99) (VONA,-99) (EGLN,-99) (GTa,-99) (DRPA,-99) (UCa,-99) (EGLNa,-99) (UGA,-99) (GSAT,-99) (UCb,-99) (EGLNb,-99) (EGLNc,-99) (PTGNc,-99) (OSUb,-99) (DRPAb,-99) (DRPAc,-99) (VZ,-99) (OSUa,-99) (DRPAa,-99) (VONAc,-99) (PTGNb,-99) (CMCTc,-99) (PTGNa,-99) (CMCTa,-99) (VZc,-99) (GSATc,-99) (ATTc,-99) (TWCc,-99) (VONAa,-99) (ATTa,-99) (TWCa,-99) (UGAc,-99) (VZa,-99) (GSATa,-99) (UGAa,-99)
CMCTc:(CMCTc,0) (ATTc,-99) (TWCc,-99) (VONAc,-99) (UGAc,-99) (GSATc,-99) (VZc,-99) (UCb,-99) (GTb,-99) (OSUb,-99) (EGLNb,-99) (PTGNb,-99) (DRPAb,-99) (VONAb,-99) (CMCTb,-99) (VZb,-99) (GSATb,-99) (ATTb,-99) (TWCb,-99) (CMCT,-99) (OSU,-99) (UCc,-99) (UGAb,-99) (UC,-99) (PTGN,-99) (ATT,-99) (TWC,-99) (GTc,-99) (OSUc,-99) (GT,-99) (VONA,-99) (EGLN,-99) (GTa,-99) (DRPA,-99) (UCa,-99) (EGLNa,-99) (UGA,-99) (GSAT,-99)
DRPA:(DRPA,0) (EGLN,-99) (CMCT,-99) (GT,-99) (ATT,-99) (TWC,-99) (UC,-99) (GTa,-99) (OSU,-99) (UCa,-99) (EGLNa,-99) (VONA,-99) (UGA,-99) (GSAT,-99) (PTGN,-99) (OSUa,-99) (DRPAa,-99) (VZ,-99) (PTGNa,-99) (CMCTa,-99) (VZb,-99) (VONAa,-99) (ATTa,-99) (TWCa,-99) (ATTb,-99) (UCc,-99) (VZa,-99) (GSATa,-99) (UGAa,-99) (UGAb,-99) (GSATb,-99) (CMCTb,-99) (GTc,-99) (OSUc,-99) (GTb,-99) (TWCb,-99) (VONAb,-99) (UCb,-99) (EGLNb,-99) (EGLNc,-99) (PTGNc,-99) (OSUb,-99) (DRPAb,-99) (DRPAc,-99) (VONAc,-99) (PTGNb,-99) (CMCTc,-99)
DRPAa:(DRPAa,0) (EGLNa,1) (CMCTa,-99) (GTa,-99) (ATTa,-99) (TWCa,-99) (UCa,-99) (GT,-99) (UC,-99) (EGLN,-99) (OSUa,-99) (OSU,-99) (DRPA,-99) (VONAa,-99) (UGAa,-99) (GSATa,-99) (PTGNa,-99) (PTGN,-99) (CMCT,-99) (VZa,-99) (VONA,-99) (ATT,-99) (TWC,-99) (VZ,-99) (GSAT,-99) (UGA,-99) (VZb,-99) (ATTb,-99) (UCc,-99) (UGAb,-99) (GSATb,-99) (CMCTb,-99) (GTc,-99) (OSUc,-99) (GTb,-99) (TWCb,-99) (VONAb,-99) (UCb,-99) (EGLNb,-99) (EGLNc,-99) (PTGNc,-99) (OSUb,-99) (DRPAb,-99) (DRPAc,-99)
DRPAb:(DRPAb,0) (EGLNb,-99) (CMCTb,-99) (GTb,-99) (ATTb,-99) (TWCb,-99) (UCb,-99) (OSUb,-99) (VONAb,-99) (UGAb,-99) (GSATb,-99) (PTGNb,-99) (VZb,-99) (CMCT,-99) (OSU,-99) (UCc,-99) (UC,-99) (PTGN,-99) (ATT,-99) (TWC,-99) (GTc,-99) (OSUc,-99) (GT,-99) (VONA,-99) (EGLN,-99) (GTa,-99) (DRPA,-99) (UCa,-99) (EGLNa,-99) (UGA,-99) (GSAT,-99) (EGLNc,-99) (PTGNc,-99) (DRPAc,-99) (VZ,-99) (OSUa,-99) (DRPAa,-99) (VONAc,-99) (CMCTc,-99) (PTGNa,-99) (CMCTa,-99) (VZc,-99) (GSATc,-99) (ATTc,-99) (TWCc,-99) (VONAa,-99) (ATTa,-99) (TWCa,-99)
DRPAc:(DRPAc,0) (EGLNc,1) (CMCTc,-99) (GTc,-99) (ATTc,-99) (TWCc,-99) (UCc,-99) (OSUc,-99) (OSU,-99) (GTb,-99) (VONAc,-99) (UGAc,-99) (GSATc,-99) (UC,-99) (PTGN,-99) (UCb,-99) (EGLNb,-99) (PTGNc,-99) (GT,-99) (VONA,-99) (EGLN,-99) (GTa,-99) (DRPA,-99) (UCa,-99) (EGLNa,-99) (OSUb,-99) (DRPAb,-99) (VZc,-99) (VZ,-99) (GSAT,-99) (CMCT,-99) (OSUa,-99) (DRPAa,-99) (PTGNb,-99) (CMCTb,-99) (ATT,-99) (VZb,-99) (UGA,-99) (TWC,-99) (PTGNa,-99) (CMCTa,-99) (VONAb,-99) (ATTb,-99) (TWCb,-99) (VONAa,-99) (ATTa,-99) (TWCa,-99) (GSATb,-99) (UGAb,-99) (VZa,-99) (GSATa,-99) (UGAa,-99)
EGLN:(EGLN,0) (GT,-99) (DRPA,-99) (UC,-99) (GTa,-99) (CMCT,-99) (OSU,-99) (UCa,-99) (EGLNa,-99) (ATT,-99) (TWC,-99) (PTGN,-99) (OSUa,-99) (DRPAa,-99) (VONA,-99) (UGA,-99) (GSAT,-99) (PTGNa,-99) (CMCTa,-99) (VZ,-99) (VONAa,-99) (ATTa,-99) (TWCa,-99) (VZb,-99) (VZa,-99) (GSATa,-99) (UGAa,-99) (ATTb,-99) (UCc,-99) (UGAb,-99) (GSATb,-99) (CMCTb,-99) (GTc,-99) (OSUc,-99) (GTb,-99) (TWCb,-99) (VONAb,-99) (UCb,-99) (EGLNb,-99) (EGLNc,-99) (PTGNc,-99) (OSUb,-99) (DRPAb,-99) (DRPAc,-99)
EGLNa:(EGLNa,0) (GTa,-99) (DRPAa,-99) (UCa,-99) (GT,-99) (CMCTa,-99) (UC,-99) (EGLN,-99) (OSUa,-99) (OSU,-99) (DRPA,-99) (ATTa,-99) (TWCa,-99) (PTGNa,-99) (PTGN,-99) (CMCT,-99) (VONAa,-99) (UGAa,-99) (GSATa,-99) (VONA,-99) (ATT,-99) (TWC,-99) (VZa,-99) (VZ,-99) (GSAT,-99) (UGA,-99) (VZb,-99) (ATTb,-99) (UCc,-99) (UGAb,-99) (GSATb,-99) (CMCTb,-99) (GTc,-99) (OSUc,-99) (GTb,-99) (TWCb,-99) (VONAb,-99) (UCb,-99) (EGLNb,-99) (EGLNc,-99) (PTGNc,-99) (OSUb,-99) (DRPAb,-99) (DRPAc,-99)
EGLNb:(EGLNb,0) (GTb,-99) (DRPAb,-99) (UCb,-99) (CMCTb,-99) (OSUb,-99) (ATTb,-99) (TWCb,-99) (PTGNb,-99) (VONAb,-99) (UGAb,-99) (GSATb,-99) (VZb,-99) (CMCT,-99) (OSU,-99) (UCc,-99) (UC,-99) (PTGN,-99) (ATT,-99) (TWC,-99) (GTc,-99) (OSUc,-99) (GT,-99) (VONA,-99) (EGLN,-99) (GTa,-99) (DRPA,-99) (UCa,-99) (EGLNa,-99) (UGA,-99) (GSAT,-99) (EGLNc,-99) (PTGNc,-99) (DRPAc,-99) (VZ,-99) (OSUa,-99) (DRPAa,-99) (VONAc,-99) (CMCTc,-99) (PTGNa,-99) (CMCTa,-99)
EGLNc:(EGLNc,0) (GTc,-99) (DRPAc,-99) (UCc,-99) (CMCTc,-99) (OSUc,-99) (OSU,-99) (GTb,-99) (ATTc,-99) (TWCc,-99) (UC,-99) (PTGN,-99) (UCb,-99) (EGLNb,-99) (PTGNc,-99) (GT,-99) (VONA,-99) (EGLN,-99) (GTa,-99) (DRPA,-99) (UCa,-99) (EGLNa,-99) (OSUb,-99) (DRPAb,-99) (VONAc,-99) (UGAc,-99) (GSATc,-99) (VZ,-99) (GSAT,-99) (CMCT,-99) (OSUa,-99) (DRPAa,-99) (PTGNb,-99) (CMCTb,-99) (VZc,-99) (ATT,-99) (VZb,-99) (UGA,-99) (TWC,-99) (PTGNa,-99) (CMCTa,-99) (VONAb,-99) (ATTb,-99) (TWCb,-99) (VONAa,-99) (ATTa,-99) (TWCa,-99) (GSATb,-99) (UGAb,-99) (VZa,-99) (GSATa,-99) (UGAa,-99)
GSAT:(GSAT,0) (VONA,-99) (UGA,-99) (VZ,-99) (ATT,-99) (VZb,-99) (CMCT,-99) (TWC,-99) (ATTb,-99) (OSU,-99) (UCc,-99) (UC,-99) (PTGN,-99) (UGAb,-99) (GSATb,-99) (CMCTb,-99) (GTc,-99) (OSUc,-99) (GTb,-99) (GT,-99) (EGLN,-99) (GTa,-99) (DRPA,-99) (UCa,-99) (EGLNa,-99) (TWCb,-99) (VONAb,-99) (UCb,-99) (EGLNb,-99) (EGLNc,-99) (PTGNc,-99) (OSUb,-99) (DRPAb,-99) (DRPAc,-99) (OSUa,-99) (DRPAa,-99) (VONAc,-99) (PTGNb,-99) (CMCTc,-99) (PTGNa,-99) (CMCTa,-99) (VZc,-99) (GSATc,-99) (ATTc,-99) (TWCc,-99) (VONAa,-99) (ATTa,-99) (TWCa,-99) (UGAc,-99) (VZa,-99) (GSATa,-99) (UGAa,-99)
GSATa:(GSATa,0) (VONAa,-99) (UGAa,-99) (VZa,-99) (ATTa,-99) (CMCTa,-99) (TWCa,-99)
GSATb:(GSATb,0) (VONAb,-99) (UGAb,-99) (VZb,-99) (ATTb,-99) (CMCT,-99) (OSU,-99) (UCc,-99) (CMCTb,-99) (TWCb,-99) (UC,-99) (PTGN,-99) (ATT,-99) (TWC,-99) (GTc,-99) (OSUc,-99) (GTb,-99) (GT,-99) (VONA,-99) (EGLN,-99) (GTa,-99) (DRPA,-99) (UCa,-99) (EGLNa,-99) (UGA,-99) (GSAT,-99) (UCb,-99) (EGLNb,-99) (EGLNc,-99) (PTGNc,-99) (OSUb,-99) (DRPAb,-99) (DRPAc,-99) (VZ,-99) (OSUa,-99) (DRPAa,-99) (VONAc,-99) (PTGNb,-99) (CMCTc,-99) (PTGNa,-99) (CMCTa,-99) (VZc,-99) (GSATc,-99) (ATTc,-99) (TWCc,-99) (VONAa,-99) (ATTa,-99) (TWCa,-99) (UGAc,-99) (VZa,-99) (GSATa,-99) (UGAa,-99)
GSATc:(GSATc,0) (VONAc,-99) (UGAc,-99) (VZc,-99) (ATTc,-99) (UCb,-99) (CMCTc,-99) (TWCc,-99) (GTb,-99) (OSUb,-99) (EGLNb,-99) (PTGNb,-99) (DRPAb,-99) (VONAb,-99) (CMCTb,-99) (VZb,-99) (GSATb,-99) (ATTb,-99) (TWCb,-99) (CMCT,-99) (OSU,-99) (UCc,-99) (UGAb,-99) (UC,-99) (PTGN,-99) (ATT,-99) (TWC,-99) (GTc,-99) (OSUc,-99) (GT,-99) (VONA,-99) (EGLN,-99) (GTa,-99) (DRPA,-99) (UCa,-99) (EGLNa,-99) (UGA,-99) (GSAT,-99) (EGLNc,-99) (PTGNc,-99) (DRPAc,-99) (VZ,-99) (OSUa,-99) (DRPAa,-99) (PTGNa,-99) (CMCTa,-99)
GT:(GT,0) (UC,-99) (EGLN,-99) (GTa,-99) (OSU,-99) (DRPA,-99) (UCa,-99) (EGLNa,-99) (PTGN,-99) (CMCT,-99) (OSUa,-99) (DRPAa,-99) (VONA,-99) (ATT,-99) (TWC,-99) (PTGNa,-99) (CMCTa,-99) (VZ,-99) (GSAT,-99) (UGA,-99) (VONAa,-99) (ATTa,-99) (TWCa,-99) (VZb,-99) (VZa,-99) (GSATa,-99) (UGAa,-99) (ATTb,-99) (UCc,-99) (UGAb,-99) (GSATb,-99) (CMCTb,-99) (GTc,-99) (OSUc,-99) (GTb,-99) (TWCb,-99) (VONAb,-99) (UCb,-99) (EGLNb,-99) (EGLNc,-99) (PTGNc,-99) (OSUb,-99) (DRPAb,-99) (DRPAc,-99)
GTa:(GTa,0) (UCa,-99) (EGLNa,-99) (GT,-99) (UC,-99) (EGLN,-99) (OSUa,-99) (DRPAa,-99) (OSU,-99) (DRPA,-99) (PTGNa,-99) (CMCTa,-99) (PTGN,-99) (CMCT,-99) (VONAa,-99) (ATTa,-99) (TWCa,-99) (VONA,-99) (ATT,-99) (TWC,-99) (VZa,-99) (GSATa,-99) (UGAa,-99) (VZ,-99) (GSAT,-99) (UGA,-99) (VZb,-99) (ATTb,-99) (UCc,-99) (UGAb,-99) (GSATb,-99) (CMCTb,-99) (GTc,-99) (OSUc,-99) (GTb,-99) (TWCb,-99) (VONAb,-99) (UCb,-99) (EGLNb,-99) (EGLNc,-99) (PTGNc,-99) (OSUb,-99) (DRPAb,-99) (DRPAc,-99)
GTb:(GTb,0) (UCb,-99) (EGLNb,-99) (OSUb,-99) (DRPAb,-99) (PTGNb,-99) (CMCTb,-99) (VONAb,-99) (ATTb,-99) (TWCb,-99) (VZb,-99) (GSATb,-99) (UGAb,-99) (CMCT,-99) (OSU,-99) (UCc,-99) (UC,-99) (PTGN,-99) (ATT,-99) (TWC,-99) (GTc,-99) (OSUc,-99) (GT,-99) (VONA,-99) (EGLN,-99) (GTa,-99) (DRPA,-99) (UCa,-99) (EGLNa,-99) (UGA,-99) (GSAT,-99) (EGLNc,-99) (PTGNc,-99) (DRPAc,-99) (VZ,-99) (OSUa,-99) (DRPAa,-99) (VONAc,-99) (CMCTc,-99) (PTGNa,-99) (CMCTa,-99)
GTc:(GTc,0) (UCc,-99) (EGLNc,-99) (OSUc,-99) (OSU,-99) (GTb,-99) (DRPAc,-99) (UC,-99) (PTGN,-99) (UCb,-99) (EGLNb,-99) (PTGNc,-99) (GT,-99) (VONA,-99) (EGLN,-99) (GTa,-99) (DRPA,-99) (UCa,-99) (EGLNa,-99) (OSUb,-99) (DRPAb,-99) (CMCTc,-99) (VONAc,-99) (VZ,-99) (GSAT,-99) (CMCT,-99) (OSUa,-99) (DRPAa,-99) (PTGNb,-99) (CMCTb,-99) (ATTc,-99) (TWCc,-99) (VZc,-99) (GSATc,-99) (ATT,-99) (VZb,-99) (UGA,-99) (TWC,-99) (PTGNa,-99) (CMCTa,-99) (VONAb,-99) (ATTb,-99) (TWCb,-99) (UGAc,-99) (VONAa,-99) (ATTa,-99) (TWCa,-99) (GSATb,-99) (UGAb,-99) (VZa,-99) (GSATa,-99) (UGAa,-99)
OSU:(OSU,0) (UC,-99) (PTGN,-99) (GT,-99) (VONA,-99) (EGLN,-99) (GTa,-99) (DRPA,-99) (UCa,-99) (EGLNa,-99) (VZ,-99) (GSAT,-99) (CMCT,-99) (OSUa,-99) (DRPAa,-99) (ATT,-99) (VZb,-99) (UGA,-99) (TWC,-99) (PTGNa,-99) (CMCTa,-99) (ATTb,-99) (UCc,-99) (VONAa,-99) (ATTa,-99) (TWCa,-99) (UGAb,-99) (GSATb,-99) (CMCTb,-99) (GTc,-99) (OSUc,-99) (GTb,-99) (VZa,-99) (GSATa,-99) (UGAa,-99) (TWCb,-99) (VONAb,-99) (UCb,-99) (EGLNb,-99) (EGLNc,-99) (PTGNc,-99) (OSUb,-99) (DRPAb,-99) (DRPAc,-99) (VONAc,-99) (PTGNb,-99) (CMCTc,-99) (VZc,-99) (GSATc,-99) (ATTc,-99) (TWCc,-99)
OSUa:(OSUa,0) (UCa,-99) (PTGNa,-99) (GTa,-99) (VONAa,-99) (EGLNa,-99) (GT,-99) (UC,-99) (EGLN,-99) (DRPAa,-99) (OSU,-99) (DRPA,-99) (VZa,-99) (GSATa,-99) (CMCTa,-99) (PTGN,-99) (CMCT,-99) (ATTa,-99) (UGAa,-99) (TWCa,-99) (VONA,-99) (ATT,-99) (TWC,-99) (VZ,-99) (GSAT,-99) (UGA,-99) (VZb,-99) (ATTb,-99) (UCc,-99) (UGAb,-99) (GSATb,-99) (CMCTb,-99) (GTc,-99) (OSUc,-99) (GTb,-99) (TWCb,-99) (VONAb,-99) (UCb,-99) (EGLNb,-99) (EGLNc,-99) (PTGNc,-99) (OSUb,-99) (DRPAb,-99) (DRPAc,-99)
OSUb:(OSUb,0) (UCb,-99) (PTGNb,-99) (GTb,-99) (VONAb,-99) (EGLNb,-99) (DRPAb,-99) (VZb,-99) (GSATb,-99) (CMCTb,-99) (ATTb,-99) (CMCT,-99) (OSU,-99) (UCc,-99) (UGAb,-99) (TWCb,-99) (UC,-99) (PTGN,-99) (ATT,-99) (TWC,-99) (GTc,-99) (OSUc,-99) (GT,-99) (VONA,-99) (EGLN,-99) (GTa,-99) (DRPA,-99) (UCa,-99) (EGLNa,-99) (UGA,-99) (GSAT,-99) (EGLNc,-99) (PTGNc,-99) (DRPAc,-99) (VZ,-99) (OSUa,-99) (DRPAa,-99) (VONAc,-99) (CMCTc,-99) (PTGNa,-99) (CMCTa,-99) (VZc,-99) (GSATc,-99) (ATTc,-99) (TWCc,-99) (VONAa,-99) (ATTa,-99) (TWCa,-99) (UGAc,-99) (VZa,-99) (GSATa,-99) (UGAa,-99)
OSUc:(OSUc,0) (UCc,-99) (PTGNc,-99) (GTc,-99) (OSU,-99) (GTb,-99) (VONAc,-99) (UC,-99) (PTGN,-99) (UCb,-99) (EGLNb,-99) (EGLNc,-99) (GT,-99) (VONA,-99) (EGLN,-99) (GTa,-99) (DRPA,-99) (UCa,-99) (EGLNa,-99) (OSUb,-99) (DRPAb,-99) (DRPAc,-99) (VZc,-99) (GSATc,-99) (VZ,-99) (GSAT,-99) (CMCT,-99) (OSUa,-99) (DRPAa,-99) (PTGNb,-99) (CMCTb,-99) (CMCTc,-99) (ATTc,-99) (UGAc,-99) (ATT,-99) (VZb,-99) (UGA,-99) (TWC,-99) (PTGNa,-99) (CMCTa,-99) (VONAb,-99) (ATTb,-99) (TWCb,-99) (TWCc,-99) (VONAa,-99) (ATTa,-99) (TWCa,-99) (GSATb,-99) (UGAb,-99) (VZa,-99) (GSATa,-99) (UGAa,-99)
PTGN:(PTGN,0) (OSU,-99) (VONA,-99) (UC,-99) (VZ,-99) (GSAT,-99) (GT,-99) (EGLN,-99) (GTa,-99) (DRPA,-99) (UCa,-99) (EGLNa,-99) (ATT,-99) (VZb,-99) (UGA,-99) (CMCT,-99) (OSUa,-99) (DRPAa,-99) (ATTb,-99) (UCc,-99) (TWC,-99) (PTGNa,-99) (CMCTa,-99) (UGAb,-99) (GSATb,-99) (CMCTb,-99) (GTc,-99) (OSUc,-99) (GTb,-99) (VONAa,-99) (ATTa,-99) (TWCa,-99) (TWCb,-99) (VONAb,-99) (UCb,-99) (EGLNb,-99) (EGLNc,-99) (PTGNc,-99) (OSUb,-99) (DRPAb,-99) (DRPAc,-99) (VZa,-99) (GSATa,-99) (UGAa,-99) (VONAc,-99) (PTGNb,-99) (CMCTc,-99) (VZc,-99) (GSATc,-99) (ATTc,-99) (TWCc,-99) (UGAc,-99)
PTGNa:(PTGNa,0) (OSUa,-1) (VONAa,-99) (UCa,-99) (VZa,-99) (GSATa,-99) (GTa,-99) (EGLNa,-99) (GT,-99) (UC,-99) (EGLN,-99) (DRPAa,-99) (OSU,-99) (DRPA,-99) (ATTa,-99) (UGAa,-99) (CMCTa,-99) (PTGN,-99) (CMCT,-99) (TWCa,-99) (VONA,-99) (ATT,-99) (TWC,-99) (VZ,-99) (GSAT,-99) (UGA,-99) (VZb,-99) (ATTb,-99) (UCc,-99) (UGAb,-99) (GSATb,-99) (CMCTb,-99) (GTc,-99) (OSUc,-99) (GTb,-99) (TWCb,-99) (VONAb,-99) (UCb,-99) (EGLNb,-99) (EGLNc,-99) (PTGNc,-99) (OSUb,-99) (DRPAb,-99) (DRPAc,-99)
PTGNb:(PTGNb,0) (OSUb,-99) (VONAb,-99) (UCb,-99) (VZb,-99) (GSATb,-99) (GTb,-99) (EGLNb,-99) (DRPAb,-99) (ATTb,-99) (CMCT,-99) (OSU,-99) (UCc,-99) (UGAb,-99) (CMCTb,-99) (UC,-99) (PTGN,-99) (ATT,-99) (TWC,-99) (GTc,-99) (OSUc,-99) (GT,-99) (VONA,-99) (EGLN,-99) (GTa,-99) (DRPA,-99) (UCa,-99) (EGLNa,-99) (UGA,-99) (GSAT,-99) (TWCb,-99) (EGLNc,-99) (PTGNc,-99) (DRPAc,-99) (VZ,-99) (OSUa,-99) (DRPAa,-99) (VONAc,-99) (CMCTc,-99) (PTGNa,-99) (CMCTa,-99) (VZc,-99) (GSATc,-99) (ATTc,-99) (TWCc,-99) (VONAa,-99) (ATTa,-99) (TWCa,-99) (UGAc,-99) (VZa,-99) (GSATa,-99) (UGAa,-99)
PTGNc:(PTGNc,0) (OSUc,-99) (VONAc,-99) (UCc,-99) (VZc,-99) (GSATc,-99) (GTc,-99) (OSU,-99) (GTb,-99) (UC,-99) (PTGN,-99) (UCb,-99) (EGLNb,-99) (EGLNc,-99) (GT,-99) (VONA,-99) (EGLN,-99) (GTa,-99) (DRPA,-99) (UCa,-99) (EGLNa,-99) (OSUb,-99) (DRPAb,-99) (DRPAc,-99) (ATTc,-99) (UGAc,-99) (VZ,-99) (GSAT,-99) (CMCT,-99) (OSUa,-99) (DRPAa,-99) (PTGNb,-99) (CMCTb,-99) (CMCTc,-99) (ATT,-99) (VZb,-99) (UGA,-99) (TWC,-99) (PTGNa,-99) (CMCTa,-99) (VONAb,-99) (ATTb,-99) (TWCb,-99) (TWCc,-99) (VONAa,-99) (ATTa,-99) (TWCa,-99) (GSATb,-99) (UGAb,-99) (VZa,-99) (GSATa,-99) (UGAa,-99)
TWC:(TWC,0) (CMCT,-99) (VONA,-99) (ATT,-99) (VZ,-99) (GSAT,-99) (UGA,-99) (VZb,-99) (ATTb,-99) (OSU,-99) (UCc,-99) (UC,-99) (PTGN,-99) (UGAb,-99) (GSATb,-99) (CMCTb,-99) (GTc,-99) (OSUc,-99) (GTb,-99) (GT,-99) (EGLN,-99) (GTa,-99) (DRPA,-99) (UCa,-99) (EGLNa,-99) (TWCb,-99) (VONAb,-99) (UCb,-99) (EGLNb,-99) (EGLNc,-99) (PTGNc,-99) (OSUb,-99) (DRPAb,-99) (DRPAc,-99) (OSUa,-99) (DRPAa,-99) (VONAc,-99) (PTGNb,-99) (CMCTc,-99) (PTGNa,-99) (CMCTa,-99) (VZc,-99) (GSATc,-99) (ATTc,-99) (TWCc,-99) (VONAa,-99) (ATTa,-99) (TWCa,-99) (UGAc,-99) (VZa,-99) (GSATa,-99) (UGAa,-99)
TWCa:(TWCa,0) (CMCTa,-99) (VONAa,-99) (ATTa,-99) (VZa,-99) (GSATa,-99) (UGAa,-99)
TWCb:(TWCb,0) (CMCTb,-99) (VONAb,-99) (ATTb,-99) (VZb,-99) (GSATb,-99) (UGAb,-99) (CMCT,-99) (OSU,-99) (UCc,-99) (UC,-99) (PTGN,-99) (ATT,-99) (TWC,-99) (GTc,-99) (OSUc,-99) (GTb,-99) (GT,-99) (VONA,-99) (EGLN,-99) (GTa,-99) (DRPA,-99) (UCa,-99) (EGLNa,-99) (UGA,-99) (GSAT,-99) (UCb,-99) (EGLNb,-99) (EGLNc,-99) (PTGNc,-99) (OSUb,-99) (DRPAb,-99) (DRPAc,-99) (VZ,-99) (OSUa,-99) (DRPAa,-99) (VONAc,-99) (PTGNb,-99) (CMCTc,-99) (PTGNa,-99) (CMCTa,-99) (VZc,-99) (GSATc,-99) (ATTc,-99) (TWCc,-99) (VONAa,-99) (ATTa,-99) (TWCa,-99) (UGAc,-99) (VZa,-99) (GSATa,-99) (UGAa,-99)
TWCc:(TWCc,0) (CMCTc,-99) (VONAc,-99) (ATTc,-99) (VZc,-99) (GSATc,-99) (UGAc,-99) (UCb,-99) (GTb,-99) (OSUb,-99) (EGLNb,-99) (PTGNb,-99) (DRPAb,-99) (VONAb,-99) (CMCTb,-99) (VZb,-99) (GSATb,-99) (ATTb,-99) (TWCb,-99) (CMCT,-99) (OSU,-99) (UCc,-99) (UGAb,-99) (UC,-99) (PTGN,-99) (ATT,-99) (TWC,-99) (GTc,-99) (OSUc,-99) (GT,-99) (VONA,-99) (EGLN,-99) (GTa,-99) (DRPA,-99) (UCa,-99) (EGLNa,-99) (UGA,-99) (GSAT,-99) (EGLNc,-99) (PTGNc,-99) (DRPAc,-99) (VZ,-99) (OSUa,-99) (DRPAa,-99)
UC:(UC,0) (GT,-99) (OSU,-99) (EGLN,-99) (GTa,-99) (PTGN,-99) (DRPA,-99) (UCa,-99) (EGLNa,-99) (VONA,-99) (CMCT,-99) (OSUa,-99) (DRPAa,-99) (VZ,-99) (GSAT,-99) (ATT,-99) (TWC,-99) (PTGNa,-99) (CMCTa,-99) (VZb,-99) (UGA,-99) (VONAa,-99) (ATTa,-99) (TWCa,-99) (ATTb,-99) (UCc,-99) (VZa,-99) (GSATa,-99) (UGAa,-99) (UGAb,-99) (GSATb,-99) (CMCTb,-99) (GTc,-99) (OSUc,-99) (GTb,-99) (TWCb,-99) (VONAb,-99) (UCb,-99) (EGLNb,-99) (EGLNc,-99) (PTGNc,-99) (OSUb,-99) (DRPAb,-99) (DRPAc,-99) (VONAc,-99) (PTGNb,-99) (CMCTc,-99)
UCa:(UCa,0) (GTa,-99) (OSUa,-99) (EGLNa,-99) (GT,-99) (PTGNa,-99) (UC,-99) (EGLN,-99) (DRPAa,-99) (OSU,-99) (DRPA,-99) (VONAa,-99) (CMCTa,-99) (PTGN,-99) (CMCT,-99) (VZa,-99) (GSATa,-99) (ATTa,-99) (TWCa,-99) (VONA,-99) (ATT,-99) (TWC,-99) (UGAa,-99) (VZ,-99) (GSAT,-99) (UGA,-99) (VZb,-99) (ATTb,-99) (UCc,-99) (UGAb,-99) (GSATb,-99) (CMCTb,-99) (GTc,-99) (OSUc,-99) (GTb,-99) (TWCb,-99) (VONAb,-99) (UCb,-99) (EGLNb,-99) (EGLNc,-99) (PTGNc,-99) (OSUb,-99) (DRPAb,-99) (DRPAc,-99)
UCb:(UCb,0) (GTb,-99) (OSUb,-99) (EGLNb,-99) (PTGNb,-99) (DRPAb,-99) (VONAb,-99) (CMCTb,-99) (VZb,-99) (GSATb,-99) (ATTb,-99) (TWCb,-99) (CMCT,-99) (OSU,-99) (UCc,-99) (UGAb,-99) (UC,-99) (PTGN,-99) (ATT,-99) (TWC,-99) (GTc,-99) (OSUc,-99) (GT,-99) (VONA,-99) (EGLN,-99) (GTa,-99) (DRPA,-99) (UCa,-99) (EGLNa,-99) (UGA,-99) (GSAT,-99) (EGLNc,-99) (PTGNc,-99) (DRPAc,-99) (VZ,-99) (OSUa,-99) (DRPAa,-99) (VONAc,-99) (CMCTc,-99) (PTGNa,-99) (CMCTa,-99) (VZc,-99) (GSATc,-99) (ATTc,-99) (TWCc,-99) (VONAa,-99) (ATTa,-99) (TWCa,-99)
UCc:(UCc,0) (GTc,-99) (OSUc,-99) (OSU,-99) (GTb,-99) (UC,-99) (PTGN,-99) (UCb,-99) (EGLNb,-99) (EGLNc,-99) (PTGNc,-99) (GT,-99) (VONA,-99) (EGLN,-99) (GTa,-99) (DRPA,-99) (UCa,-99) (EGLNa,-99) (OSUb,-99) (DRPAb,-99) (DRPAc,-99) (VONAc,-99) (VZ,-99) (GSAT,-99) (CMCT,-99) (OSUa,-99) (DRPAa,-99) (PTGNb,-99) (CMCTb,-99) (CMCTc,-99) (VZc,-99) (GSATc,-99) (ATT,-99) (VZb,-99) (UGA,-99) (TWC,-99) (PTGNa,-99) (CMCTa,-99) (VONAb,-99) (ATTb,-99) (TWCb,-99) (ATTc,-99) (TWCc,-99) (UGAc,-99) (VONAa,-99) (ATTa,-99) (TWCa,-99) (GSATb,-99) (UGAb,-99) (VZa,-99) (GSATa,-99) (UGAa,-99)
UGA:(UGA,0) (ATT,-99) (GSAT,-99) (CMCT,-99) (VONA,-99) (TWC,-99) (VZ,-99) (VZb,-99) (ATTb,-99) (OSU,-99) (UCc,-99) (UC,-99) (PTGN,-99) (UGAb,-99) (GSATb,-99) (CMCTb,-99) (GTc,-99) (OSUc,-99) (GTb,-99) (GT,-99) (EGLN,-99) (GTa,-99) (DRPA,-99) (UCa,-99) (EGLNa,-99) (TWCb,-99) (VONAb,-99) (UCb,-99) (EGLNb,-99) (EGLNc,-99) (PTGNc,-99) (OSUb,-99) (DRPAb,-99) (DRPAc,-99) (OSUa,-99) (DRPAa,-99) (VONAc,-99) (PTGNb,-99) (CMCTc,-99) (PTGNa,-99) (CMCTa,-99) (VZc,-99) (GSATc,-99) (ATTc,-99) (TWCc,-99) (VONAa,-99) (ATTa,-99) (TWCa,-99) (UGAc,-99) (VZa,-99) (GSATa,-99) (UGAa,-99)
UGAa:(UGAa,0) (ATTa,-99) (GSATa,-99) (CMCTa,-99) (VONAa,-99) (TWCa,-99) (VZa,-99)
UGAb:(UGAb,0) (ATTb,-99) (GSATb,-99) (CMCTb,-99) (VONAb,-99) (TWCb,-99) (VZb,-99) (CMCT,-99) (OSU,-99) (UCc,-99) (UC,-99) (PTGN,-99) (ATT,-99) (TWC,-99) (GTc,-99) (OSUc,-99) (GTb,-99) (GT,-99) (VONA,-99) (EGLN,-99) (GTa,-99) (DRPA,-99) (UCa,-99) (EGLNa,-99) (UGA,-99) (GSAT,-99) (UCb,-99) (EGLNb,-99) (EGLNc,-99) (PTGNc,-99) (OSUb,-99) (DRPAb,-99) (DRPAc,-99) (VZ,-99) (OSUa,-99) (DRPAa,-99) (VONAc,-99) (PTGNb,-99) (CMCTc,-99) (PTGNa,-99) (CMCTa,-99) (VZc,-99) (GSATc,-99) (ATTc,-99) (TWCc,-99) (VONAa,-99) (ATTa,-99) (TWCa,-99) (UGAc,-99) (VZa,-99) (GSATa,-99) (UGAa,-99)
UGAc:(UGAc,0) (ATTc,-99) (GSATc,-99) (CMCTc,-99) (VONAc,-99) (TWCc,-99) (VZc,-99) (UCb,-99) (GTb,-99) (OSUb,-99) (EGLNb,-99) (PTGNb,-99) (DRPAb,-99) (VONAb,-99) (CMCTb,-99) (VZb,-99) (GSATb,-99) (ATTb,-99) (TWCb,-99) (CMCT,-99) (OSU,-99) (UCc,-99) (UGAb,-99) (UC,-99) (PTGN,-99) (ATT,-99) (TWC,-99) (GTc,-99) (OSUc,-99) (GT,-99) (VONA,-99) (EGLN,-99) (GTa,-99) (DRPA,-99) (UCa,-99) (EGLNa,-99) (UGA,-99) (GSAT,-99) (EGLNc,-99) (PTGNc,-99) (DRPAc,-99) (VZ,-99) (OSUa,-99) (DRPAa,-99) (PTGNa,-99) (CMCTa,-99)
VONA:(VONA,0) (VZ,-99) (GSAT,-99) (ATT,-99) (VZb,-99) (UGA,-99) (CMCT,-99) (ATTb,-99) (OSU,-99) (UCc,-99) (TWC,-99) (UC,-99) (PTGN,-99) (UGAb,-99) (GSATb,-99) (CMCTb,-99) (GTc,-99) (OSUc,-99) (GTb,-99) (GT,-99) (EGLN,-99) (GTa,-99) (DRPA,-99) (UCa,-99) (EGLNa,-99) (TWCb,-99) (VONAb,-99) (UCb,-99) (EGLNb,-99) (EGLNc,-99) (PTGNc,-99) (OSUb,-99) (DRPAb,-99) (DRPAc,-99) (OSUa,-99) (DRPAa,-99) (VONAc,-99) (PTGNb,-99) (CMCTc,-99) (PTGNa,-99) (CMCTa,-99) (VZc,-99) (GSATc,-99) (ATTc,-99) (TWCc,-99) (VONAa,-99) (ATTa,-99) (TWCa,-99) (UGAc,-99) (VZa,-99) (GSATa,-99) (UGAa,-99)
VONAa:(VONAa,0) (VZa,-99) (GSATa,-99) (ATTa,-99) (UGAa,-99) (CMCTa,-99) (TWCa,-99)
VONAb:(VONAb,0) (VZb,-99) (GSATb,-99) (ATTb,-99) (CMCT,-99) (OSU,-99) (UCc,-99) (UGAb,-99) (UC,-99) (PTGN,-99) (ATT,-99) (TWC,-99) (CMCTb,-99) (GTc,-99) (OSUc,-99) (GTb,-99) (GT,-99) (VONA,-99) (EGLN,-99) (GTa,-99) (DRPA,-99) (UCa,-99) (EGLNa,-99) (UGA,-99) (GSAT,-99) (TWCb,-99) (UCb,-99) (EGLNb,-99) (EGLNc,-99) (PTGNc,-99) (OSUb,-99) (DRPAb,-99) (DRPAc,-99) (VZ,-99) (OSUa,-99) (DRPAa,-99) (VONAc,-99) (PTGNb,-99) (CMCTc,-99) (PTGNa,-99) (CMCTa,-99) (VZc,-99) (GSATc,-99) (ATTc,-99) (TWCc,-99) (VONAa,-99) (ATTa,-99) (TWCa,-99) (UGAc,-99) (VZa,-99) (GSATa,-99) (UGAa,-99)
VONAc:(VONAc,0) (VZc,-99) (GSATc,-99) (ATTc,-99) (UCb,-99) (UGAc,-99) (GTb,-99) (OSUb,-99) (CMCTc,-99) (EGLNb,-99) (PTGNb,-99) (DRPAb,-99) (TWCc,-99) (VONAb,-99) (CMCTb,-99) (VZb,-99) (GSATb,-99) (ATTb,-99) (TWCb,-99) (CMCT,-99) (OSU,-99) (UCc,-99) (UGAb,-99) (UC,-99) (PTGN,-99) (ATT,-99) (TWC,-99) (GTc,-99) (OSUc,-99) (GT,-99) (VONA,-99) (EGLN,-99) (GTa,-99) (DRPA,-99) (UCa,-99) (EGLNa,-99) (UGA,-99) (GSAT,-99) (EGLNc,-99) (PTGNc,-99) (DRPAc,-99) (VZ,-99) (OSUa,-99) (DRPAa,-99) (PTGNa,-99) (CMCTa,-99)
VZ:(VZ,0) (ATT,-99) (VZb,-99) (UGA,-99) (GSAT,-99) (CMCT,-99) (ATTb,-99) (OSU,-99) (UCc,-99) (TWC,-99) (VONA,-99) (UC,-99) (PTGN,-99) (UGAb,-99) (GSATb,-99) (CMCTb,-99) (GTc,-99) (OSUc,-99) (GTb,-99) (GT,-99) (EGLN,-99) (GTa,-99) (DRPA,-99) (UCa,-99) (EGLNa,-99) (TWCb,-99) (VONAb,-99) (UCb,-99) (EGLNb,-99) (EGLNc,-99) (PTGNc,-99) (OSUb,-99) (DRPAb,-99) (DRPAc,-99) (OSUa,-99) (DRPAa,-99) (VONAc,-99) (PTGNb,-99) (CMCTc,-99) (PTGNa,-99) (CMCTa,-99) (VZc,-99) (GSATc,-99) (ATTc,-99) (TWCc,-99) (VONAa,-99) (ATTa,-99) (TWCa,-99) (UGAc,-99) (VZa,-99) (GSATa,-99) (UGAa,-99)
VZa:(VZa,0) (ATTa,2) (UGAa,-99) (GSATa,-99) (CMCTa,-99) (TWCa,-99) (VONAa,-99)
VZb:(VZb,0) (ATTb,-99) (CMCT,-99) (OSU,-99) (UCc,-99) (UC,-99) (PTGN,-99) (ATT,-99) (TWC,-99) (UGAb,-99) (GSATb,-99) (CMCTb,-99) (GTc,-99) (OSUc,-99) (GTb,-99) (GT,-99) (VONA,-99) (EGLN,-99) (GTa,-99) (DRPA,-99) (UCa,-99) (EGLNa,-99) (UGA,-99) (GSAT,-99) (TWCb,-99) (VONAb,-99) (UCb,-99) (EGLNb,-99) (EGLNc,-99) (PTGNc,-99) (OSUb,-99) (DRPAb,-99) (DRPAc,-99) (VZ,-99) (OSUa,-99) (DRPAa,-99) (VONAc,-99) (PTGNb,-99) (CMCTc,-99) (PTGNa,-99) (CMCTa,-99) (VZc,-99) (GSATc,-99) (ATTc,-99) (TWCc,-99) (VONAa,-99) (ATTa,-99) (TWCa,-99) (UGAc,-99) (VZa,-99) (GSATa,-99) (UGAa,-99)
VZc:(VZc,0) (ATTc,-99) (UCb,-99) (GTb,-99) (OSUb,-99) (UGAc,-99) (GSATc,-99) (CMCTc,-99) (EGLNb,-99) (PTGNb,-99) (DRPAb,-99) (TWCc,-99) (VONAc,-99) (VONAb,-99) (CMCTb,-99) (VZb,-99) (GSATb,-99) (ATTb,-99) (TWCb,-99) (CMCT,-99) (OSU,-99) (UCc,-99) (UGAb,-99) (UC,-99) (PTGN,-99) (ATT,-99) (TWC,-99) (GTc,-99) (OSUc,-99) (GT,-99) (VONA,-99) (EGLN,-99) (GTa,-99) (DRPA,-99) (UCa,-99) (EGLNa,-99) (UGA,-99) (GSAT,-99) (EGLNc,-99) (PTGNc,-99) (DRPAc,-99) (VZ,-99) (OSUa,-99) (DRPAa,-99) (PTGNa,-99) (CMCTa,-99) (VONAa,-99) (ATTa,-99) (TWCa,-99)
-----
ATT:(ATT,0) (UGA,-99) (GSAT,-99) (CMCT,-99) (TWC,-99) (VONA,-99) (VZ,-99) (VZb,-99) (ATTb,-99) (OSU,-99) (UCc,-99) (UC,-99) (PTGN,-99) (UGAb,-99) (GSATb,-99) (CMCTb,-99) (GTc,-99) (OSUc,-99) (GTb,-99) (GT,-99) (EGLN,-99) (GTa,-99) (DRPA,-99) (UCa,-99) (EGLNa,-99) (TWCb,-99) (VONAb,-99) (UCb,-99) (EGLNb,-99) (EGLNc,-99) (PTGNc,-99) (OSUb,-99) (DRPAb,-99) (DRPAc,-99) (OSUa,-99) (DRPAa,-99) (VONAc,-99) (PTGNb,-99) (CMCTc,-99) (PTGNa,-99) (CMCTa,-99) (VZc,-99) (GSATc,-99) (ATTc,-99) (TWCc,-99) (VONAa,-99) (ATTa,-99) (TWCa,-99) (UGAc,-99) (VZa,-99) (GSATa,-99) (UGAa,-99)
ATTa:(ATTa,0) (UGAa,-99) (GSATa,-99) (CMCTa,-99) (TWCa,-99) (VONAa,-99) (VZa,-99)
ATTb:(ATTb,0) (UGAb,-99) (GSATb,-99) (CMCTb,-99) (TWCb,-99) (VONAb,-99) (VZb,-99) (CMCT,-99) (OSU,-99) (UCc,-99) (UC,-99) (PTGN,-99) (ATT,-99) (TWC,-99) (GTc,-99) (OSUc,-99) (GTb,-99) (GT,-99) (VONA,-99) (EGLN,-99) (GTa,-99) (DRPA,-99) (UCa,-99) (EGLNa,-99) (UGA,-99) (GSAT,-99) (UCb,-99) (EGLNb,-99) (EGLNc,-99) (PTGNc,-99) (OSUb,-99) (DRPAb,-99) (DRPAc,-99) (VZ,-99) (OSUa,-99) (DRPAa,-99) (VONAc,-99) (PTGNb,-99) (CMCTc,-99) (PTGNa,-99) (CMCTa,-99) (VZc,-99) (GSATc,-99) (ATTc,-99) (TWCc,-99) (VONAa,-99) (ATTa,-99) (TWCa,-99) (UGAc,-99) (VZa,-99) (GSATa,-99) (UGAa,-99)
ATTc:(ATTc,0) (UGAc,-99) (GSATc,-99) (CMCTc,-99) (TWCc,-99) (VONAc,-99) (VZc,-99) (UCb,-99) (GTb,-99) (OSUb,-99) (EGLNb,-99) (PTGNb,-99) (DRPAb,-99) (VONAb,-99) (CMCTb,-99) (VZb,-99) (GSATb,-99) (ATTb,-99) (TWCb,-99) (CMCT,-99) (OSU,-99) (UCc,-99) (UGAb,-99) (UC,-99) (PTGN,-99) (ATT,-99) (TWC,-99) (GTc,-99) (OSUc,-99) (GT,-99) (VONA,-99) (EGLN,-99) (GTa,-99) (DRPA,-99) (UCa,-99) (EGLNa,-99) (UGA,-99) (GSAT,-99) (EGLNc,-99) (PTGNc,-99) (DRPAc,-99) (VZ,-99) (OSUa,-99) (DRPAa,-99) (PTGNa,-99) (CMCTa,-99)
CMCT:(CMCT,0) (ATT,-99) (TWC,-99) (VONA,-99) (UGA,-99) (GSAT,-99) (VZ,-99) (VZb,-99) (ATTb,-99) (OSU,-99) (UCc,-99) (UC,-99) (PTGN,-99) (UGAb,-99) (GSATb,-99) (CMCTb,-99) (GTc,-99) (OSUc,-99) (GTb,-99) (GT,-99) (EGLN,-99) (GTa,-99) (DRPA,-99) (UCa,-99) (EGLNa,-99) (TWCb,-99) (VONAb,-99) (UCb,-99) (EGLNb,-99) (EGLNc,-99) (PTGNc,-99) (OSUb,-99) (DRPAb,-99) (DRPAc,-99) (OSUa,-99) (DRPAa,-99) (VONAc,-99) (PTGNb,-99) (CMCTc,-99) (PTGNa,-99) (CMCTa,-99) (VZc,-99) (GSATc,-99) (ATTc,-99) (TWCc,-99) (VONAa,-99) (ATTa,-99) (TWCa,-99) (UGAc,-99) (VZa,-99) (GSATa,-99) (UGAa,-99)
CMCTa:(CMCTa,0) (ATTa,-99) (TWCa,-99) (VONAa,-99) (UGAa,-99) (GSATa,-99) (VZa,-99)
CMCTb:(CMCTb,0) (ATTb,-99) (TWCb,-99) (VONAb,-99) (UGAb,-99) (GSATb,-99) (VZb,-99) (CMCT,-99) (OSU,-99) (UCc,-99) (UC,-99) (PTGN,-99) (ATT,-99) (TWC,-99) (GTc,-99) (OSUc,-99) (GTb,-99) (GT,-99) (VONA,-99) (EGLN,-99) (GTa,-99) (DRPA,-99) (UCa,-99) (EGLNa,-99) (UGA,-99) (GSAT,-99) (UCb,-99) (EGLNb,-99) (EGLNc,-99) (PTGNc,-99) (OSUb,-99) (DRPAb,-99) (DRPAc,-99) (VZ,-99) (OSUa,-99) (DRPAa,-99) (VONAc,-99) (PTGNb,-99) (CMCTc,-99) (PTGNa,-99) (CMCTa,-99) (VZc,-99) (GSATc,-99) (ATTc,-99) (TWCc,-99) (VONAa,-99) (ATTa,-99) (TWCa,-99) (UGAc,-99) (VZa,-99) (GSATa,-99) (UGAa,-99)
CMCTc:(CMCTc,0) (ATTc,-99) (TWCc,-99) (VONAc,-99) (UGAc,-99) (GSATc,-99) (VZc,-99) (UCb,-99) (GTb,-99) (OSUb,-99) (EGLNb,-99) (PTGNb,-99) (DRPAb,-99) (VONAb,-99) (CMCTb,-99) (VZb,-99) (GSATb,-99) (ATTb,-99) (TWCb,-99) (CMCT,-99) (OSU,-99) (UCc,-99) (UGAb,-99) (UC,-99) (PTGN,-99) (ATT,-99) (TWC,-99) (GTc,-99) (OSUc,-99) (GT,-99) (VONA,-99) (EGLN,-99) (GTa,-99) (DRPA,-99) (UCa,-99) (EGLNa,-99) (UGA,-99) (GSAT,-99) (EGLNc,-99) (PTGNc,-99) (DRPAc,-99) (VZ,-99) (OSUa,-99) (DRPAa,-99)
DRPA:(DRPA,0) (EGLN,-99) (CMCT,-99) (GT,-99) (ATT,-99) (TWC,-99) (UC,-99) (GTa,-99) (OSU,-99) (UCa,-99) (EGLNa,-99) (VONA,-99) (UGA,-99) (GSAT,-99) (PTGN,-99) (OSUa,-99) (DRPAa,-99) (VZ,-99) (PTGNa,-99) (CMCTa,-99) (VZb,-99) (VONAa,-99) (ATTa,-99) (TWCa,-99) (ATTb,-99) (UCc,-99) (VZa,-99) (GSATa,-99) (UGAa,-99) (UGAb,-99) (GSATb,-99) (CMCTb,-99) (GTc,-99) (OSUc,-99) (GTb,-99) (TWCb,-99) (VONAb,-99) (UCb,-99) (EGLNb,-99) (EGLNc,-99) (PTGNc,-99) (OSUb,-99) (DRPAb,-99) (DRPAc,-99) (VONAc,-99) (PTGNb,-99) (CMCTc,-99) (VZc,-99) (GSATc,-99) (ATTc,-99) (TWCc,-99)
DRPAa:(DRPAa,0) (EGLNa,1) (CMCTa,-99) (GTa,-99) (ATTa,-99) (TWCa,-99) (UCa,-99) (GT,-99) (UC,-99) (EGLN,-99) (OSUa,-99) (OSU,-99) (DRPA,-99) (VONAa,-99) (UGAa,-99) (GSATa,-99) (PTGNa,-99) (PTGN,-99) (CMCT,-99) (VZa,-99) (VONA,-99) (ATT,-99) (TWC,-99) (VZ,-99) (GSAT,-99) (UGA,-99) (VZb,-99) (ATTb,-99) (UCc,-99) (UGAb,-99) (GSATb,-99) (CMCTb,-99) (GTc,-99) (OSUc,-99) (GTb,-99) (TWCb,-99) (VONAb,-99) (UCb,-99) (EGLNb,-99) (EGLNc,-99) (PTGNc,-99) (OSUb,-99) (DRPAb,-99) (DRPAc,-99) (VONAc,-99) (PTGNb,-99) (CMCTc,-99)
DRPAb:(DRPAb,0) (EGLNb,-99) (CMCTb,-99) (GTb,-99) (ATTb,-99) (TWCb,-99) (UCb,-99) (OSUb,-99) (VONAb,-99) (UGAb,-99) (GSATb,-99) (PTGNb,-99) (VZb,-99) (CMCT,-99) (OSU,-99) (UCc,-99) (UC,-99) (PTGN,-99) (ATT,-99) (TWC,-99) (GTc,-99) (OSUc,-99) (GT,-99) (VONA,-99) (EGLN,-99) (GTa,-99) (DRPA,-99) (UCa,-99) (EGLNa,-99) (UGA,-99) (GSAT,-99) (EGLNc,-99) (PTGNc,-99) (DRPAc,-99) (VZ,-99) (OSUa,-99) (DRPAa,-99) (VONAc,-99) (CMCTc,-99) (PTGNa,-99) (CMCTa,-99) (VZc,-99) (GSATc,-99) (ATTc,-99) (TWCc,-99) (VONAa,-99) (ATTa,-99) (TWCa,-99) (UGAc,-99) (VZa,-99) (GSATa,-99) (UGAa,-99)
DRPAc:(DRPAc,0) (EGLNc,1) (CMCTc,-99) (GTc,-99) (ATTc,-99) (TWCc,-99) (UCc,-99) (OSUc,-99) (OSU,-99) (GTb,-99) (VONAc,-99) (UGAc,-99) (GSATc,-99) (UC,-99) (PTGN,-99) (UCb,-99) (EGLNb,-99) (PTGNc,-99) (GT,-99) (VONA,-99) (EGLN,-99) (GTa,-99) (DRPA,-99) (UCa,-99) (EGLNa,-99) (OSUb,-99) (DRPAb,-99) (VZc,-99) (VZ,-99) (GSAT,-99) (CMCT,-99) (OSUa,-99) (DRPAa,-99) (PTGNb,-99) (CMCTb,-99) (ATT,-99) (VZb,-99) (UGA,-99) (TWC,-99) (PTGNa,-99) (CMCTa,-99) (VONAb,-99) (ATTb,-99) (TWCb,-99) (VONAa,-99) (ATTa,-99) (TWCa,-99) (GSATb,-99) (UGAb,-99) (VZa,-99) (GSATa,-99) (UGAa,-99)
EGLN:(EGLN,0) (GT,-99) (DRPA,-99) (UC,-99) (GTa,-99) (CMCT,-99) (OSU,-99) (UCa,-99) (EGLNa,-99) (ATT,-99) (TWC,-99) (PTGN,-99) (OSUa,-99) (DRPAa,-99) (VONA,-99) (UGA,-99) (GSAT,-99) (PTGNa,-99) (CMCTa,-99) (VZ,-99) (VONAa,-99) (ATTa,-99) (TWCa,-99) (VZb,-99) (VZa,-99) (GSATa,-99) (UGAa,-99) (ATTb,-99) (UCc,-99) (UGAb,-99) (GSATb,-99) (CMCTb,-99) (GTc,-99) (OSUc,-99) (GTb,-99) (TWCb,-99) (VONAb,-99) (UCb,-99) (EGLNb,-99) (EGLNc,-99) (PTGNc,-99) (OSUb,-99) (DRPAb,-99) (DRPAc,-99) (VONAc,-99) (PTGNb,-99) (CMCTc,-99)
EGLNa:(EGLNa,0) (GTa,-99) (DRPAa,-99) (UCa,-99) (GT,-99) (CMCTa,-99) (UC,-99) (EGLN,-99) (OSUa,-99) (OSU,-99) (DRPA,-99) (ATTa,-99) (TWCa,-99) (PTGNa,-99) (PTGN,-99) (CMCT,-99) (VONAa,-99) (UGAa,-99) (GSATa,-99) (VONA,-99) (ATT,-99) (TWC,-99) (VZa,-99) (VZ,-99) (GSAT,-99) (UGA,-99) (VZb,-99) (ATTb,-99) (UCc,-99) (UGAb,-99) (GSATb,-99) (CMCTb,-99) (GTc,-99) (OSUc,-99) (GTb,-99) (TWCb,-99) (VONAb,-99) (UCb,-99) (EGLNb,-99) (EGLNc,-99) (PTGNc,-99) (OSUb,-99) (DRPAb,-99) (DRPAc,-99) (VONAc,-99) (PTGNb,-99) (CMCTc,-99)
EGLNb:(EGLNb,0) (GTb,-99) (DRPAb,-99) (UCb,-99) (CMCTb,-99) (OSUb,-99) (ATTb,-99) (TWCb,-99) (PTGNb,-99) (VONAb,-99) (UGAb,-99) (GSATb,-99) (VZb,-99) (CMCT,-99) (OSU,-99) (UCc,-99) (UC,-99) (PTGN,-99) (ATT,-99) (TWC,-99) (GTc,-99) (OSUc,-99) (GT,-99) (VONA,-99) (EGLN,-99) (GTa,-99) (DRPA,-99) (UCa,-99) (EGLNa,-99) (UGA,-99) (GSAT,-99) (EGLNc,-99) (PTGNc,-99) (DRPAc,-99) (VZ,-99) (OSUa,-99) (DRPAa,-99) (VONAc,-99) (CMCTc,-99) (PTGNa,-99) (CMCTa,-99) (VZc,-99) (GSATc,-99) (ATTc,-99) (TWCc,-99) (VONAa,-99) (ATTa,-99) (TWCa,-99)
EGLNc:(EGLNc,0) (GTc,-99) (DRPAc,-99) (UCc,-99) (CMCTc,-99) (OSUc,-99) (OSU,-99) (GTb,-99) (ATTc,-99) (TWCc,-99) (UC,-99) (PTGN,-99) (UCb,-99) (EGLNb,-99) (PTGNc,-99) (GT,-99) (VONA,-99) (EGLN,-99) (GTa,-99) (DRPA,-99) (UCa,-99) (EGLNa,-99) (OSUb,-99) (DRPAb,-99) (VONAc,-99) (UGAc,-99) (GSATc,-99) (VZ,-99) (GSAT,-99) (CMCT,-99) (OSUa,-99) (DRPAa,-99) (PTGNb,-99) (CMCTb,-99) (VZc,-99) (ATT,-99) (VZb,-99) (UGA,-99) (TWC,-99) (PTGNa,-99) (CMCTa,-99) (VONAb,-99) (ATTb,-99) (TWCb,-99) (VONAa,-99) (ATTa,-99) (TWCa,-99) (GSATb,-99) (UGAb,-99) (VZa,-99) (GSATa,-99) (UGAa,-99)
GSAT:(GSAT,0) (VONA,-99) (UGA,-99) (VZ,-99) (ATT,-99) (VZb,-99) (CMCT,-99) (TWC,-99) (ATTb,-99) (OSU,-99) (UCc,-99) (UC,-99) (PTGN,-99) (UGAb,-99) (GSATb,-99) (CMCTb,-99) (GTc,-99) (OSUc,-99) (GTb,-99) (GT,-99) (EGLN,-99) (GTa,-99) (DRPA,-99) (UCa,-99) (EGLNa,-99) (TWCb,-99) (VONAb,-99) (UCb,-99) (EGLNb,-99) (EGLNc,-99) (PTGNc,-99) (OSUb,-99) (DRPAb,-99) (DRPAc,-99) (OSUa,-99) (DRPAa,-99) (VONAc,-99) (PTGNb,-99) (CMCTc,-99) (PTGNa,-99) (CMCTa,-99) (VZc,-99) (GSATc,-99) (ATTc,-99) (TWCc,-99) (VONAa,-99) (ATTa,-99) (TWCa,-99) (UGAc,-99) (VZa,-99) (GSATa,-99) (UGAa,-99)
GSATa:(GSATa,0) (VONAa,-99) (UGAa,-99) (VZa,-99) (ATTa,-99) (CMCTa,-99) (TWCa,-99)
GSATb:(GSATb,0) (VONAb,-99) (UGAb,-99) (VZb,-99) (ATTb,-99) (CMCT,-99) (OSU,-99) (UCc,-99) (CMCTb,-99) (TWCb,-99) (UC,-99) (PTGN,-99) (ATT,-99) (TWC,-99) (GTc,-99) (OSUc,-99) (GTb,-99) (GT,-99) (VONA,-99) (EGLN,-99) (GTa,-99) (DRPA,-99) (UCa,-99) (EGLNa,-99) (UGA,-99) (GSAT,-99) (UCb,-99) (EGLNb,-99) (EGLNc,-99) (PTGNc,-99) (OSUb,-99) (DRPAb,-99) (DRPAc,-99) (VZ,-99) (OSUa,-99) (DRPAa,-99) (VONAc,-99) (PTGNb,-99) (CMCTc,-99) (PTGNa,-99) (CMCTa,-99) (VZc,-99) (GSATc,-99) (ATTc,-99) (TWCc,-99) (VONAa,-99) (ATTa,-99) (TWCa,-99) (UGAc,-99) (VZa,-99) (GSATa,-99) (UGAa,-99)
GSATc:(GSATc,0) (VONAc,-99) (UGAc,-99) (VZc,-99) (ATTc,-99) (UCb,-99) (CMCTc,-99) (TWCc,-99) (GTb,-99) (OSUb,-99) (EGLNb,-99) (PTGNb,-99) (DRPAb,-99) (VONAb,-99) (CMCTb,-99) (VZb,-99) (GSATb,-99) (ATTb,-99) (TWCb,-99) (CMCT,-99) (OSU,-99) (UCc,-99) (UGAb,-99) (UC,-99) (PTGN,-99) (ATT,-99) (TWC,-99) (GTc,-99) (OSUc,-99) (GT,-99) (VONA,-99) (EGLN,-99) (GTa,-99) (DRPA,-99) (UCa,-99) (EGLNa,-99) (UGA,-99) (GSAT,-99) (EGLNc,-99) (PTGNc,-99) (DRPAc,-99) (VZ,-99) (OSUa,-99) (DRPAa,-99) (PTGNa,-99) (CMCTa,-99) (VONAa,-99) (ATTa,-99) (TWCa,-99)
GT:(GT,0) (UC,-99) (EGLN,-99) (GTa,-99) (OSU,-99) (DRPA,-99) (UCa,-99) (EGLNa,-99) (PTGN,-99) (CMCT,-99) (OSUa,-99) (DRPAa,-99) (VONA,-99) (ATT,-99) (TWC,-99) (PTGNa,-99) (CMCTa,-99) (VZ,-99) (GSAT,-99) (UGA,-99) (VONAa,-99) (ATTa,-99) (TWCa,-99) (VZb,-99) (VZa,-99) (GSATa,-99) (UGAa,-99) (ATTb,-99) (UCc,-99) (UGAb,-99) (GSATb,-99) (CMCTb,-99) (GTc,-99) (OSUc,-99) (GTb,-99) (TWCb,-99) (VONAb,-99) (UCb,-99) (EGLNb,-99) (EGLNc,-99) (PTGNc,-99) (OSUb,-99) (DRPAb,-99) (DRPAc,-99) (VONAc,-99) (PTGNb,-99) (CMCTc,-99)
GTa:(GTa,0) (UCa,-99) (EGLNa,-99) (GT,-99) (UC,-99) (EGLN,-99) (OSUa,-99) (DRPAa,-99) (OSU,-99) (DRPA,-99) (PTGNa,-99) (CMCTa,-99) (PTGN,-99) (CMCT,-99) (VONAa,-99) (ATTa,-99) (TWCa,-99) (VONA,-99) (ATT,-99) (TWC,-99) (VZa,-99) (GSATa,-99) (UGAa,-99) (VZ,-99) (GSAT,-99) (UGA,-99) (VZb,-99) (ATTb,-99) (UCc,-99) (UGAb,-99) (GSATb,-99) (CMCTb,-99) (GTc,-99) (OSUc,-99) (GTb,-99) (TWCb,-99) (VONAb,-99) (UCb,-99) (EGLNb,-99) (EGLNc,-99) (PTGNc,-99) (OSUb,-99) (DRPAb,-99) (DRPAc,-99) (VONAc,-99) (PTGNb,-99) (CMCTc,-99)
GTb:(GTb,0) (UCb,-99) (EGLNb,-99) (OSUb,-99) (DRPAb,-99) (PTGNb,-99) (CMCTb,-99) (VONAb,-99) (ATTb,-99) (TWCb,-99) (VZb,-99) (GSATb,-99) (UGAb,-99) (CMCT,-99) (OSU,-99) (UCc,-99) (UC,-99) (PTGN,-99) (ATT,-99) (TWC,-99) (GTc,-99) (OSUc,-99) (GT,-99) (VONA,-99) (EGLN,-99) (GTa,-99) (DRPA,-99) (UCa,-99) (EGLNa,-99) (UGA,-99) (GSAT,-99) (EGLNc,-99) (PTGNc,-99) (DRPAc,-99) (VZ,-99) (OSUa,-99) (DRPAa,-99) (VONAc,-99) (CMCTc,-99) (PTGNa,-99) (CMCTa,-99) (VZc,-99) (GSATc,-99) (ATTc,-99) (TWCc,-99) (VONAa,-99) (ATTa,-99) (TWCa,-99)
GTc:(GTc,0) (UCc,-99) (EGLNc,-99) (OSUc,-99) (OSU,-99) (GTb,-99) (DRPAc,-99) (UC,-99) (PTGN,-99) (UCb,-99) (EGLNb,-99) (PTGNc,-99) (GT,-99) (VONA,-99) (EGLN,-99) (GTa,-99) (DRPA,-99) (UCa,-99) (EGLNa,-99) (OSUb,-99) (DRPAb,-99) (CMCTc,-99) (VONAc,-99) (VZ,-99) (GSAT,-99) (CMCT,-99) (OSUa,-99) (DRPAa,-99) (PTGNb,-99) (CMCTb,-99) (ATTc,-99) (TWCc,-99) (VZc,-99) (GSATc,-99) (ATT,-99) (VZb,-99) (UGA,-99) (TWC,-99) (PTGNa,-99) (CMCTa,-99) (VONAb,-99) (ATTb,-99) (TWCb,-99) (UGAc,-99) (VONAa,-99) (ATTa,-99) (TWCa,-99) (GSATb,-99) (UGAb,-99) (VZa,-99) (GSATa,-99) (UGAa,-99)
OSU:(OSU,0) (UC,-99) (PTGN,-99) (GT,-99) (VONA,-99) (EGLN,-99) (GTa,-99) (DRPA,-99) (UCa,-99) (EGLNa,-99) (VZ,-99) (GSAT,-99) (CMCT,-99) (OSUa,-99) (DRPAa,-99) (ATT,-99) (VZb,-99) (UGA,-99) (TWC,-99) (PTGNa,-99) (CMCTa,-99) (ATTb,-99) (UCc,-99) (VONAa,-99) (ATTa,-99) (TWCa,-99) (UGAb,-99) (GSATb,-99) (CMCTb,-99) (GTc,-99) (OSUc,-99) (GTb,-99) (VZa,-99) (GSATa,-99) (UGAa,-99) (TWCb,-99) (VONAb,-99) (UCb,-99) (EGLNb,-99) (EGLNc,-99) (PTGNc,-99) (OSUb,-99) (DRPAb,-99) (DRPAc,-99) (VONAc,-99) (PTGNb,-99) (CMCTc,-99) (VZc,-99) (GSATc,-99) (ATTc,-99) (TWCc,-99) (UGAc,-99)
OSUa:(OSUa,0) (UCa,-99) (PTGNa,-99) (GTa,-99) (VONAa,-99) (EGLNa,-99) (GT,-99) (UC,-99) (EGLN,-99) (DRPAa,-99) (OSU,-99) (DRPA,-99) (VZa,-99) (GSATa,-99) (CMCTa,-99) (PTGN,-99) (CMCT,-99) (ATTa,-99) (UGAa,-99) (TWCa,-99) (VONA,-99) (ATT,-99) (TWC,-99) (VZ,-99) (GSAT,-99) (UGA,-99) (VZb,-99) (ATTb,-99) (UCc,-99) (UGAb,-99) (GSATb,-99) (CMCTb,-99) (GTc,-99) (OSUc,-99) (GTb,-99) (TWCb,-99) (VONAb,-99) (UCb,-99) (EGLNb,-99) (EGLNc,-99) (PTGNc,-99) (OSUb,-99) (DRPAb,-99) (DRPAc,-99) (VONAc,-99) (PTGNb,-99) (CMCTc,-99)
OSUb:(OSUb,0) (UCb,-99) (PTGNb,-99) (GTb,-99) (VONAb,-99) (EGLNb,-99) (DRPAb,-99) (VZb,-99) (GSATb,-99) (CMCTb,-99) (ATTb,-99) (CMCT,-99) (OSU,-99) (UCc,-99) (UGAb,-99) (TWCb,-99) (UC,-99) (PTGN,-99) (ATT,-99) (TWC,-99) (GTc,-99) (OSUc,-99) (GT,-99) (VONA,-99) (EGLN,-99) (GTa,-99) (DRPA,-99) (UCa,-99) (EGLNa,-99) (UGA,-99) (GSAT,-99) (EGLNc,-99) (PTGNc,-99) (DRPAc,-99) (VZ,-99) (OSUa,-99) (DRPAa,-99) (VONAc,-99) (CMCTc,-99) (PTGNa,-99) (CMCTa,-99) (VZc,-99) (GSATc,-99) (ATTc,-99) (TWCc,-99) (VONAa,-99) (ATTa,-99) (TWCa,-99) (UGAc,-99) (VZa,-99) (GSATa,-99) (UGAa,-99)
OSUc:(OSUc,0) (UCc,-99) (PTGNc,-99) (GTc,-99) (OSU,-99) (GTb,-99) (VONAc,-99) (UC,-99) (PTGN,-99) (UCb,-99) (EGLNb,-99) (EGLNc,-99) (GT,-99) (VONA,-99) (EGLN,-99) (GTa,-99) (DRPA,-99) (UCa,-99) (EGLNa,-99) (OSUb,-99) (DRPAb,-99) (DRPAc,-99) (VZc,-99) (GSATc,-99) (VZ,-99) (GSAT,-99) (CMCT,-99) (OSUa,-99) (DRPAa,-99) (PTGNb,-99) (CMCTb,-99) (CMCTc,-99) (ATTc,-99) (UGAc,-99) (ATT,-99) (VZb,-99) (UGA,-99) (TWC,-99) (PTGNa,-99) (CMCTa,-99) (VONAb,-99) (ATTb,-99) (TWCb,-99) (TWCc,-99) (VONAa,-99) (ATTa,-99) (TWCa,-99) (GSATb,-99) (UGAb,-99) (VZa,-99) (GSATa,-99) (UGAa,-99)
PTGN:(PTGN,0) (OSU,-99) (VONA,-99) (UC,-99) (VZ,-99) (GSAT,-99) (GT,-99) (EGLN,-99) (GTa,-99) (DRPA,-99) (UCa,-99) (EGLNa,-99) (ATT,-99) (VZb,-99) (UGA,-99) (CMCT,-99) (OSUa,-99) (DRPAa,-99) (ATTb,-99) (UCc,-99) (TWC,-99) (PTGNa,-99) (CMCTa,-99) (UGAb,-99) (GSATb,-99) (CMCTb,-99) (GTc,-99) (OSUc,-99) (GTb,-99) (VONAa,-99) (ATTa,-99) (TWCa,-99) (TWCb,-99) (VONAb,-99) (UCb,-99) (EGLNb,-99) (EGLNc,-99) (PTGNc,-99) (OSUb,-99) (DRPAb,-99) (DRPAc,-99) (VZa,-99) (GSATa,-99) (UGAa,-99) (VONAc,-99) (PTGNb,-99) (CMCTc,-99) (VZc,-99) (GSATc,-99) (ATTc,-99) (TWCc,-99) (UGAc,-99)
PTGNa:(PTGNa,0) (OSUa,-1) (VONAa,-99) (UCa,-99) (VZa,-99) (GSATa,-99) (GTa,-99) (EGLNa,-99) (GT,-99) (UC,-99) (EGLN,-99) (DRPAa,-99) (OSU,-99) (DRPA,-99) (ATTa,-99) (UGAa,-99) (CMCTa,-99) (PTGN,-99) (CMCT,-99) (TWCa,-99) (VONA,-99) (ATT,-99) (TWC,-99) (VZ,-99) (GSAT,-99) (UGA,-99) (VZb,-99) (ATTb,-99) (UCc,-99) (UGAb,-99) (GSATb,-99) (CMCTb,-99) (GTc,-99) (OSUc,-99) (GTb,-99) (TWCb,-99) (VONAb,-99) (UCb,-99) (EGLNb,-99) (EGLNc,-99) (PTGNc,-99) (OSUb,-99) (DRPAb,-99) (DRPAc,-99) (VONAc,-99) (PTGNb,-99) (CMCTc,-99)
PTGNb:(PTGNb,0) (OSUb,-99) (VONAb,-99) (UCb,-99) (VZb,-99) (GSATb,-99) (GTb,-99) (EGLNb,-99) (DRPAb,-99) (ATTb,-99) (CMCT,-99) (OSU,-99) (UCc,-99) (UGAb,-99) (CMCTb,-99) (UC,-99) (PTGN,-99) (ATT,-99) (TWC,-99) (GTc,-99) (OSUc,-99) (GT,-99) (VONA,-99) (EGLN,-99) (GTa,-99) (DRPA,-99) (UCa,-99) (EGLNa,-99) (UGA,-99) (GSAT,-99) (TWCb,-99) (EGLNc,-99) (PTGNc,-99) (DRPAc,-99) (VZ,-99) (OSUa,-99) (DRPAa,-99) (VONAc,-99) (CMCTc,-99) (PTGNa,-99) (CMCTa,-99) (VZc,-99) (GSATc,-99) (ATTc,-99) (TWCc,-99) (VONAa,-99) (ATTa,-99) (TWCa,-99) (UGAc,-99) (VZa,-99) (GSATa,-99) (UGAa,-99)
PTGNc:(PTGNc,0) (OSUc,-99) (VONAc,-99) (UCc,-99) (VZc,-99) (GSATc,-99) (GTc,-99) (OSU,-99) (GTb,-99) (UC,-99) (PTGN,-99) (UCb,-99) (EGLNb,-99) (EGLNc,-99) (GT,-99) (VONA,-99) (EGLN,-99) (GTa,-99) (DRPA,-99) (UCa,-99) (EGLNa,-99) (OSUb,-99) (DRPAb,-99) (DRPAc,-99) (ATTc,-99) (UGAc,-99) (VZ,-99) (GSAT,-99) (CMCT,-99) (OSUa,-99) (DRPAa,-99) (PTGNb,-99) (CMCTb,-99) (CMCTc,-99) (ATT,-99) (VZb,-99) (UGA,-99) (TWC,-99) (PTGNa,-99) (CMCTa,-99) (VONAb,-99) (ATTb,-99) (TWCb,-99) (TWCc,-99) (VONAa,-99) (ATTa,-99) (TWCa,-99) (GSATb,-99) (UGAb,-99) (VZa,-99) (GSATa,-99) (UGAa,-99)
TWC:(TWC,0) (CMCT,-99) (VONA,-99) (ATT,-99) (VZ,-99) (GSAT,-99) (UGA,-99) (VZb,-99) (ATTb,-99) (OSU,-99) (UCc,-99) (UC,-99) (PTGN,-99) (UGAb,-99) (GSATb,-99) (CMCTb,-99) (GTc,-99) (OSUc,-99) (GTb,-99) (GT,-99) (EGLN,-99) (GTa,-99) (DRPA,-99) (UCa,-99) (EGLNa,-99) (TWCb,-99) (VONAb,-99) (UCb,-99) (EGLNb,-99) (EGLNc,-99) (PTGNc,-99) (OSUb,-99) (DRPAb,-99) (DRPAc,-99) (OSUa,-99) (DRPAa,-99) (VONAc,-99) (PTGNb,-99) (CMCTc,-99) (PTGNa,-99) (CMCTa,-99) (VZc,-99) (GSATc,-99) (ATTc,-99) (TWCc,-99) (VONAa,-99) (ATTa,-99) (TWCa,-99) (UGAc,-99) (VZa,-99) (GSATa,-99) (UGAa,-99)
TWCa:(TWCa,0) (CMCTa,-99) (VONAa,-99) (ATTa,-99) (VZa,-99) (GSATa,-99) (UGAa,-99)
TWCb:(TWCb,0) (CMCTb,-99) (VONAb,-99) (ATTb,-99) (VZb,-99) (GSATb,-99) (UGAb,-99) (CMCT,-99) (OSU,-99) (UCc,-99) (UC,-99) (PTGN,-99) (ATT,-99) (TWC,-99) (GTc,-99) (OSUc,-99) (GTb,-99) (GT,-99) (VONA,-99) (EGLN,-99) (GTa,-99) (DRPA,-99) (UCa,-99) (EGLNa,-99) (UGA,-99) (GSAT,-99) (UCb,-99) (EGLNb,-99) (EGLNc,-99) (PTGNc,-99) (OSUb,-99) (DRPAb,-99) (DRPAc,-99) (VZ,-99) (OSUa,-99) (DRPAa,-99) (VONAc,-99) (PTGNb,-99) (CMCTc,-99) (PTGNa,-99) (CMCTa,-99) (VZc,-99) (GSATc,-99) (ATTc,-99) (TWCc,-99) (VONAa,-99) (ATTa,-99) (TWCa,-99) (UGAc,-99) (VZa,-99) (GSATa,-99) (UGAa,-99)
TWCc:(TWCc,0) (CMCTc,-99) (VONAc,-99) (ATTc,-99) (VZc,-99) (GSATc,-99) (UGAc,-99) (UCb,-99) (GTb,-99) (OSUb,-99) (EGLNb,-99) (PTGNb,-99) (DRPAb,-99) (VONAb,-99) (CMCTb,-99) (VZb,-99) (GSATb,-99) (ATTb,-99) (TWCb,-99) (CMCT,-99) (OSU,-99) (UCc,-99) (UGAb,-99) (UC,-99) (PTGN,-99) (ATT,-99) (TWC,-99) (GTc,-99) (OSUc,-99) (GT,-99) (VONA,-99) (EGLN,-99) (GTa,-99) (DRPA,-99) (UCa,-99) (EGLNa,-99) (UGA,-99) (GSAT,-99) (EGLNc,-99) (PTGNc,-99) (DRPAc,-99) (VZ,-99) (OSUa,-99) (DRPAa,-99) (PTGNa,-99) (CMCTa,-99)
UC:(UC,0) (GT,-99) (OSU,-99) (EGLN,-99) (GTa,-99) (PTGN,-99) (DRPA,-99) (UCa,-99) (EGLNa,-99) (VONA,-99) (CMCT,-99) (OSUa,-99) (DRPAa,-99) (VZ,-99) (GSAT,-99) (ATT,-99) (TWC,-99) (PTGNa,-99) (CMCTa,-99) (VZb,-99) (UGA,-99) (VONAa,-99) (ATTa,-99) (TWCa,-99) (ATTb,-99) (UCc,-99) (VZa,-99) (GSATa,-99) (UGAa,-99) (UGAb,-99) (GSATb,-99) (CMCTb,-99) (GTc,-99) (OSUc,-99) (GTb,-99) (TWCb,-99) (VONAb,-99) (UCb,-99) (EGLNb,-99) (EGLNc,-99) (PTGNc,-99) (OSUb,-99) (DRPAb,-99) (DRPAc,-99) (VONAc,-99) (PTGNb,-99) (CMCTc,-99) (VZc,-99) (GSATc,-99) (ATTc,-99) (TWCc,-99)
UCa:(UCa,0) (GTa,-99) (OSUa,-99) (EGLNa,-99) (GT,-99) (PTGNa,-99) (UC,-99) (EGLN,-99) (DRPAa,-99) (OSU,-99) (DRPA,-99) (VONAa,-99) (CMCTa,-99) (PTGN,-99) (CMCT,-99) (VZa,-99) (GSATa,-99) (ATTa,-99) (TWCa,-99) (VONA,-99) (ATT,-99) (TWC,-99) (UGAa,-99) (VZ,-99) (GSAT,-99) (UGA,-99) (VZb,-99) (ATTb,-99) (UCc,-99) (UGAb,-99) (GSATb,-99) (CMCTb,-99) (GTc,-99) (OSUc,-99) (GTb,-99) (TWCb,-99) (VONAb,-99) (UCb,-99) (EGLNb,-99) (EGLNc,-99) (PTGNc,-99) (OSUb,-99) (DRPAb,-99) (DRPAc,-99) (VONAc,-99) (PTGNb,-99) (CMCTc,-99)
UCb:(UCb,0) (GTb,-99) (OSUb,-99) (EGLNb,-99) (PTGNb,-99) (DRPAb,-99) (VONAb,-99) (CMCTb,-99) (VZb,-99) (GSATb,-99) (ATTb,-99) (TWCb,-99) (CMCT,-99) (OSU,-99) (UCc,-99) (UGAb,-99) (UC,-99) (PTGN,-99) (ATT,-99) (TWC,-99) (GTc,-99) (OSUc,-99) (GT,-99) (VONA,-99) (EGLN,-99) (GTa,-99) (DRPA,-99) (UCa,-99) (EGLNa,-99) (UGA,-99) (GSAT,-99) (EGLNc,-99) (PTGNc,-99) (DRPAc,-99) (VZ,-99) (OSUa,-99) (DRPAa,-99) (VONAc,-99) (CMCTc,-99) (PTGNa,-99) (CMCTa,-99) (VZc,-99) (GSATc,-99) (ATTc,-99) (TWCc,-99) (VONAa,-99) (ATTa,-99) (TWCa,-99) (UGAc,-99) (VZa,-99) (GSATa,-99) (UGAa,-99)
UCc:(UCc,0) (GTc,-99) (OSUc,-99) (OSU,-99) (GTb,-99) (UC,-99) (PTGN,-99) (UCb,-99) (EGLNb,-99) (EGLNc,-99) (PTGNc,-99) (GT,-99) (VONA,-99) (EGLN,-99) (GTa,-99) (DRPA,-99) (UCa,-99) (EGLNa,-99) (OSUb,-99) (DRPAb,-99) (DRPAc,-99) (VONAc,-99) (VZ,-99) (GSAT,-99) (CMCT,-99) (OSUa,-99) (DRPAa,-99) (PTGNb,-99) (CMCTb,-99) (CMCTc,-99) (VZc,-99) (GSATc,-99) (ATT,-99) (VZb,-99) (UGA,-99) (TWC,-99) (PTGNa,-99) (CMCTa,-99) (VONAb,-99) (ATTb,-99) (TWCb,-99) (ATTc,-99) (TWCc,-99) (UGAc,-99) (VONAa,-99) (ATTa,-99) (TWCa,-99) (GSATb,-99) (UGAb,-99) (VZa,-99) (GSATa,-99) (UGAa,-99)
UGA:(UGA,0) (ATT,-99) (GSAT,-99) (CMCT,-99) (VONA,-99) (TWC,-99) (VZ,-99) (VZb,-99) (ATTb,-99) (OSU,-99) (UCc,-99) (UC,-99) (PTGN,-99) (UGAb,-99) (GSATb,-99) (CMCTb,-99) (GTc,-99) (OSUc,-99) (GTb,-99) (GT,-99) (EGLN,-99) (GTa,-99) (DRPA,-99) (UCa,-99) (EGLNa,-99) (TWCb,-99) (VONAb,-99) (UCb,-99) (EGLNb,-99) (EGLNc,-99) (PTGNc,-99) (OSUb,-99) (DRPAb,-99) (DRPAc,-99) (OSUa,-99) (DRPAa,-99) (VONAc,-99) (PTGNb,-99) (CMCTc,-99) (PTGNa,-99) (CMCTa,-99) (VZc,-99) (GSATc,-99) (ATTc,-99) (TWCc,-99) (VONAa,-99) (ATTa,-99) (TWCa,-99) (UGAc,-99) (VZa,-99) (GSATa,-99) (UGAa,-99)
UGAa:(UGAa,0) (ATTa,-99) (GSATa,-99) (CMCTa,-99) (VONAa,-99) (TWCa,-99) (VZa,-99)
UGAb:(UGAb,0) (ATTb,-99) (GSATb,-99) (CMCTb,-99) (VONAb,-99) (TWCb,-99) (VZb,-99) (CMCT,-99) (OSU,-99) (UCc,-99) (UC,-99) (PTGN,-99) (ATT,-99) (TWC,-99) (GTc,-99) (OSUc,-99) (GTb,-99) (GT,-99) (VONA,-99) (EGLN,-99) (GTa,-99) (DRPA,-99) (UCa,-99) (EGLNa,-99) (UGA,-99) (GSAT,-99) (UCb,-99) (EGLNb,-99) (EGLNc,-99) (PTGNc,-99) (OSUb,-99) (DRPAb,-99) (DRPAc,-99) (VZ,-99) (OSUa,-99) (DRPAa,-99) (VONAc,-99) (PTGNb,-99) (CMCTc,-99) (PTGNa,-99) (CMCTa,-99) (VZc,-99) (GSATc,-99) (ATTc,-99) (TWCc,-99) (VONAa,-99) (ATTa,-99) (TWCa,-99) (UGAc,-99) (VZa,-99) (GSATa,-99) (UGAa,-99)
UGAc:(UGAc,0) (ATTc,-99) (GSATc,-99) (CMCTc,-99) (VONAc,-99) (TWCc,-99) (VZc,-99) (UCb,-99) (GTb,-99) (OSUb,-99) (EGLNb,-99) (PTGNb,-99) (DRPAb,-99) (VONAb,-99) (CMCTb,-99) (VZb,-99) (GSATb,-99) (ATTb,-99) (TWCb,-99) (CMCT,-99) (OSU,-99) (UCc,-99) (UGAb,-99) (UC,-99) (PTGN,-99) (ATT,-99) (TWC,-99) (GTc,-99) (OSUc,-99) (GT,-99) (VONA,-99) (EGLN,-99) (GTa,-99) (DRPA,-99) (UCa,-99) (EGLNa,-99) (UGA,-99) (GSAT,-99) (EGLNc,-99) (PTGNc,-99) (DRPAc,-99) (VZ,-99) (OSUa,-99) (DRPAa,-99) (PTGNa,-99) (CMCTa,-99) (VONAa,-99) (ATTa,-99) (TWCa,-99)
VONA:(VONA,0) (VZ,-99) (GSAT,-99) (ATT,-99) (VZb,-99) (UGA,-99) (CMCT,-99) (ATTb,-99) (OSU,-99) (UCc,-99) (TWC,-99) (UC,-99) (PTGN,-99) (UGAb,-99) (GSATb,-99) (CMCTb,-99) (GTc,-99) (OSUc,-99) (GTb,-99) (GT,-99) (EGLN,-99) (GTa,-99) (DRPA,-99) (UCa,-99) (EGLNa,-99) (TWCb,-99) (VONAb,-99) (UCb,-99) (EGLNb,-99) (EGLNc,-99) (PTGNc,-99) (OSUb,-99) (DRPAb,-99) (DRPAc,-99) (OSUa,-99) (DRPAa,-99) (VONAc,-99) (PTGNb,-99) (CMCTc,-99) (PTGNa,-99) (CMCTa,-99) (VZc,-99) (GSATc,-99) (ATTc,-99) (TWCc,-99) (VONAa,-99) (ATTa,-99) (TWCa,-99) (UGAc,-99) (VZa,-99) (GSATa,-99) (UGAa,-99)
VONAa:(VONAa,0) (VZa,-99) (GSATa,-99) (ATTa,-99) (UGAa,-99) (CMCTa,-99) (TWCa,-99)
VONAb:(VONAb,0) (VZb,-99) (GSATb,-99) (ATTb,-99) (CMCT,-99) (OSU,-99) (UCc,-99) (UGAb,-99) (UC,-99) (PTGN,-99) (ATT,-99) (TWC,-99) (CMCTb,-99) (GTc,-99) (OSUc,-99) (GTb,-99) (GT,-99) (VONA,-99) (EGLN,-99) (GTa,-99) (DRPA,-99) (UCa,-99) (EGLNa,-99) (UGA,-99) (GSAT,-99) (TWCb,-99) (UCb,-99) (EGLNb,-99) (EGLNc,-99) (PTGNc,-99) (OSUb,-99) (DRPAb,-99) (DRPAc,-99) (VZ,-99) (OSUa,-99) (DRPAa,-99) (VONAc,-99) (PTGNb,-99) (CMCTc,-99) (PTGNa,-99) (CMCTa,-99) (VZc,-99) (GSATc,-99) (ATTc,-99) (TWCc,-99) (VONAa,-99) (ATTa,-99) (TWCa,-99) (UGAc,-99) (VZa,-99) (GSATa,-99) (UGAa,-99)
VONAc:(VONAc,0) (VZc,-99) (GSATc,-99) (ATTc,-99) (UCb,-99) (UGAc,-99) (GTb,-99) (OSUb,-99) (CMCTc,-99) (EGLNb,-99) (PTGNb,-99) (DRPAb,-99) (TWCc,-99) (VONAb,-99) (CMCTb,-99) (VZb,-99) (GSATb,-99) (ATTb,-99) (TWCb,-99) (CMCT,-99) (OSU,-99) (UCc,-99) (UGAb,-99) (UC,-99) (PTGN,-99) (ATT,-99) (TWC,-99) (GTc,-99) (OSUc,-99) (GT,-99) (VONA,-99) (EGLN,-99) (GTa,-99) (DRPA,-99) (UCa,-99) (EGLNa,-99) (UGA,-99) (GSAT,-99) (EGLNc,-99) (PTGNc,-99) (DRPAc,-99) (VZ,-99) (OSUa,-99) (DRPAa,-99) (PTGNa,-99) (CMCTa,-99) (VONAa,-99) (ATTa,-99) (TWCa,-99)
VZ:(VZ,0) (ATT,-99) (VZb,-99) (UGA,-99) (GSAT,-99) (CMCT,-99) (ATTb,-99) (OSU,-99) (UCc,-99) (TWC,-99) (VONA,-99) (UC,-99) (PTGN,-99) (UGAb,-99) (GSATb,-99) (CMCTb,-99) (GTc,-99) (OSUc,-99) (GTb,-99) (GT,-99) (EGLN,-99) (GTa,-99) (DRPA,-99) (UCa,-99) (EGLNa,-99) (TWCb,-99) (VONAb,-99) (UCb,-99) (EGLNb,-99) (EGLNc,-99) (PTGNc,-99) (OSUb,-99) (DRPAb,-99) (DRPAc,-99) (OSUa,-99) (DRPAa,-99) (VONAc,-99) (PTGNb,-99) (CMCTc,-99) (PTGNa,-99) (CMCTa,-99) (VZc,-99) (GSATc,-99) (ATTc,-99) (TWCc,-99) (VONAa,-99) (ATTa,-99) (TWCa,-99) (UGAc,-99) (VZa,-99) (GSATa,-99) (UGAa,-99)
VZa:(VZa,0) (ATTa,2) (UGAa,-99) (GSATa,-99) (CMCTa,-99) (TWCa,-99) (VONAa,-99)
VZb:(VZb,0) (ATTb,-99) (CMCT,-99) (OSU,-99) (UCc,-99) (UC,-99) (PTGN,-99) (ATT,-99) (TWC,-99) (UGAb,-99) (GSATb,-99) (CMCTb,-99) (GTc,-99) (OSUc,-99) (GTb,-99) (GT,-99) (VONA,-99) (EGLN,-99) (GTa,-99) (DRPA,-99) (UCa,-99) (EGLNa,-99) (UGA,-99) (GSAT,-99) (TWCb,-99) (VONAb,-99) (UCb,-99) (EGLNb,-99) (EGLNc,-99) (PTGNc,-99) (OSUb,-99) (DRPAb,-99) (DRPAc,-99) (VZ,-99) (OSUa,-99) (DRPAa,-99) (VONAc,-99) (PTGNb,-99) (CMCTc,-99) (PTGNa,-99) (CMCTa,-99) (VZc,-99) (GSATc,-99) (ATTc,-99) (TWCc,-99) (VONAa,-99) (ATTa,-99) (TWCa,-99) (UGAc,-99) (VZa,-99) (GSATa,-99) (UGAa,-99)
VZc:(VZc,0) (ATTc,-99) (UCb,-99) (GTb,-99) (OSUb,-99) (UGAc,-99) (GSATc,-99) (CMCTc,-99) (EGLNb,-99) (PTGNb,-99) (DRPAb,-99) (TWCc,-99) (VONAc,-99) (VONAb,-99) (CMCTb,-99) (VZb,-99) (GSATb,-99) (ATTb,-99) (TWCb,-99) (CMCT,-99) (OSU,-99) (UCc,-99) (UGAb,-99) (UC,-99) (PTGN,-99) (ATT,-99) (TWC,-99) (GTc,-99) (OSUc,-99) (GT,-99) (VONA,-99) (EGLN,-99) (GTa,-99) (DRPA,-99) (UCa,-99) (EGLNa,-99) (UGA,-99) (GSAT,-99) (EGLNc,-99) (PTGNc,-99) (DRPAc,-99) (VZ,-99) (OSUa,-99) (DRPAa,-99) (PTGNa,-99) (CMCTa,-99) (VONAa,-99) (ATTa,-99) (TWCa,-99) (VZa,-99) (GSATa,-99) (UGAa,-99)
-----
ATT:(ATT,0) (UGA,-99) (GSAT,-99) (CMCT,-99) (TWC,-99) (VONA,-99) (VZ,-99) (VZb,-99) (ATTb,-99) (OSU,-99) (UCc,-99) (UC,-99) (PTGN,-99) (UGAb,-99) (GSATb,-99) (CMCTb,-99) (GTc,-99) (OSUc,-99) (GTb,-99) (GT,-99) (EGLN,-99) (GTa,-99) (DRPA,-99) (UCa,-99) (EGLNa,-99) (TWCb,-99) (VONAb,-99) (UCb,-99) (EGLNb,-99) (EGLNc,-99) (PTGNc,-99) (OSUb,-99) (DRPAb,-99) (DRPAc,-99) (OSUa,-99) (DRPAa,-99) (VONAc,-99) (PTGNb,-99) (CMCTc,-99) (PTGNa,-99) (CMCTa,-99) (VZc,-99) (GSATc,-99) (ATTc,-99) (TWCc,-99) (VONAa,-99) (ATTa,-99) (TWCa,-99) (UGAc,-99) (VZa,-99) (GSATa,-99) (UGAa,-99)
ATTa:(ATTa,0) (UGAa,-99) (GSATa,-99) (CMCTa,-99) (TWCa,-99) (VONAa,-99) (VZa,-99)
ATTb:(ATTb,0) (UGAb,-99) (GSATb,-99) (CMCTb,-99) (TWCb,-99) (VONAb,-99) (VZb,-99) (CMCT,-99) (OSU,-99) (UCc,-99) (UC,-99) (PTGN,-99) (ATT,-99) (TWC,-99) (GTc,-99) (OSUc,-99) (GTb,-99) (GT,-99) (VONA,-99) (EGLN,-99) (GTa,-99) (DRPA,-99) (UCa,-99) (EGLNa,-99) (UGA,-99) (GSAT,-99) (UCb,-99) (EGLNb,-99) (EGLNc,-99) (PTGNc,-99) (OSUb,-99) (DRPAb,-99) (DRPAc,-99) (VZ,-99) (OSUa,-99) (DRPAa,-99) (VONAc,-99) (PTGNb,-99) (CMCTc,-99) (PTGNa,-99) (CMCTa,-99) (VZc,-99) (GSATc,-99) (ATTc,-99) (TWCc,-99) (VONAa,-99) (ATTa,-99) (TWCa,-99) (UGAc,-99) (VZa,-99) (GSATa,-99) (UGAa,-99)
ATTc:(ATTc,0) (UGAc,-99) (GSATc,-99) (CMCTc,-99) (TWCc,-99) (VONAc,-99) (VZc,-99) (UCb,-99) (GTb,-99) (OSUb,-99) (EGLNb,-99) (PTGNb,-99) (DRPAb,-99) (VONAb,-99) (CMCTb,-99) (VZb,-99) (GSATb,-99) (ATTb,-99) (TWCb,-99) (CMCT,-99) (OSU,-99) (UCc,-99) (UGAb,-99) (UC,-99) (PTGN,-99) (ATT,-99) (TWC,-99) (GTc,-99) (OSUc,-99) (GT,-99) (VONA,-99) (EGLN,-99) (GTa,-99) (DRPA,-99) (UCa,-99) (EGLNa,-99) (UGA,-99) (GSAT,-99) (EGLNc,-99) (PTGNc,-99) (DRPAc,-99) (VZ,-99) (OSUa,-99) (DRPAa,-99) (PTGNa,-99) (CMCTa,-99) (VONAa,-99) (ATTa,-99) (TWCa,-99)
CMCT:(CMCT,0) (ATT,-99) (TWC,-99) (VONA,-99) (UGA,-99) (GSAT,-99) (VZ,-99) (VZb,-99) (ATTb,-99) (OSU,-99) (UCc,-99) (UC,-99) (PTGN,-99) (UGAb,-99) (GSATb,-99) (CMCTb,-99) (GTc,-99) (OSUc,-99) (GTb,-99) (GT,-99) (EGLN,-99) (GTa,-99) (DRPA,-99) (UCa,-99) (EGLNa,-99) (TWCb,-99) (VONAb,-99) (UCb,-99) (EGLNb,-99) (EGLNc,-99) (PTGNc,-99) (OSUb,-99) (DRPAb,-99) (DRPAc,-99) (OSUa,-99) (DRPAa,-99) (VONAc,-99) (PTGNb,-99) (CMCTc,-99) (PTGNa,-99) (CMCTa,-99) (VZc,-99) (GSATc,-99) (ATTc,-99) (TWCc,-99) (VONAa,-99) (ATTa,-99) (TWCa,-99) (UGAc,-99) (VZa,-99) (GSATa,-99) (UGAa,-99)
CMCTa:(CMCTa,0) (ATTa,-99) (TWCa,-99) (VONAa,-99) (UGAa,-99) (GSATa,-99) (VZa,-99)
CMCTb:(CMCTb,0) (ATTb,-99) (TWCb,-99) (VONAb,-99) (UGAb,-99) (GSATb,-99) (VZb,-99) (CMCT,-99) (OSU,-99) (UCc,-99) (UC,-99) (PTGN,-99) (ATT,-99) (TWC,-99) (GTc,-99) (OSUc,-99) (GTb,-99) (GT,-99) (VONA,-99) (EGLN,-99) (GTa,-99) (DRPA,-99) (UCa,-99) (EGLNa,-99) (UGA,-99) (GSAT,-99) (UCb,-99) (EGLNb,-99) (EGLNc,-99) (PTGNc,-99) (OSUb,-99) (DRPAb,-99) (DRPAc,-99) (VZ,-99) (OSUa,-99) (DRPAa,-99) (VONAc,-99) (PTGNb,-99) (CMCTc,-99) (PTGNa,-99) (CMCTa,-99) (VZc,-99) (GSATc,-99) (ATTc,-99) (TWCc,-99) (VONAa,-99) (ATTa,-99) (TWCa,-99) (UGAc,-99) (VZa,-99) (GSATa,-99) (UGAa,-99)
CMCTc:(CMCTc,0) (ATTc,-99) (TWCc,-99) (VONAc,-99) (UGAc,-99) (GSATc,-99) (VZc,-99) (UCb,-99) (GTb,-99) (OSUb,-99) (EGLNb,-99) (PTGNb,-99) (DRPAb,-99) (VONAb,-99) (CMCTb,-99) (VZb,-99) (GSATb,-99) (ATTb,-99) (TWCb,-99) (CMCT,-99) (OSU,-99) (UCc,-99) (UGAb,-99) (UC,-99) (PTGN,-99) (ATT,-99) (TWC,-99) (GTc,-99) (OSUc,-99) (GT,-99) (VONA,-99) (EGLN,-99) (GTa,-99) (DRPA,-99) (UCa,-99) (EGLNa,-99) (UGA,-99) (GSAT,-99) (EGLNc,-99) (PTGNc,-99) (DRPAc,-99) (VZ,-99) (OSUa,-99) (DRPAa,-99) (PTGNa,-99) (CMCTa,-99)
DRPA:(DRPA,0) (EGLN,-99) (CMCT,-99) (GT,-99) (ATT,-99) (TWC,-99) (UC,-99) (GTa,-99) (OSU,-99) (UCa,-99) (EGLNa,-99) (VONA,-99) (UGA,-99) (GSAT,-99) (PTGN,-99) (OSUa,-99) (DRPAa,-99) (VZ,-99) (PTGNa,-99) (CMCTa,-99) (VZb,-99) (VONAa,-99) (ATTa,-99) (TWCa,-99) (ATTb,-99) (UCc,-99) (VZa,-99) (GSATa,-99) (UGAa,-99) (UGAb,-99) (GSATb,-99) (CMCTb,-99) (GTc,-99) (OSUc,-99) (GTb,-99) (TWCb,-99) (VONAb,-99) (UCb,-99) (EGLNb,-99) (EGLNc,-99) (PTGNc,-99) (OSUb,-99) (DRPAb,-99) (DRPAc,-99) (VONAc,-99) (PTGNb,-99) (CMCTc,-99) (VZc,-99) (GSATc,-99) (ATTc,-99) (TWCc,-99) (UGAc,-99)
DRPAa:(DRPAa,0) (EGLNa,1) (CMCTa,-99) (GTa,-99) (ATTa,-99) (TWCa,-99) (UCa,-99) (GT,-99) (UC,-99) (EGLN,-99) (OSUa,-99) (OSU,-99) (DRPA,-99) (VONAa,-99) (UGAa,-99) (GSATa,-99) (PTGNa,-99) (PTGN,-99) (CMCT,-99) (VZa,-99) (VONA,-99) (ATT,-99) (TWC,-99) (VZ,-99) (GSAT,-99) (UGA,-99) (VZb,-99) (ATTb,-99) (UCc,-99) (UGAb,-99) (GSATb,-99) (CMCTb,-99) (GTc,-99) (OSUc,-99) (GTb,-99) (TWCb,-99) (VONAb,-99) (UCb,-99) (EGLNb,-99) (EGLNc,-99) (PTGNc,-99) (OSUb,-99) (DRPAb,-99) (DRPAc,-99) (VONAc,-99) (PTGNb,-99) (CMCTc,-99) (VZc,-99) (GSATc,-99) (ATTc,-99) (TWCc,-99)
DRPAb:(DRPAb,0) (EGLNb,-99) (CMCTb,-99) (GTb,-99) (ATTb,-99) (TWCb,-99) (UCb,-99) (OSUb,-99) (VONAb,-99) (UGAb,-99) (GSATb,-99) (PTGNb,-99) (VZb,-99) (CMCT,-99) (OSU,-99) (UCc,-99) (UC,-99) (PTGN,-99) (ATT,-99) (TWC,-99) (GTc,-99) (OSUc,-99) (GT,-99) (VONA,-99) (EGLN,-99) (GTa,-99) (DRPA,-99) (UCa,-99) (EGLNa,-99) (UGA,-99) (GSAT,-99) (EGLNc,-99) (PTGNc,-99) (DRPAc,-99) (VZ,-99) (OSUa,-99) (DRPAa,-99) (VONAc,-99) (CMCTc,-99) (PTGNa,-99) (CMCTa,-99) (VZc,-99) (GSATc,-99) (ATTc,-99) (TWCc,-99) (VONAa,-99) (ATTa,-99) (TWCa,-99) (UGAc,-99) (VZa,-99) (GSATa,-99) (UGAa,-99)
DRPAc:(DRPAc,0) (EGLNc,-99) (CMCTc,-99) (GTc,-99) (ATTc,-99) (TWCc,-99) (UCc,-99) (OSUc,-99) (OSU,-99) (GTb,-99) (VONAc,-99) (UGAc,-99) (GSATc,-99) (UC,-99) (PTGN,-99) (UCb,-99) (EGLNb,-99) (PTGNc,-99) (GT,-99) (VONA,-99) (EGLN,-99) (GTa,-99) (DRPA,-99) (UCa,-99) (EGLNa,-99) (OSUb,-99) (DRPAb,-99) (VZc,-99) (VZ,-99) (GSAT,-99) (CMCT,-99) (OSUa,-99) (DRPAa,-99) (PTGNb,-99) (CMCTb,-99) (ATT,-99) (VZb,-99) (UGA,-99) (TWC,-99) (PTGNa,-99) (CMCTa,-99) (VONAb,-99) (ATTb,-99) (TWCb,-99) (VONAa,-99) (ATTa,-99) (TWCa,-99) (GSATb,-99) (UGAb,-99) (VZa,-99) (GSATa,-99) (UGAa,-99)
EGLN:(EGLN,0) (GT,-99) (DRPA,-99) (UC,-99) (GTa,-99) (CMCT,-99) (OSU,-99) (UCa,-99) (EGLNa,-99) (ATT,-99) (TWC,-99) (PTGN,-99) (OSUa,-99) (DRPAa,-99) (VONA,-99) (UGA,-99) (GSAT,-99) (PTGNa,-99) (CMCTa,-99) (VZ,-99) (VONAa,-99) (ATTa,-99) (TWCa,-99) (VZb,-99) (VZa,-99) (GSATa,-99) (UGAa,-99) (ATTb,-99) (UCc,-99) (UGAb,-99) (GSATb,-99) (CMCTb,-99) (GTc,-99) (OSUc,-99) (GTb,-99) (TWCb,-99) (VONAb,-99) (UCb,-99) (EGLNb,-99) (EGLNc,-99) (PTGNc,-99) (OSUb,-99) (DRPAb,-99) (DRPAc,-99) (VONAc,-99) (PTGNb,-99) (CMCTc,-99) (VZc,-99) (GSATc,-99) (ATTc,-99) (TWCc,-99)
EGLNa:(EGLNa,0) (GTa,-99) (DRPAa,-99) (UCa,-99) (GT,-99) (CMCTa,-99) (UC,-99) (EGLN,-99) (OSUa,-99) (OSU,-99) (DRPA,-99) (ATTa,-99) (TWCa,-99) (PTGNa,-99) (PTGN,-99) (CMCT,-99) (VONAa,-99) (UGAa,-99) (GSATa,-99) (VONA,-99) (ATT,-99) (TWC,-99) (VZa,-99) (VZ,-99) (GSAT,-99) (UGA,-99) (VZb,-99) (ATTb,-99) (UCc,-99) (UGAb,-99) (GSATb,-99) (CMCTb,-99) (GTc,-99) (OSUc,-99) (GTb,-99) (TWCb,-99) (VONAb,-99) (UCb,-99) (EGLNb,-99) (EGLNc,-99) (PTGNc,-99) (OSUb,-99) (DRPAb,-99) (DRPAc,-99) (VONAc,-99) (PTGNb,-99) (CMCTc,-99) (VZc,-99) (GSATc,-99) (ATTc,-99) (TWCc,-99)
EGLNb:(EGLNb,0) (GTb,-99) (DRPAb,-99) (UCb,-99) (CMCTb,-99) (OSUb,-99) (ATTb,-99) (TWCb,-99) (PTGNb,-99) (VONAb,-99) (UGAb,-99) (GSATb,-99) (VZb,-99) (CMCT,-99) (OSU,-99) (UCc,-99) (UC,-99) (PTGN,-99) (ATT,-99) (TWC,-99) (GTc,-99) (OSUc,-99) (GT,-99) (VONA,-99) (EGLN,-99) (GTa,-99) (DRPA,-99) (UCa,-99) (EGLNa,-99) (UGA,-99) (GSAT,-99) (EGLNc,-99) (PTGNc,-99) (DRPAc,-99) (VZ,-99) (OSUa,-99) (DRPAa,-99) (VONAc,-99) (CMCTc,-99) (PTGNa,-99) (CMCTa,-99) (VZc,-99) (GSATc,-99) (ATTc,-99) (TWCc,-99) (VONAa,-99) (ATTa,-99) (TWCa,-99) (UGAc,-99) (VZa,-99) (GSATa,-99) (UGAa,-99)
EGLNc:(EGLNc,0) (GTc,-99) (DRPAc,-99) (UCc,-99) (CMCTc,-99) (OSUc,-99) (OSU,-99) (GTb,-99) (ATTc,-99) (TWCc,-99) (UC,-99) (PTGN,-99) (UCb,-99) (EGLNb,-99) (PTGNc,-99) (GT,-99) (VONA,-99) (EGLN,-99) (GTa,-99) (DRPA,-99) (UCa,-99) (EGLNa,-99) (OSUb,-99) (DRPAb,-99) (VONAc,-99) (UGAc,-99) (GSATc,-99) (VZ,-99) (GSAT,-99) (CMCT,-99) (OSUa,-99) (DRPAa,-99) (PTGNb,-99) (CMCTb,-99) (VZc,-99) (ATT,-99) (VZb,-99) (UGA,-99) (TWC,-99) (PTGNa,-99) (CMCTa,-99) (VONAb,-99) (ATTb,-99) (TWCb,-99) (VONAa,-99) (ATTa,-99) (TWCa,-99) (GSATb,-99) (UGAb,-99) (VZa,-99) (GSATa,-99) (UGAa,-99)
GSAT:(GSAT,0) (VONA,-99) (UGA,-99) (VZ,-99) (ATT,-99) (VZb,-99) (CMCT,-99) (TWC,-99) (ATTb,-99) (OSU,-99) (UCc,-99) (UC,-99) (PTGN,-99) (UGAb,-99) (GSATb,-99) (CMCTb,-99) (GTc,-99) (OSUc,-99) (GTb,-99) (GT,-99) (EGLN,-99) (GTa,-99) (DRPA,-99) (UCa,-99) (EGLNa,-99) (TWCb,-99) (VONAb,-99) (UCb,-99) (EGLNb,-99) (EGLNc,-99) (PTGNc,-99) (OSUb,-99) (DRPAb,-99) (DRPAc,-99) (OSUa,-99) (DRPAa,-99) (VONAc,-99) (PTGNb,-99) (CMCTc,-99) (PTGNa,-99) (CMCTa,-99) (VZc,-99) (GSATc,-99) (ATTc,-99) (TWCc,-99) (VONAa,-99) (ATTa,-99) (TWCa,-99) (UGAc,-99) (VZa,-99) (GSATa,-99) (UGAa,-99)
GSATa:(GSATa,0) (VONAa,-99) (UGAa,-99) (VZa,-99) (ATTa,-99) (CMCTa,-99) (TWCa,-99)
GSATb:(GSATb,0) (VONAb,-99) (UGAb,-99) (VZb,-99) (ATTb,-99) (CMCT,-99) (OSU,-99) (UCc,-99) (CMCTb,-99) (TWCb,-99) (UC,-99) (PTGN,-99) (ATT,-99) (TWC,-99) (GTc,-99) (OSUc,-99) (GTb,-99) (GT,-99) (VONA,-99) (EGLN,-99) (GTa,-99) (DRPA,-99) (UCa,-99) (EGLNa,-99) (UGA,-99) (GSAT,-99) (UCb,-99) (EGLNb,-99) (EGLNc,-99) (PTGNc,-99) (OSUb,-99) (DRPAb,-99) (DRPAc,-99) (VZ,-99) (OSUa,-99) (DRPAa,-99) (VONAc,-99) (PTGNb,-99) (CMCTc,-99) (PTGNa,-99) (CMCTa,-99) (VZc,-99) (GSATc,-99) (ATTc,-99) (TWCc,-99) (VONAa,-99) (ATTa,-99) (TWCa,-99) (UGAc,-99) (VZa,-99) (GSATa,-99) (UGAa,-99)
GSATc:(GSATc,0) (VONAc,-99) (UGAc,-99) (VZc,-99) (ATTc,-99) (UCb,-99) (CMCTc,-99) (TWCc,-99) (GTb,-99) (OSUb,-99) (EGLNb,-99) (PTGNb,-99) (DRPAb,-99) (VONAb,-99) (CMCTb,-99) (VZb,-99) (GSATb,-99) (ATTb,-99) (TWCb,-99) (CMCT,-99) (OSU,-99) (UCc,-99) (UGAb,-99) (UC,-99) (PTGN,-99) (ATT,-99) (TWC,-99) (GTc,-99) (OSUc,-99) (GT,-99) (VONA,-99) (EGLN,-99) (GTa,-99) (DRPA,-99) (UCa,-99) (EGLNa,-99) (UGA,-99) (GSAT,-99) (EGLNc,-99) (PTGNc,-99) (DRPAc,-99) (VZ,-99) (OSUa,-99) (DRPAa,-99) (PTGNa,-99) (CMCTa,-99) (VONAa,-99) (ATTa,-99) (TWCa,-99) (VZa,-99) (GSATa,-99) (UGAa,-99)
GT:(GT,0) (UC,-99) (EGLN,-99) (GTa,-99) (OSU,-99) (DRPA,-99) (UCa,-99) (EGLNa,-99) (PTGN,-99) (CMCT,-99) (OSUa,-99) (DRPAa,-99) (VONA,-99) (ATT,-99) (TWC,-99) (PTGNa,-99) (CMCTa,-99) (VZ,-99) (GSAT,-99) (UGA,-99) (VONAa,-99) (ATTa,-99) (TWCa,-99) (VZb,-99) (VZa,-99) (GSATa,-99) (UGAa,-99) (ATTb,-99) (UCc,-99) (UGAb,-99) (GSATb,-99) (CMCTb,-99) (GTc,-99) (OSUc,-99) (GTb,-99) (TWCb,-99) (VONAb,-99) (UCb,-99) (EGLNb,-99) (EGLNc,-99) (PTGNc,-99) (OSUb,-99) (DRPAb,-99) (DRPAc,-99) (VONAc,-99) (PTGNb,-99) (CMCTc,-99) (VZc,-99) (GSATc,-99) (ATTc,-99) (TWCc,-99)
GTa:(GTa,0) (UCa,-99) (EGLNa,-99) (GT,-99) (UC,-99) (EGLN,-99) (OSUa,-99) (DRPAa,-99) (OSU,-99) (DRPA,-99) (PTGNa,-99) (CMCTa,-99) (PTGN,-99) (CMCT,-99) (VONAa,-99) (ATTa,-99) (TWCa,-99) (VONA,-99) (ATT,-99) (TWC,-99) (VZa,-99) (GSATa,-99) (UGAa,-99) (VZ,-99) (GSAT,-99) (UGA,-99) (VZb,-99) (ATTb,-99) (UCc,-99) (UGAb,-99) (GSATb,-99) (CMCTb,-99) (GTc,-99) (OSUc,-99) (GTb,-99) (TWCb,-99) (VONAb,-99) (UCb,-99) (EGLNb,-99) (EGLNc,-99) (PTGNc,-99) (OSUb,-99) (DRPAb,-99) (DRPAc,-99) (VONAc,-99) (PTGNb,-99) (CMCTc,-99) (VZc,-99) (GSATc,-99) (ATTc,-99) (TWCc,-99)
GTb:(GTb,0) (UCb,-99) (EGLNb,-99) (OSUb,-99) (DRPAb,-99) (PTGNb,-99) (CMCTb,-99) (VONAb,-99) (ATTb,-99) (TWCb,-99) (VZb,-99) (GSATb,-99) (UGAb,-99) (CMCT,-99) (OSU,-99) (UCc,-99) (UC,-99) (PTGN,-99) (ATT,-99) (TWC,-99) (GTc,-99) (OSUc,-99) (GT,-99) (VONA,-99) (EGLN,-99) (GTa,-99) (DRPA,-99) (UCa,-99) (EGLNa,-99) (UGA,-99) (GSAT,-99) (EGLNc,-99) (PTGNc,-99) (DRPAc,-99) (VZ,-99) (OSUa,-99) (DRPAa,-99) (VONAc,-99) (CMCTc,-99) (PTGNa,-99) (CMCTa,-99) (VZc,-99) (GSATc,-99) (ATTc,-99) (TWCc,-99) (VONAa,-99) (ATTa,-99) (TWCa,-99) (UGAc,-99) (VZa,-99) (GSATa,-99) (UGAa,-99)
GTc:(GTc,0) (UCc,-99) (EGLNc,-99) (OSUc,-99) (OSU,-99) (GTb,-99) (DRPAc,-99) (UC,-99) (PTGN,-99) (UCb,-99) (EGLNb,-99) (PTGNc,-99) (GT,-99) (VONA,-99) (EGLN,-99) (GTa,-99) (DRPA,-99) (UCa,-99) (EGLNa,-99) (OSUb,-99) (DRPAb,-99) (CMCTc,-99) (VONAc,-99) (VZ,-99) (GSAT,-99) (CMCT,-99) (OSUa,-99) (DRPAa,-99) (PTGNb,-99) (CMCTb,-99) (ATTc,-99) (TWCc,-99) (VZc,-99) (GSATc,-99) (ATT,-99) (VZb,-99) (UGA,-99) (TWC,-99) (PTGNa,-99) (CMCTa,-99) (VONAb,-99) (ATTb,-99) (TWCb,-99) (UGAc,-99) (VONAa,-99) (ATTa,-99) (TWCa,-99) (GSATb,-99) (UGAb,-99) (VZa,-99) (GSATa,-99) (UGAa,-99)
OSU:(OSU,0) (UC,-99) (PTGN,-99) (GT,-99) (VONA,-99) (EGLN,-99) (GTa,-99) (DRPA,-99) (UCa,-99) (EGLNa,-99) (VZ,-99) (GSAT,-99) (CMCT,-99) (OSUa,-99) (DRPAa,-99) (ATT,-99) (VZb,-99) (UGA,-99) (TWC,-99) (PTGNa,-99) (CMCTa,-99) (ATTb,-99) (UCc,-99) (VONAa,-99) (ATTa,-99) (TWCa,-99) (UGAb,-99) (GSATb,-99) (CMCTb,-99) (GTc,-99) (OSUc,-99) (GTb,-99) (VZa,-99) (GSATa,-99) (UGAa,-99) (TWCb,-99) (VONAb,-99) (UCb,-99) (EGLNb,-99) (EGLNc,-99) (PTGNc,-99) (OSUb,-99) (DRPAb,-99) (DRPAc,-99) (VONAc,-99) (PTGNb,-99) (CMCTc,-99) (VZc,-99) (GSATc,-99) (ATTc,-99) (TWCc,-99) (UGAc,-99)
OSUa:(OSUa,0) (UCa,-99) (PTGNa,-99) (GTa,-99) (VONAa,-99) (EGLNa,-99) (GT,-99) (UC,-99) (EGLN,-99) (DRPAa,-99) (OSU,-99) (DRPA,-99) (VZa,-99) (GSATa,-99) (CMCTa,-99) (PTGN,-99) (CMCT,-99) (ATTa,-99) (UGAa,-99) (TWCa,-99) (VONA,-99) (ATT,-99) (TWC,-99) (VZ,-99) (GSAT,-99) (UGA,-99) (VZb,-99) (ATTb,-99) (UCc,-99) (UGAb,-99) (GSATb,-99) (CMCTb,-99) (GTc,-99) (OSUc,-99) (GTb,-99) (TWCb,-99) (VONAb,-99) (UCb,-99) (EGLNb,-99) (EGLNc,-99) (PTGNc,-99) (OSUb,-99) (DRPAb,-99) (DRPAc,-99) (VONAc,-99) (PTGNb,-99) (CMCTc,-99) (VZc,-99) (GSATc,-99) (ATTc,-99) (TWCc,-99)
OSUb:(OSUb,0) (UCb,-99) (PTGNb,-99) (GTb,-99) (VONAb,-99) (EGLNb,-99) (DRPAb,-99) (VZb,-99) (GSATb,-99) (CMCTb,-99) (ATTb,-99) (CMCT,-99) (OSU,-99) (UCc,-99) (UGAb,-99) (TWCb,-99) (UC,-99) (PTGN,-99) (ATT,-99) (TWC,-99) (GTc,-99) (OSUc,-99) (GT,-99) (VONA,-99) (EGLN,-99) (GTa,-99) (DRPA,-99) (UCa,-99) (EGLNa,-99) (UGA,-99) (GSAT,-99) (EGLNc,-99) (PTGNc,-99) (DRPAc,-99) (VZ,-99) (OSUa,-99) (DRPAa,-99) (VONAc,-99) (CMCTc,-99) (PTGNa,-99) (CMCTa,-99) (VZc,-99) (GSATc,-99) (ATTc,-99) (TWCc,-99) (VONAa,-99) (ATTa,-99) (TWCa,-99) (UGAc,-99) (VZa,-99) (GSATa,-99) (UGAa,-99)
OSUc:(OSUc,0) (UCc,-99) (PTGNc,-99) (GTc,-99) (OSU,-99) (GTb,-99) (VONAc,-99) (UC,-99) (PTGN,-99) (UCb,-99) (EGLNb,-99) (EGLNc,-99) (GT,-99) (VONA,-99) (EGLN,-99) (GTa,-99) (DRPA,-99) (UCa,-99) (EGLNa,-99) (OSUb,-99) (DRPAb,-99) (DRPAc,-99) (VZc,-99) (GSATc,-99) (VZ,-99) (GSAT,-99) (CMCT,-99) (OSUa,-99) (DRPAa,-99) (PTGNb,-99) (CMCTb,-99) (CMCTc,-99) (ATTc,-99) (UGAc,-99) (ATT,-99) (VZb,-99) (UGA,-99) (TWC,-99) (PTGNa,-99) (CMCTa,-99) (VONAb,-99) (ATTb,-99) (TWCb,-99) (TWCc,-99) (VONAa,-99) (ATTa,-99) (TWCa,-99) (GSATb,-99) (UGAb,-99) (VZa,-99) (GSATa,-99) (UGAa,-99)
PTGN:(PTGN,0) (OSU,-99) (VONA,-99) (UC,-99) (VZ,-99) (GSAT,-99) (GT,-99) (EGLN,-99) (GTa,-99) (DRPA,-99) (UCa,-99) (EGLNa,-99) (ATT,-99) (VZb,-99) (UGA,-99) (CMCT,-99) (OSUa,-99) (DRPAa,-99) (ATTb,-99) (UCc,-99) (TWC,-99) (PTGNa,-99) (CMCTa,-99) (UGAb,-99) (GSATb,-99) (CMCTb,-99) (GTc,-99) (OSUc,-99) (GTb,-99) (VONAa,-99) (ATTa,-99) (TWCa,-99) (TWCb,-99) (VONAb,-99) (UCb,-99) (EGLNb,-99) (EGLNc,-99) (PTGNc,-99) (OSUb,-99) (DRPAb,-99) (DRPAc,-99) (VZa,-99) (GSATa,-99) (UGAa,-99) (VONAc,-99) (PTGNb,-99) (CMCTc,-99) (VZc,-99) (GSATc,-99) (ATTc,-99) (TWCc,-99) (UGAc,-99)
PTGNa:(PTGNa,0) (OSUa,-1) (VONAa,-99) (UCa,-99) (VZa,-99) (GSATa,-99) (GTa,-99) (EGLNa,-99) (GT,-99) (UC,-99) (EGLN,-99) (DRPAa,-99) (OSU,-99) (DRPA,-99) (ATTa,-99) (UGAa,-99) (CMCTa,-99) (PTGN,-99) (CMCT,-99) (TWCa,-99) (VONA,-99) (ATT,-99) (TWC,-99) (VZ,-99) (GSAT,-99) (UGA,-99) (VZb,-99) (ATTb,-99) (UCc,-99) (UGAb,-99) (GSATb,-99) (CMCTb,-99) (GTc,-99) (OSUc,-99) (GTb,-99) (TWCb,-99) (VONAb,-99) (UCb,-99) (EGLNb,-99) (EGLNc,-99) (PTGNc,-99) (OSUb,-99) (DRPAb,-99) (DRPAc,-99) (VONAc,-99) (PTGNb,-99) (CMCTc,-99) (VZc,-99) (GSATc,-99) (ATTc,-99) (TWCc,-99)
PTGNb:(PTGNb,0) (OSUb,-99) (VONAb,-99) (UCb,-99) (VZb,-99) (GSATb,-99) (GTb,-99) (EGLNb,-99) (DRPAb,-99) (ATTb,-99) (CMCT,-99) (OSU,-99) (UCc,-99) (UGAb,-99) (CMCTb,-99) (UC,-99) (PTGN,-99) (ATT,-99) (TWC,-99) (GTc,-99) (OSUc,-99) (GT,-99) (VONA,-99) (EGLN,-99) (GTa,-99) (DRPA,-99) (UCa,-99) (EGLNa,-99) (UGA,-99) (GSAT,-99) (TWCb,-99) (EGLNc,-99) (PTGNc,-99) (DRPAc,-99) (VZ,-99) (OSUa,-99) (DRPAa,-99) (VONAc,-99) (CMCTc,-99) (PTGNa,-99) (CMCTa,-99) (VZc,-99) (GSATc,-99) (ATTc,-99) (TWCc,-99) (VONAa,-99) (ATTa,-99) (TWCa,-99) (UGAc,-99) (VZa,-99) (GSATa,-99) (UGAa,-99)
PTGNc:(PTGNc,0) (OSUc,-99) (VONAc,-99) (UCc,-99) (VZc,-99) (GSATc,-99) (GTc,-99) (OSU,-99) (GTb,-99) (UC,-99) (PTGN,-99) (UCb,-99) (EGLNb,-99) (EGLNc,-99) (GT,-99) (VONA,-99) (EGLN,-99) (GTa,-99) (DRPA,-99) (UCa,-99) (EGLNa,-99) (OSUb,-99) (DRPAb,-99) (DRPAc,-99) (ATTc,-99) (UGAc,-99) (VZ,-99) (GSAT,-99) (CMCT,-99) (OSUa,-99) (DRPAa,-99) (PTGNb,-99) (CMCTb,-99) (CMCTc,-99) (ATT,-99) (VZb,-99) (UGA,-99) (TWC,-99) (PTGNa,-99) (CMCTa,-99) (VONAb,-99) (ATTb,-99) (TWCb,-99) (TWCc,-99) (VONAa,-99) (ATTa,-99) (TWCa,-99) (GSATb,-99) (UGAb,-99) (VZa,-99) (GSATa,-99) (UGAa,-99)
TWC:(TWC,0) (CMCT,-99) (VONA,-99) (ATT,-99) (VZ,-99) (GSAT,-99) (UGA,-99) (VZb,-99) (ATTb,-99) (OSU,-99) (UCc,-99) (UC,-99) (PTGN,-99) (UGAb,-99) (GSATb,-99) (CMCTb,-99) (GTc,-99) (OSUc,-99) (GTb,-99) (GT,-99) (EGLN,-99) (GTa,-99) (DRPA,-99) (UCa,-99) (EGLNa,-99) (TWCb,-99) (VONAb,-99) (UCb,-99) (EGLNb,-99) (EGLNc,-99) (PTGNc,-99) (OSUb,-99) (DRPAb,-99) (DRPAc,-99) (OSUa,-99) (DRPAa,-99) (VONAc,-99) (PTGNb,-99) (CMCTc,-99) (PTGNa,-99) (CMCTa,-99) (VZc,-99) (GSATc,-99) (ATTc,-99) (TWCc,-99) (VONAa,-99) (ATTa,-99) (TWCa,-99) (UGAc,-99) (VZa,-99) (GSATa,-99) (UGAa,-99)
TWCa:(TWCa,0) (CMCTa,-99) (VONAa,-99) (ATTa,-99) (VZa,-99) (GSATa,-99) (UGAa,-99)
TWCb:(TWCb,0) (CMCTb,-99) (VONAb,-99) (ATTb,-99) (VZb,-99) (GSATb,-99) (UGAb,-99) (CMCT,-99) (OSU,-99) (UCc,-99) (UC,-99) (PTGN,-99) (ATT,-99) (TWC,-99) (GTc,-99) (OSUc,-99) (GTb,-99) (GT,-99) (VONA,-99) (EGLN,-99) (GTa,-99) (DRPA,-99) (UCa,-99) (EGLNa,-99) (UGA,-99) (GSAT,-99) (UCb,-99) (EGLNb,-99) (EGLNc,-99) (PTGNc,-99) (OSUb,-99) (DRPAb,-99) (DRPAc,-99) (VZ,-99) (OSUa,-99) (DRPAa,-99) (VONAc,-99) (PTGNb,-99) (CMCTc,-99) (PTGNa,-99) (CMCTa,-99) (VZc,-99) (GSATc,-99) (ATTc,-99) (TWCc,-99) (VONAa,-99) (ATTa,-99) (TWCa,-99) (UGAc,-99) (VZa,-99) (GSATa,-99) (UGAa,-99)
TWCc:(TWCc,0) (CMCTc,-99) (VONAc,-99) (ATTc,-99) (VZc,-99) (GSATc,-99) (UGAc,-99) (UCb,-99) (GTb,-99) (OSUb,-99) (EGLNb,-99) (PTGNb,-99) (DRPAb,-99) (VONAb,-99) (CMCTb,-99) (VZb,-99) (GSATb,-99) (ATTb,-99) (TWCb,-99) (CMCT,-99) (OSU,-99) (UCc,-99) (UGAb,-99) (UC,-99) (PTGN,-99) (ATT,-99) (TWC,-99) (GTc,-99) (OSUc,-99) (GT,-99) (VONA,-99) (EGLN,-99) (GTa,-99) (DRPA,-99) (UCa,-99) (EGLNa,-99) (UGA,-99) (GSAT,-99) (EGLNc,-99) (PTGNc,-99) (DRPAc,-99) (VZ,-99) (OSUa,-99) (DRPAa,-99) (PTGNa,-99) (CMCTa,-99) (VONAa,-99) (ATTa,-99) (TWCa,-99)
UC:(UC,0) (GT,-99) (OSU,-99) (EGLN,-99) (GTa,-99) (PTGN,-99) (DRPA,-99) (UCa,-99) (EGLNa,-99) (VONA,-99) (CMCT,-99) (OSUa,-99) (DRPAa,-99) (VZ,-99) (GSAT,-99) (ATT,-99) (TWC,-99) (PTGNa,-99) (CMCTa,-99) (VZb,-99) (UGA,-99) (VONAa,-99) (ATTa,-99) (TWCa,-99) (ATTb,-99) (UCc,-99) (VZa,-99) (GSATa,-99) (UGAa,-99) (UGAb,-99) (GSATb,-99) (CMCTb,-99) (GTc,-99) (OSUc,-99) (GTb,-99) (TWCb,-99) (VONAb,-99) (UCb,-99) (EGLNb,-99) (EGLNc,-99) (PTGNc,-99) (OSUb,-99) (DRPAb,-99) (DRPAc,-99) (VONAc,-99) (PTGNb,-99) (CMCTc,-99) (VZc,-99) (GSATc,-99) (ATTc,-99) (TWCc,-99) (UGAc,-99)
UCa:(UCa,0) (GTa,-99) (OSUa,-99) (EGLNa,-99) (GT,-99) (PTGNa,-99) (UC,-99) (EGLN,-99) (DRPAa,-99) (OSU,-99) (DRPA,-99) (VONAa,-99) (CMCTa,-99) (PTGN,-99) (CMCT,-99) (VZa,-99) (GSATa,-99) (ATTa,-99) (TWCa,-99) (VONA,-99) (ATT,-99) (TWC,-99) (UGAa,-99) (VZ,-99) (GSAT,-99) (UGA,-99) (VZb,-99) (ATTb,-99) (UCc,-99) (UGAb,-99) (GSATb,-99) (CMCTb,-99) (GTc,-99) (OSUc,-99) (GTb,-99) (TWCb,-99) (VONAb,-99) (UCb,-99) (EGLNb,-99) (EGLNc,-99) (PTGNc,-99) (OSUb,-99) (DRPAb,-99) (DRPAc,-99) (VONAc,-99) (PTGNb,-99) (CMCTc,-99) (VZc,-99) (GSATc,-99) (ATTc,-99) (TWCc,-99)
UCb:(UCb,0) (GTb,-99) (OSUb,-99) (EGLNb,-99) (PTGNb,-99) (DRPAb,-99) (VONAb,-99) (CMCTb,-99) (VZb,-99) (GSATb,-99) (ATTb,-99) (TWCb,-99) (CMCT,-99) (OSU,-99) (UCc,-99) (UGAb,-99) (UC,-99) (PTGN,-99) (ATT,-99) (TWC,-99) (GTc,-99) (OSUc,-99) (GT,-99) (VONA,-99) (EGLN,-99) (GTa,-99) (DRPA,-99) (UCa,-99) (EGLNa,-99) (UGA,-99) (GSAT,-99) (EGLNc,-99) (PTGNc,-99) (DRPAc,-99) (VZ,-99) (OSUa,-99) (DRPAa,-99) (VONAc,-99) (CMCTc,-99) (PTGNa,-99) (CMCTa,-99) (VZc,-99) (GSATc,-99) (ATTc,-99) (TWCc,-99) (VONAa,-99) (ATTa,-99) (TWCa,-99) (UGAc,-99) (VZa,-99) (GSATa,-99) (UGAa,-99)
UCc:(UCc,0) (GTc,-99) (OSUc,-99) (OSU,-99) (GTb,-99) (UC,-99) (PTGN,-99) (UCb,-99) (EGLNb,-99) (EGLNc,-99) (PTGNc,-99) (GT,-99) (VONA,-99) (EGLN,-99) (GTa,-99) (DRPA,-99) (UCa,-99) (EGLNa,-99) (OSUb,-99) (DRPAb,-99) (DRPAc,-99) (VONAc,-99) (VZ,-99) (GSAT,-99) (CMCT,-99) (OSUa,-99) (DRPAa,-99) (PTGNb,-99) (CMCTb,-99) (CMCTc,-99) (VZc,-99) (GSATc,-99) (ATT,-99) (VZb,-99) (UGA,-99) (TWC,-99) (PTGNa,-99) (CMCTa,-99) (VONAb,-99) (ATTb,-99) (TWCb,-99) (ATTc,-99) (TWCc,-99) (UGAc,-99) (VONAa,-99) (ATTa,-99) (TWCa,-99) (GSATb,-99) (UGAb,-99) (VZa,-99) (GSATa,-99) (UGAa,-99)
UGA:(UGA,0) (ATT,-99) (GSAT,-99) (CMCT,-99) (VONA,-99) (TWC,-99) (VZ,-99) (VZb,-99) (ATTb,-99) (OSU,-99) (UCc,-99) (UC,-99) (PTGN,-99) (UGAb,-99) (GSATb,-99) (CMCTb,-99) (GTc,-99) (OSUc,-99) (GTb,-99) (GT,-99) (EGLN,-99) (GTa,-99) (DRPA,-99) (UCa,-99) (EGLNa,-99) (TWCb,-99) (VONAb,-99) (UCb,-99) (EGLNb,-99) (EGLNc,-99) (PTGNc,-99) (OSUb,-99) (DRPAb,-99) (DRPAc,-99) (OSUa,-99) (DRPAa,-99) (VONAc,-99) (PTGNb,-99) (CMCTc,-99) (PTGNa,-99) (CMCTa,-99) (VZc,-99) (GSATc,-99) (ATTc,-99) (TWCc,-99) (VONAa,-99) (ATTa,-99) (TWCa,-99) (UGAc,-99) (VZa,-99) (GSATa,-99) (UGAa,-99)
UGAa:(UGAa,0) (ATTa,-99) (GSATa,-99) (CMCTa,-99) (VONAa,-99) (TWCa,-99) (VZa,-99)
UGAb:(UGAb,0) (ATTb,-99) (GSATb,-99) (CMCTb,-99) (VONAb,-99) (TWCb,-99) (VZb,-99) (CMCT,-99) (OSU,-99) (UCc,-99) (UC,-99) (PTGN,-99) (ATT,-99) (TWC,-99) (GTc,-99) (OSUc,-99) (GTb,-99) (GT,-99) (VONA,-99) (EGLN,-99) (GTa,-99) (DRPA,-99) (UCa,-99) (EGLNa,-99) (UGA,-99) (GSAT,-99) (UCb,-99) (EGLNb,-99) (EGLNc,-99) (PTGNc,-99) (OSUb,-99) (DRPAb,-99) (DRPAc,-99) (VZ,-99) (OSUa,-99) (DRPAa,-99) (VONAc,-99) (PTGNb,-99) (CMCTc,-99) (PTGNa,-99) (CMCTa,-99) (VZc,-99) (GSATc,-99) (ATTc,-99) (TWCc,-99) (VONAa,-99) (ATTa,-99) (TWCa,-99) (UGAc,-99) (VZa,-99) (GSATa,-99) (UGAa,-99)
UGAc:(UGAc,0) (ATTc,-99) (GSATc,-99) (CMCTc,-99) (VONAc,-99) (TWCc,-99) (VZc,-99) (UCb,-99) (GTb,-99) (OSUb,-99) (EGLNb,-99) (PTGNb,-99) (DRPAb,-99) (VONAb,-99) (CMCTb,-99) (VZb,-99) (GSATb,-99) (ATTb,-99) (TWCb,-99) (CMCT,-99) (OSU,-99) (UCc,-99) (UGAb,-99) (UC,-99) (PTGN,-99) (ATT,-99) (TWC,-99) (GTc,-99) (OSUc,-99) (GT,-99) (VONA,-99) (EGLN,-99) (GTa,-99) (DRPA,-99) (UCa,-99) (EGLNa,-99) (UGA,-99) (GSAT,-99) (EGLNc,-99) (PTGNc,-99) (DRPAc,-99) (VZ,-99) (OSUa,-99) (DRPAa,-99) (PTGNa,-99) (CMCTa,-99) (VONAa,-99) (ATTa,-99) (TWCa,-99) (VZa,-99) (GSATa,-99) (UGAa,-99)
VONA:(VONA,0) (VZ,-99) (GSAT,-99) (ATT,-99) (VZb,-99) (UGA,-99) (CMCT,-99) (ATTb,-99) (OSU,-99) (UCc,-99) (TWC,-99) (UC,-99) (PTGN,-99) (UGAb,-99) (GSATb,-99) (CMCTb,-99) (GTc,-99) (OSUc,-99) (GTb,-99) (GT,-99) (EGLN,-99) (GTa,-99) (DRPA,-99) (UCa,-99) (EGLNa,-99) (TWCb,-99) (VONAb,-99) (UCb,-99) (EGLNb,-99) (EGLNc,-99) (PTGNc,-99) (OSUb,-99) (DRPAb,-99) (DRPAc,-99) (OSUa,-99) (DRPAa,-99) (VONAc,-99) (PTGNb,-99) (CMCTc,-99) (PTGNa,-99) (CMCTa,-99) (VZc,-99) (GSATc,-99) (ATTc,-99) (TWCc,-99) (VONAa,-99) (ATTa,-99) (TWCa,-99) (UGAc,-99) (VZa,-99) (GSATa,-99) (UGAa,-99)
VONAa:(VONAa,0) (VZa,-99) (GSATa,-99) (ATTa,-99) (UGAa,-99) (CMCTa,-99) (TWCa,-99)
VONAb:(VONAb,0) (VZb,-99) (GSATb,-99) (ATTb,-99) (CMCT,-99) (OSU,-99) (UCc,-99) (UGAb,-99) (UC,-99) (PTGN,-99) (ATT,-99) (TWC,-99) (CMCTb,-99) (GTc,-99) (OSUc,-99) (GTb,-99) (GT,-99) (VONA,-99) (EGLN,-99) (GTa,-99) (DRPA,-99) (UCa,-99) (EGLNa,-99) (UGA,-99) (GSAT,-99) (TWCb,-99) (UCb,-99) (EGLNb,-99) (EGLNc,-99) (PTGNc,-99) (OSUb,-99) (DRPAb,-99) (DRPAc,-99) (VZ,-99) (OSUa,-99) (DRPAa,-99) (VONAc,-99) (PTGNb,-99) (CMCTc,-99) (PTGNa,-99) (CMCTa,-99) (VZc,-99) (GSATc,-99) (ATTc,-99) (TWCc,-99) (VONAa,-99) (ATTa,-99) (TWCa,-99) (UGAc,-99) (VZa,-99) (GSATa,-99) (UGAa,-99)
VONAc:(VONAc,0) (VZc,-99) (GSATc,-99) (ATTc,-99) (UCb,-99) (UGAc,-99) (GTb,-99) (OSUb,-99) (CMCTc,-99) (EGLNb,-99) (PTGNb,-99) (DRPAb,-99) (TWCc,-99) (VONAb,-99) (CMCTb,-99) (VZb,-99) (GSATb,-99) (ATTb,-99) (TWCb,-99) (CMCT,-99) (OSU,-99) (UCc,-99) (UGAb,-99) (UC,-99) (PTGN,-99) (ATT,-99) (TWC,-99) (GTc,-99) (OSUc,-99) (GT,-99) (VONA,-99) (EGLN,-99) (GTa,-99) (DRPA,-99) (UCa,-99) (EGLNa,-99) (UGA,-99) (GSAT,-99) (EGLNc,-99) (PTGNc,-99) (DRPAc,-99) (VZ,-99) (OSUa,-99) (DRPAa,-99) (PTGNa,-99) (CMCTa,-99) (VONAa,-99) (ATTa,-99) (TWCa,-99) (VZa,-99) (GSATa,-99) (UGAa,-99)
VZ:(VZ,0) (ATT,-99) (VZb,-99) (UGA,-99) (GSAT,-99) (CMCT,-99) (ATTb,-99) (OSU,-99) (UCc,-99) (TWC,-99) (VONA,-99) (UC,-99) (PTGN,-99) (UGAb,-99) (GSATb,-99) (CMCTb,-99) (GTc,-99) (OSUc,-99) (GTb,-99) (GT,-99) (EGLN,-99) (GTa,-99) (DRPA,-99) (UCa,-99) (EGLNa,-99) (TWCb,-99) (VONAb,-99) (UCb,-99) (EGLNb,-99) (EGLNc,-99) (PTGNc,-99) (OSUb,-99) (DRPAb,-99) (DRPAc,-99) (OSUa,-99) (DRPAa,-99) (VONAc,-99) (PTGNb,-99) (CMCTc,-99) (PTGNa,-99) (CMCTa,-99) (VZc,-99) (GSATc,-99) (ATTc,-99) (TWCc,-99) (VONAa,-99) (ATTa,-99) (TWCa,-99) (UGAc,-99) (VZa,-99) (GSATa,-99) (UGAa,-99)
VZa:(VZa,0) (ATTa,2) (UGAa,-99) (GSATa,-99) (CMCTa,-99) (TWCa,-99) (VONAa,-99)
VZb:(VZb,0) (ATTb,-99) (CMCT,-99) (OSU,-99) (UCc,-99) (UC,-99) (PTGN,-99) (ATT,-99) (TWC,-99) (UGAb,-99) (GSATb,-99) (CMCTb,-99) (GTc,-99) (OSUc,-99) (GTb,-99) (GT,-99) (VONA,-99) (EGLN,-99) (GTa,-99) (DRPA,-99) (UCa,-99) (EGLNa,-99) (UGA,-99) (GSAT,-99) (TWCb,-99) (VONAb,-99) (UCb,-99) (EGLNb,-99) (EGLNc,-99) (PTGNc,-99) (OSUb,-99) (DRPAb,-99) (DRPAc,-99) (VZ,-99) (OSUa,-99) (DRPAa,-99) (VONAc,-99) (PTGNb,-99) (CMCTc,-99) (PTGNa,-99) (CMCTa,-99) (VZc,-99) (GSATc,-99) (ATTc,-99) (TWCc,-99) (VONAa,-99) (ATTa,-99) (TWCa,-99) (UGAc,-99) (VZa,-99) (GSATa,-99) (UGAa,-99)
VZc:(VZc,0) (ATTc,-99) (UCb,-99) (GTb,-99) (OSUb,-99) (UGAc,-99) (GSATc,-99) (CMCTc,-99) (EGLNb,-99) (PTGNb,-99) (DRPAb,-99) (TWCc,-99) (VONAc,-99) (VONAb,-99) (CMCTb,-99) (VZb,-99) (GSATb,-99) (ATTb,-99) (TWCb,-99) (CMCT,-99) (OSU,-99) (UCc,-99) (UGAb,-99) (UC,-99) (PTGN,-99) (ATT,-99) (TWC,-99) (GTc,-99) (OSUc,-99) (GT,-99) (VONA,-99) (EGLN,-99) (GTa,-99) (DRPA,-99) (UCa,-99) (EGLNa,-99) (UGA,-99) (GSAT,-99) (EGLNc,-99) (PTGNc,-99) (DRPAc,-99) (VZ,-99) (OSUa,-99) (DRPAa,-99) (PTGNa,-99) (CMCTa,-99) (VONAa,-99) (ATTa,-99) (TWCa,-99) (VZa,-99) (GSATa,-99) (UGAa,-99)
-----
ATT:(ATT,0) (UGA,-99) (GSAT,-99) (CMCT,-99) (TWC,-99) (VONA,-99) (VZ,-99) (VZb,-99) (ATTb,-99) (OSU,-99) (UCc,-99) (UC,-99) (PTGN,-99) (UGAb,-99) (GSATb,-99) (CMCTb,-99) (GTc,-99) (OSUc,-99) (GTb,-99) (GT,-99) (EGLN,-99) (GTa,-99) (DRPA,-99) (UCa,-99) (EGLNa,-99) (TWCb,-99) (VONAb,-99) (UCb,-99) (EGLNb,-99) (EGLNc,-99) (PTGNc,-99) (OSUb,-99) (DRPAb,-99) (DRPAc,-99) (OSUa,-99) (DRPAa,-99) (VONAc,-99) (PTGNb,-99) (CMCTc,-99) (PTGNa,-99) (CMCTa,-99) (VZc,-99) (GSATc,-99) (ATTc,-99) (TWCc,-99) (VONAa,-99) (ATTa,-99) (TWCa,-99) (UGAc,-99) (VZa,-99) (GSATa,-99) (UGAa,-99)
ATTa:(ATTa,0) (UGAa,-99) (GSATa,-99) (CMCTa,-99) (TWCa,-99) (VONAa,-99) (VZa,-99)
ATTb:(ATTb,0) (UGAb,-99) (GSATb,-99) (CMCTb,-99) (TWCb,-99) (VONAb,-99) (VZb,-99) (CMCT,-99) (OSU,-99) (UCc,-99) (UC,-99) (PTGN,-99) (ATT,-99) (TWC,-99) (GTc,-99) (OSUc,-99) (GTb,-99) (GT,-99) (VONA,-99) (EGLN,-99) (GTa,-99) (DRPA,-99) (UCa,-99) (EGLNa,-99) (UGA,-99) (GSAT,-99) (UCb,-99) (EGLNb,-99) (EGLNc,-99) (PTGNc,-99) (OSUb,-99) (DRPAb,-99) (DRPAc,-99) (VZ,-99) (OSUa,-99) (DRPAa,-99) (VONAc,-99) (PTGNb,-99) (CMCTc,-99) (PTGNa,-99) (CMCTa,-99) (VZc,-99) (GSATc,-99) (ATTc,-99) (TWCc,-99) (VONAa,-99) (ATTa,-99) (TWCa,-99) (UGAc,-99) (VZa,-99) (GSATa,-99) (UGAa,-99)
ATTc:(ATTc,0) (UGAc,-99) (GSATc,-99) (CMCTc,-99) (TWCc,-99) (VONAc,-99) (VZc,-99) (UCb,-99) (GTb,-99) (OSUb,-99) (EGLNb,-99) (PTGNb,-99) (DRPAb,-99) (VONAb,-99) (CMCTb,-99) (VZb,-99) (GSATb,-99) (ATTb,-99) (TWCb,-99) (CMCT,-99) (OSU,-99) (UCc,-99) (UGAb,-99) (UC,-99) (PTGN,-99) (ATT,-99) (TWC,-99) (GTc,-99) (OSUc,-99) (GT,-99) (VONA,-99) (EGLN,-99) (GTa,-99) (DRPA,-99) (UCa,-99) (EGLNa,-99) (UGA,-99) (GSAT,-99) (EGLNc,-99) (PTGNc,-99) (DRPAc,-99) (VZ,-99) (OSUa,-99) (DRPAa,-99) (PTGNa,-99) (CMCTa,-99) (VONAa,-99) (ATTa,-99) (TWCa,-99) (VZa,-99) (GSATa,-99) (UGAa,-99)
CMCT:(CMCT,0) (ATT,-99) (TWC,-99) (VONA,-99) (UGA,-99) (GSAT,-99) (VZ,-99) (VZb,-99) (ATTb,-99) (OSU,-99) (UCc,-99) (UC,-99) (PTGN,-99) (UGAb,-99) (GSATb,-99) (CMCTb,-99) (GTc,-99) (OSUc,-99) (GTb,-99) (GT,-99) (EGLN,-99) (GTa,-99) (DRPA,-99) (UCa,-99) (EGLNa,-99) (TWCb,-99) (VONAb,-99) (UCb,-99) (EGLNb,-99) (EGLNc,-99) (PTGNc,-99) (OSUb,-99) (DRPAb,-99) (DRPAc,-99) (OSUa,-99) (DRPAa,-99) (VONAc,-99) (PTGNb,-99) (CMCTc,-99) (PTGNa,-99) (CMCTa,-99) (VZc,-99) (GSATc,-99) (ATTc,-99) (TWCc,-99) (VONAa,-99) (ATTa,-99) (TWCa,-99) (UGAc,-99) (VZa,-99) (GSATa,-99) (UGAa,-99)
CMCTa:(CMCTa,0) (ATTa,-99) (TWCa,-99) (VONAa,-99) (UGAa,-99) (GSATa,-99) (VZa,-99)
CMCTb:(CMCTb,0) (ATTb,-99) (TWCb,-99) (VONAb,-99) (UGAb,-99) (GSATb,-99) (VZb,-99) (CMCT,-99) (OSU,-99) (UCc,-99) (UC,-99) (PTGN,-99) (ATT,-99) (TWC,-99) (GTc,-99) (OSUc,-99) (GTb,-99) (GT,-99) (VONA,-99) (EGLN,-99) (GTa,-99) (DRPA,-99) (UCa,-99) (EGLNa,-99) (UGA,-99) (GSAT,-99) (UCb,-99) (EGLNb,-99) (EGLNc,-99) (PTGNc,-99) (OSUb,-99) (DRPAb,-99) (DRPAc,-99) (VZ,-99) (OSUa,-99) (DRPAa,-99) (VONAc,-99) (PTGNb,-99) (CMCTc,-99) (PTGNa,-99) (CMCTa,-99) (VZc,-99) (GSATc,-99) (ATTc,-99) (TWCc,-99) (VONAa,-99) (ATTa,-99) (TWCa,-99) (UGAc,-99) (VZa,-99) (GSATa,-99) (UGAa,-99)
CMCTc:(CMCTc,0) (ATTc,-99) (TWCc,-99) (VONAc,-99) (UGAc,-99) (GSATc,-99) (VZc,-99) (UCb,-99) (GTb,-99) (OSUb,-99) (EGLNb,-99) (PTGNb,-99) (DRPAb,-99) (VONAb,-99) (CMCTb,-99) (VZb,-99) (GSATb,-99) (ATTb,-99) (TWCb,-99) (CMCT,-99) (OSU,-99) (UCc,-99) (UGAb,-99) (UC,-99) (PTGN,-99) (ATT,-99) (TWC,-99) (GTc,-99) (OSUc,-99) (GT,-99) (VONA,-99) (EGLN,-99) (GTa,-99) (DRPA,-99) (UCa,-99) (EGLNa,-99) (UGA,-99) (GSAT,-99) (EGLNc,-99) (PTGNc,-99) (DRPAc,-99) (VZ,-99) (OSUa,-99) (DRPAa,-99) (PTGNa,-99) (CMCTa,-99) (VONAa,-99) (ATTa,-99) (TWCa,-99)
DRPA:(DRPA,0) (EGLN,-99) (CMCT,-99) (GT,-99) (ATT,-99) (TWC,-99) (UC,-99) (GTa,-99) (OSU,-99) (UCa,-99) (EGLNa,-99) (VONA,-99) (UGA,-99) (GSAT,-99) (PTGN,-99) (OSUa,-99) (DRPAa,-99) (VZ,-99) (PTGNa,-99) (CMCTa,-99) (VZb,-99) (VONAa,-99) (ATTa,-99) (TWCa,-99) (ATTb,-99) (UCc,-99) (VZa,-99) (GSATa,-99) (UGAa,-99) (UGAb,-99) (GSATb,-99) (CMCTb,-99) (GTc,-99) (OSUc,-99) (GTb,-99) (TWCb,-99) (VONAb,-99) (UCb,-99) (EGLNb,-99) (EGLNc,-99) (PTGNc,-99) (OSUb,-99) (DRPAb,-99) (DRPAc,-99) (VONAc,-99) (PTGNb,-99) (CMCTc,-99) (VZc,-99) (GSATc,-99) (ATTc,-99) (TWCc,-99) (UGAc,-99)
DRPAa:(DRPAa,0) (EGLNa,1) (CMCTa,-99) (GTa,-99) (ATTa,-99) (TWCa,-99) (UCa,-99) (GT,-99) (UC,-99) (EGLN,-99) (OSUa,-99) (OSU,-99) (DRPA,-99) (VONAa,-99) (UGAa,-99) (GSATa,-99) (PTGNa,-99) (PTGN,-99) (CMCT,-99) (VZa,-99) (VONA,-99) (ATT,-99) (TWC,-99) (VZ,-99) (GSAT,-99) (UGA,-99) (VZb,-99) (ATTb,-99) (UCc,-99) (UGAb,-99) (GSATb,-99) (CMCTb,-99) (GTc,-99) (OSUc,-99) (GTb,-99) (TWCb,-99) (VONAb,-99) (UCb,-99) (EGLNb,-99) (EGLNc,-99) (PTGNc,-99) (OSUb,-99) (DRPAb,-99) (DRPAc,-99) (VONAc,-99) (PTGNb,-99) (CMCTc,-99) (VZc,-99) (GSATc,-99) (ATTc,-99) (TWCc,-99) (UGAc,-99)
DRPAb:(DRPAb,0) (EGLNb,-99) (CMCTb,-99) (GTb,-99) (ATTb,-99) (TWCb,-99) (UCb,-99) (OSUb,-99) (VONAb,-99) (UGAb,-99) (GSATb,-99) (PTGNb,-99) (VZb,-99) (CMCT,-99) (OSU,-99) (UCc,-99) (UC,-99) (PTGN,-99) (ATT,-99) (TWC,-99) (GTc,-99) (OSUc,-99) (GT,-99) (VONA,-99) (EGLN,-99) (GTa,-99) (DRPA,-99) (UCa,-99) (EGLNa,-99) (UGA,-99) (GSAT,-99) (EGLNc,-99) (PTGNc,-99) (DRPAc,-99) (VZ,-99) (OSUa,-99) (DRPAa,-99) (VONAc,-99) (CMCTc,-99) (PTGNa,-99) (CMCTa,-99) (VZc,-99) (GSATc,-99) (ATTc,-99) (TWCc,-99) (VONAa,-99) (ATTa,-99) (TWCa,-99) (UGAc,-99) (VZa,-99) (GSATa,-99) (UGAa,-99)
DRPAc:(DRPAc,0) (EGLNc,-99) (CMCTc,-99) (GTc,-99) (ATTc,-99) (TWCc,-99) (UCc,-99) (OSUc,-99) (OSU,-99) (GTb,-99) (VONAc,-99) (UGAc,-99) (GSATc,-99) (UC,-99) (PTGN,-99) (UCb,-99) (EGLNb,-99) (PTGNc,-99) (GT,-99) (VONA,-99) (EGLN,-99) (GTa,-99) (DRPA,-99) (UCa,-99) (EGLNa,-99) (OSUb,-99) (DRPAb,-99) (VZc,-99) (VZ,-99) (GSAT,-99) (CMCT,-99) (OSUa,-99) (DRPAa,-99) (PTGNb,-99) (CMCTb,-99) (ATT,-99) (VZb,-99) (UGA,-99) (TWC,-99) (PTGNa,-99) (CMCTa,-99) (VONAb,-99) (ATTb,-99) (TWCb,-99) (VONAa,-99) (ATTa,-99) (TWCa,-99) (GSATb,-99) (UGAb,-99) (VZa,-99) (GSATa,-99) (UGAa,-99)
EGLN:(EGLN,0) (GT,-99) (DRPA,-99) (UC,-99) (GTa,-99) (CMCT,-99) (OSU,-99) (UCa,-99) (EGLNa,-99) (ATT,-99) (TWC,-99) (PTGN,-99) (OSUa,-99) (DRPAa,-99) (VONA,-99) (UGA,-99) (GSAT,-99) (PTGNa,-99) (CMCTa,-99) (VZ,-99) (VONAa,-99) (ATTa,-99) (TWCa,-99) (VZb,-99) (VZa,-99) (GSATa,-99) (UGAa,-99) (ATTb,-99) (UCc,-99) (UGAb,-99) (GSATb,-99) (CMCTb,-99) (GTc,-99) (OSUc,-99) (GTb,-99) (TWCb,-99) (VONAb,-99) (UCb,-99) (EGLNb,-99) (EGLNc,-99) (PTGNc,-99) (OSUb,-99) (DRPAb,-99) (DRPAc,-99) (VONAc,-99) (PTGNb,-99) (CMCTc,-99) (VZc,-99) (GSATc,-99) (ATTc,-99) (TWCc,-99) (UGAc,-99)
EGLNa:(EGLNa,0) (GTa,-99) (DRPAa,-99) (UCa,-99) (GT,-99) (CMCTa,-99) (UC,-99) (EGLN,-99) (OSUa,-99) (OSU,-99) (DRPA,-99) (ATTa,-99) (TWCa,-99) (PTGNa,-99) (PTGN,-99) (CMCT,-99) (VONAa,-99) (UGAa,-99) (GSATa,-99) (VONA,-99) (ATT,-99) (TWC,-99) (VZa,-99) (VZ,-99) (GSAT,-99) (UGA,-99) (VZb,-99) (ATTb,-99) (UCc,-99) (UGAb,-99) (GSATb,-99) (CMCTb,-99) (GTc,-99) (OSUc,-99) (GTb,-99) (TWCb,-99) (VONAb,-99) (UCb,-99) (EGLNb,-99) (EGLNc,-99) (PTGNc,-99) (OSUb,-99) (DRPAb,-99) (DRPAc,-99) (VONAc,-99) (PTGNb,-99) (CMCTc,-99) (VZc,-99) (GSATc,-99) (ATTc,-99) (TWCc,-99) (UGAc,-99)
EGLNb:(EGLNb,0) (GTb,-99) (DRPAb,-99) (UCb,-99) (CMCTb,-99) (OSUb,-99) (ATTb,-99) (TWCb,-99) (PTGNb,-99) (VONAb,-99) (UGAb,-99) (GSATb,-99) (VZb,-99) (CMCT,-99) (OSU,-99) (UCc,-99) (UC,-99) (PTGN,-99) (ATT,-99) (TWC,-99) (GTc,-99) (OSUc,-99) (GT,-99) (VONA,-99) (EGLN,-99) (GTa,-99) (DRPA,-99) (UCa,-99) (EGLNa,-99) (UGA,-99) (GSAT,-99) (EGLNc,-99) (PTGNc,-99) (DRPAc,-99) (VZ,-99) (OSUa,-99) (DRPAa,-99) (VONAc,-99) (CMCTc,-99) (PTGNa,-99) (CMCTa,-99) (VZc,-99) (GSATc,-99) (ATTc,-99) (TWCc,-99) (VONAa,-99) (ATTa,-99) (TWCa,-99) (UGAc,-99) (VZa,-99) (GSATa,-99) (UGAa,-99)
EGLNc:(EGLNc,0) (GTc,-99) (DRPAc,-99) (UCc,-99) (CMCTc,-99) (OSUc,-99) (OSU,-99) (GTb,-99) (ATTc,-99) (TWCc,-99) (UC,-99) (PTGN,-99) (UCb,-99) (EGLNb,-99) (PTGNc,-99) (GT,-99) (VONA,-99) (EGLN,-99) (GTa,-99) (DRPA,-99) (UCa,-99) (EGLNa,-99) (OSUb,-99) (DRPAb,-99) (VONAc,-99) (UGAc,-99) (GSATc,-99) (VZ,-99) (GSAT,-99) (CMCT,-99) (OSUa,-99) (DRPAa,-99) (PTGNb,-99) (CMCTb,-99) (VZc,-99) (ATT,-99) (VZb,-99) (UGA,-99) (TWC,-99) (PTGNa,-99) (CMCTa,-99) (VONAb,-99) (ATTb,-99) (TWCb,-99) (VONAa,-99) (ATTa,-99) (TWCa,-99) (GSATb,-99) (UGAb,-99) (VZa,-99) (GSATa,-99) (UGAa,-99)
GSAT:(GSAT,0) (VONA,-99) (UGA,-99) (VZ,-99) (ATT,-99) (VZb,-99) (CMCT,-99) (TWC,-99) (ATTb,-99) (OSU,-99) (UCc,-99) (UC,-99) (PTGN,-99) (UGAb,-99) (GSATb,-99) (CMCTb,-99) (GTc,-99) (OSUc,-99) (GTb,-99) (GT,-99) (EGLN,-99) (GTa,-99) (DRPA,-99) (UCa,-99) (EGLNa,-99) (TWCb,-99) (VONAb,-99) (UCb,-99) (EGLNb,-99) (EGLNc,-99) (PTGNc,-99) (OSUb,-99) (DRPAb,-99) (DRPAc,-99) (OSUa,-99) (DRPAa,-99) (VONAc,-99) (PTGNb,-99) (CMCTc,-99) (PTGNa,-99) (CMCTa,-99) (VZc,-99) (GSATc,-99) (ATTc,-99) (TWCc,-99) (VONAa,-99) (ATTa,-99) (TWCa,-99) (UGAc,-99) (VZa,-99) (GSATa,-99) (UGAa,-99)
GSATa:(GSATa,0) (VONAa,-99) (UGAa,-99) (VZa,-99) (ATTa,-99) (CMCTa,-99) (TWCa,-99)
GSATb:(GSATb,0) (VONAb,-99) (UGAb,-99) (VZb,-99) (ATTb,-99) (CMCT,-99) (OSU,-99) (UCc,-99) (CMCTb,-99) (TWCb,-99) (UC,-99) (PTGN,-99) (ATT,-99) (TWC,-99) (GTc,-99) (OSUc,-99) (GTb,-99) (GT,-99) (VONA,-99) (EGLN,-99) (GTa,-99) (DRPA,-99) (UCa,-99) (EGLNa,-99) (UGA,-99) (GSAT,-99) (UCb,-99) (EGLNb,-99) (EGLNc,-99) (PTGNc,-99) (OSUb,-99) (DRPAb,-99) (DRPAc,-99) (VZ,-99) (OSUa,-99) (DRPAa,-99) (VONAc,-99) (PTGNb,-99) (CMCTc,-99) (PTGNa,-99) (CMCTa,-99) (VZc,-99) (GSATc,-99) (ATTc,-99) (TWCc,-99) (VONAa,-99) (ATTa,-99) (TWCa,-99) (UGAc,-99) (VZa,-99) (GSATa,-99) (UGAa,-99)
GSATc:(GSATc,0) (VONAc,-99) (UGAc,-99) (VZc,-99) (ATTc,-99) (UCb,-99) (CMCTc,-99) (TWCc,-99) (GTb,-99) (OSUb,-99) (EGLNb,-99) (PTGNb,-99) (DRPAb,-99) (VONAb,-99) (CMCTb,-99) (VZb,-99) (GSATb,-99) (ATTb,-99) (TWCb,-99) (CMCT,-99) (OSU,-99) (UCc,-99) (UGAb,-99) (UC,-99) (PTGN,-99) (ATT,-99) (TWC,-99) (GTc,-99) (OSUc,-99) (GT,-99) (VONA,-99) (EGLN,-99) (GTa,-99) (DRPA,-99) (UCa,-99) (EGLNa,-99) (UGA,-99) (GSAT,-99) (EGLNc,-99) (PTGNc,-99) (DRPAc,-99) (VZ,-99) (OSUa,-99) (DRPAa,-99) (PTGNa,-99) (CMCTa,-99) (VONAa,-99) (ATTa,-99) (TWCa,-99) (VZa,-99) (GSATa,-99) (UGAa,-99)
GT:(GT,0) (UC,-99) (EGLN,-99) (GTa,-99) (OSU,-99) (DRPA,-99) (UCa,-99) (EGLNa,-99) (PTGN,-99) (CMCT,-99) (OSUa,-99) (DRPAa,-99) (VONA,-99) (ATT,-99) (TWC,-99) (PTGNa,-99) (CMCTa,-99) (VZ,-99) (GSAT,-99) (UGA,-99) (VONAa,-99) (ATTa,-99) (TWCa,-99) (VZb,-99) (VZa,-99) (GSATa,-99) (UGAa,-99) (ATTb,-99) (UCc,-99) (UGAb,-99) (GSATb,-99) (CMCTb,-99) (GTc,-99) (OSUc,-99) (GTb,-99) (TWCb,-99) (VONAb,-99) (UCb,-99) (EGLNb,-99) (EGLNc,-99) (PTGNc,-99) (OSUb,-99) (DRPAb,-99) (DRPAc,-99) (VONAc,-99) (PTGNb,-99) (CMCTc,-99) (VZc,-99) (GSATc,-99) (ATTc,-99) (TWCc,-99) (UGAc,-99)
GTa:(GTa,0) (UCa,-99) (EGLNa,-99) (GT,-99) (UC,-99) (EGLN,-99) (OSUa,-99) (DRPAa,-99) (OSU,-99) (DRPA,-99) (PTGNa,-99) (CMCTa,-99) (PTGN,-99) (CMCT,-99) (VONAa,-99) (ATTa,-99) (TWCa,-99) (VONA,-99) (ATT,-99) (TWC,-99) (VZa,-99) (GSATa,-99) (UGAa,-99) (VZ,-99) (GSAT,-99) (UGA,-99) (VZb,-99) (ATTb,-99) (UCc,-99) (UGAb,-99) (GSATb,-99) (CMCTb,-99) (GTc,-99) (OSUc,-99) (GTb,-99) (TWCb,-99) (VONAb,-99) (UCb,-99) (EGLNb,-99) (EGLNc,-99) (PTGNc,-99) (OSUb,-99) (DRPAb,-99) (DRPAc,-99) (VONAc,-99) (PTGNb,-99) (CMCTc,-99) (VZc,-99) (GSATc,-99) (ATTc,-99) (TWCc,-99) (UGAc,-99)
GTb:(GTb,0) (UCb,-99) (EGLNb,-99) (OSUb,-99) (DRPAb,-99) (PTGNb,-99) (CMCTb,-99) (VONAb,-99) (ATTb,-99) (TWCb,-99) (VZb,-99) (GSATb,-99) (UGAb,-99) (CMCT,-99) (OSU,-99) (UCc,-99) (UC,-99) (PTGN,-99) (ATT,-99) (TWC,-99) (GTc,-99) (OSUc,-99) (GT,-99) (VONA,-99) (EGLN,-99) (GTa,-99) (DRPA,-99) (UCa,-99) (EGLNa,-99) (UGA,-99) (GSAT,-99) (EGLNc,-99) (PTGNc,-99) (DRPAc,-99) (VZ,-99) (OSUa,-99) (DRPAa,-99) (VONAc,-99) (CMCTc,-99) (PTGNa,-99) (CMCTa,-99) (VZc,-99) (GSATc,-99) (ATTc,-99) (TWCc,-99) (VONAa,-99) (ATTa,-99) (TWCa,-99) (UGAc,-99) (VZa,-99) (GSATa,-99) (UGAa,-99)
GTc:(GTc,0) (UCc,-99) (EGLNc,-99) (OSUc,-99) (OSU,-99) (GTb,-99) (DRPAc,-99) (UC,-99) (PTGN,-99) (UCb,-99) (EGLNb,-99) (PTGNc,-99) (GT,-99) (VONA,-99) (EGLN,-99) (GTa,-99) (DRPA,-99) (UCa,-99) (EGLNa,-99) (OSUb,-99) (DRPAb,-99) (CMCTc,-99) (VONAc,-99) (VZ,-99) (GSAT,-99) (CMCT,-99) (OSUa,-99) (DRPAa,-99) (PTGNb,-99) (CMCTb,-99) (ATTc,-99) (TWCc,-99) (VZc,-99) (GSATc,-99) (ATT,-99) (VZb,-99) (UGA,-99) (TWC,-99) (PTGNa,-99) (CMCTa,-99) (VONAb,-99) (ATTb,-99) (TWCb,-99) (UGAc,-99) (VONAa,-99) (ATTa,-99) (TWCa,-99) (GSATb,-99) (UGAb,-99) (VZa,-99) (GSATa,-99) (UGAa,-99)
OSU:(OSU,0) (UC,-99) (PTGN,-99) (GT,-99) (VONA,-99) (EGLN,-99) (GTa,-99) (DRPA,-99) (UCa,-99) (EGLNa,-99) (VZ,-99) (GSAT,-99) (CMCT,-99) (OSUa,-99) (DRPAa,-99) (ATT,-99) (VZb,-99) (UGA,-99) (TWC,-99) (PTGNa,-99) (CMCTa,-99) (ATTb,-99) (UCc,-99) (VONAa,-99) (ATTa,-99) (TWCa,-99) (UGAb,-99) (GSATb,-99) (CMCTb,-99) (GTc,-99) (OSUc,-99) (GTb,-99) (VZa,-99) (GSATa,-99) (UGAa,-99) (TWCb,-99) (VONAb,-99) (UCb,-99) (EGLNb,-99) (EGLNc,-99) (PTGNc,-99) (OSUb,-99) (DRPAb,-99) (DRPAc,-99) (VONAc,-99) (PTGNb,-99) (CMCTc,-99) (VZc,-99) (GSATc,-99) (ATTc,-99) (TWCc,-99) (UGAc,-99)
OSUa:(OSUa,0) (UCa,-99) (PTGNa,-99) (GTa,-99) (VONAa,-99) (EGLNa,-99) (GT,-99) (UC,-99) (EGLN,-99) (DRPAa,-99) (OSU,-99) (DRPA,-99) (VZa,-99) (GSATa,-99) (CMCTa,-99) (PTGN,-99) (CMCT,-99) (ATTa,-99) (UGAa,-99) (TWCa,-99) (VONA,-99) (ATT,-99) (TWC,-99) (VZ,-99) (GSAT,-99) (UGA,-99) (VZb,-99) (ATTb,-99) (UCc,-99) (UGAb,-99) (GSATb,-99) (CMCTb,-99) (GTc,-99) (OSUc,-99) (GTb,-99) (TWCb,-99) (VONAb,-99) (UCb,-99) (EGLNb,-99) (EGLNc,-99) (PTGNc,-99) (OSUb,-99) (DRPAb,-99) (DRPAc,-99) (VONAc,-99) (PTGNb,-99) (CMCTc,-99) (VZc,-99) (GSATc,-99) (ATTc,-99) (TWCc,-99) (UGAc,-99)
OSUb:(OSUb,0) (UCb,-99) (PTGNb,-99) (GTb,-99) (VONAb,-99) (EGLNb,-99) (DRPAb,-99) (VZb,-99) (GSATb,-99) (CMCTb,-99) (ATTb,-99) (CMCT,-99) (OSU,-99) (UCc,-99) (UGAb,-99) (TWCb,-99) (UC,-99) (PTGN,-99) (ATT,-99) (TWC,-99) (GTc,-99) (OSUc,-99) (GT,-99) (VONA,-99) (EGLN,-99) (GTa,-99) (DRPA,-99) (UCa,-99) (EGLNa,-99) (UGA,-99) (GSAT,-99) (EGLNc,-99) (PTGNc,-99) (DRPAc,-99) (VZ,-99) (OSUa,-99) (DRPAa,-99) (VONAc,-99) (CMCTc,-99) (PTGNa,-99) (CMCTa,-99) (VZc,-99) (GSATc,-99) (ATTc,-99) (TWCc,-99) (VONAa,-99) (ATTa,-99) (TWCa,-99) (UGAc,-99) (VZa,-99) (GSATa,-99) (UGAa,-99)
OSUc:(OSUc,0) (UCc,-99) (PTGNc,-99) (GTc,-99) (OSU,-99) (GTb,-99) (VONAc,-99) (UC,-99) (PTGN,-99) (UCb,-99) (EGLNb,-99) (EGLNc,-99) (GT,-99) (VONA,-99) (EGLN,-99) (GTa,-99) (DRPA,-99) (UCa,-99) (EGLNa,-99) (OSUb,-99) (DRPAb,-99) (DRPAc,-99) (VZc,-99) (GSATc,-99) (VZ,-99) (GSAT,-99) (CMCT,-99) (OSUa,-99) (DRPAa,-99) (PTGNb,-99) (CMCTb,-99) (CMCTc,-99) (ATTc,-99) (UGAc,-99) (ATT,-99) (VZb,-99) (UGA,-99) (TWC,-99) (PTGNa,-99) (CMCTa,-99) (VONAb,-99) (ATTb,-99) (TWCb,-99) (TWCc,-99) (VONAa,-99) (ATTa,-99) (TWCa,-99) (GSATb,-99) (UGAb,-99) (VZa,-99) (GSATa,-99) (UGAa,-99)
PTGN:(PTGN,0) (OSU,-99) (VONA,-99) (UC,-99) (VZ,-99) (GSAT,-99) (GT,-99) (EGLN,-99) (GTa,-99) (DRPA,-99) (UCa,-99) (EGLNa,-99) (ATT,-99) (VZb,-99) (UGA,-99) (CMCT,-99) (OSUa,-99) (DRPAa,-99) (ATTb,-99) (UCc,-99) (TWC,-99) (PTGNa,-99) (CMCTa,-99) (UGAb,-99) (GSATb,-99) (CMCTb,-99) (GTc,-99) (OSUc,-99) (GTb,-99) (VONAa,-99) (ATTa,-99) (TWCa,-99) (TWCb,-99) (VONAb,-99) (UCb,-99) (EGLNb,-99) (EGLNc,-99) (PTGNc,-99) (OSUb,-99) (DRPAb,-99) (DRPAc,-99) (VZa,-99) (GSATa,-99) (UGAa,-99) (VONAc,-99) (PTGNb,-99) (CMCTc,-99) (VZc,-99) (GSATc,-99) (ATTc,-99) (TWCc,-99) (UGAc,-99)
PTGNa:(PTGNa,0) (OSUa,-1) (VONAa,-99) (UCa,-99) (VZa,-99) (GSATa,-99) (GTa,-99) (EGLNa,-99) (GT,-99) (UC,-99) (EGLN,-99) (DRPAa,-99) (OSU,-99) (DRPA,-99) (ATTa,-99) (UGAa,-99) (CMCTa,-99) (PTGN,-99) (CMCT,-99) (TWCa,-99) (VONA,-99) (ATT,-99) (TWC,-99) (VZ,-99) (GSAT,-99) (UGA,-99) (VZb,-99) (ATTb,-99) (UCc,-99) (UGAb,-99) (GSATb,-99) (CMCTb,-99) (GTc,-99) (OSUc,-99) (GTb,-99) (TWCb,-99) (VONAb,-99) (UCb,-99) (EGLNb,-99) (EGLNc,-99) (PTGNc,-99) (OSUb,-99) (DRPAb,-99) (DRPAc,-99) (VONAc,-99) (PTGNb,-99) (CMCTc,-99) (VZc,-99) (GSATc,-99) (ATTc,-99) (TWCc,-99) (UGAc,-99)
PTGNb:(PTGNb,0) (OSUb,-99) (VONAb,-99) (UCb,-99) (VZb,-99) (GSATb,-99) (GTb,-99) (EGLNb,-99) (DRPAb,-99) (ATTb,-99) (CMCT,-99) (OSU,-99) (UCc,-99) (UGAb,-99) (CMCTb,-99) (UC,-99) (PTGN,-99) (ATT,-99) (TWC,-99) (GTc,-99) (OSUc,-99) (GT,-99) (VONA,-99) (EGLN,-99) (GTa,-99) (DRPA,-99) (UCa,-99) (EGLNa,-99) (UGA,-99) (GSAT,-99) (TWCb,-99) (EGLNc,-99) (PTGNc,-99) (DRPAc,-99) (VZ,-99) (OSUa,-99) (DRPAa,-99) (VONAc,-99) (CMCTc,-99) (PTGNa,-99) (CMCTa,-99) (VZc,-99) (GSATc,-99) (ATTc,-99) (TWCc,-99) (VONAa,-99) (ATTa,-99) (TWCa,-99) (UGAc,-99) (VZa,-99) (GSATa,-99) (UGAa,-99)
PTGNc:(PTGNc,0) (OSUc,-99) (VONAc,-99) (UCc,-99) (VZc,-99) (GSATc,-99) (GTc,-99) (OSU,-99) (GTb,-99) (UC,-99) (PTGN,-99) (UCb,-99) (EGLNb,-99) (EGLNc,-99) (GT,-99) (VONA,-99) (EGLN,-99) (GTa,-99) (DRPA,-99) (UCa,-99) (EGLNa,-99) (OSUb,-99) (DRPAb,-99) (DRPAc,-99) (ATTc,-99) (UGAc,-99) (VZ,-99) (GSAT,-99) (CMCT,-99) (OSUa,-99) (DRPAa,-99) (PTGNb,-99) (CMCTb,-99) (CMCTc,-99) (ATT,-99) (VZb,-99) (UGA,-99) (TWC,-99) (PTGNa,-99) (CMCTa,-99) (VONAb,-99) (ATTb,-99) (TWCb,-99) (TWCc,-99) (VONAa,-99) (ATTa,-99) (TWCa,-99) (GSATb,-99) (UGAb,-99) (VZa,-99) (GSATa,-99) (UGAa,-99)
TWC:(TWC,0) (CMCT,-99) (VONA,-99) (ATT,-99) (VZ,-99) (GSAT,-99) (UGA,-99) (VZb,-99) (ATTb,-99) (OSU,-99) (UCc,-99) (UC,-99) (PTGN,-99) (UGAb,-99) (GSATb,-99) (CMCTb,-99) (GTc,-99) (OSUc,-99) (GTb,-99) (GT,-99) (EGLN,-99) (GTa,-99) (DRPA,-99) (UCa,-99) (EGLNa,-99) (TWCb,-99) (VONAb,-99) (UCb,-99) (EGLNb,-99) (EGLNc,-99) (PTGNc,-99) (OSUb,-99) (DRPAb,-99) (DRPAc,-99) (OSUa,-99) (DRPAa,-99) (VONAc,-99) (PTGNb,-99) (CMCTc,-99) (PTGNa,-99) (CMCTa,-99) (VZc,-99) (GSATc,-99) (ATTc,-99) (TWCc,-99) (VONAa,-99) (ATTa,-99) (TWCa,-99) (UGAc,-99) (VZa,-99) (GSATa,-99) (UGAa,-99)
TWCa:(TWCa,0) (CMCTa,-99) (VONAa,-99) (ATTa,-99) (VZa,-99) (GSATa,-99) (UGAa,-99)
TWCb:(TWCb,0) (CMCTb,-99) (VONAb,-99) (ATTb,-99) (VZb,-99) (GSATb,-99) (UGAb,-99) (CMCT,-99) (OSU,-99) (UCc,-99) (UC,-99) (PTGN,-99) (ATT,-99) (TWC,-99) (GTc,-99) (OSUc,-99) (GTb,-99) (GT,-99) (VONA,-99) (EGLN,-99) (GTa,-99) (DRPA,-99) (UCa,-99) (EGLNa,-99) (UGA,-99) (GSAT,-99) (UCb,-99) (EGLNb,-99) (EGLNc,-99) (PTGNc,-99) (OSUb,-99) (DRPAb,-99) (DRPAc,-99) (VZ,-99) (OSUa,-99) (DRPAa,-99) (VONAc,-99) (PTGNb,-99) (CMCTc,-99) (PTGNa,-99) (CMCTa,-99) (VZc,-99) (GSATc,-99) (ATTc,-99) (TWCc,-99) (VONAa,-99) (ATTa,-99) (TWCa,-99) (UGAc,-99) (VZa,-99) (GSATa,-99) (UGAa,-99)
TWCc:(TWCc,0) (CMCTc,-99) (VONAc,-99) (ATTc,-99) (VZc,-99) (GSATc,-99) (UGAc,-99) (UCb,-99) (GTb,-99) (OSUb,-99) (EGLNb,-99) (PTGNb,-99) (DRPAb,-99) (VONAb,-99) (CMCTb,-99) (VZb,-99) (GSATb,-99) (ATTb,-99) (TWCb,-99) (CMCT,-99) (OSU,-99) (UCc,-99) (UGAb,-99) (UC,-99) (PTGN,-99) (ATT,-99) (TWC,-99) (GTc,-99) (OSUc,-99) (GT,-99) (VONA,-99) (EGLN,-99) (GTa,-99) (DRPA,-99) (UCa,-99) (EGLNa,-99) (UGA,-99) (GSAT,-99) (EGLNc,-99) (PTGNc,-99) (DRPAc,-99) (VZ,-99) (OSUa,-99) (DRPAa,-99) (PTGNa,-99) (CMCTa,-99) (VONAa,-99) (ATTa,-99) (TWCa,-99) (VZa,-99) (GSATa,-99) (UGAa,-99)
UC:(UC,0) (GT,-99) (OSU,-99) (EGLN,-99) (GTa,-99) (PTGN,-99) (DRPA,-99) (UCa,-99) (EGLNa,-99) (VONA,-99) (CMCT,-99) (OSUa,-99) (DRPAa,-99) (VZ,-99) (GSAT,-99) (ATT,-99) (TWC,-99) (PTGNa,-99) (CMCTa,-99) (VZb,-99) (UGA,-99) (VONAa,-99) (ATTa,-99) (TWCa,-99) (ATTb,-99) (UCc,-99) (VZa,-99) (GSATa,-99) (UGAa,-99) (UGAb,-99) (GSATb,-99) (CMCTb,-99) (GTc,-99) (OSUc,-99) (GTb,-99) (TWCb,-99) (VONAb,-99) (UCb,-99) (EGLNb,-99) (EGLNc,-99) (PTGNc,-99) (OSUb,-99) (DRPAb,-99) (DRPAc,-99) (VONAc,-99) (PTGNb,-99) (CMCTc,-99) (VZc,-99) (GSATc,-99) (ATTc,-99) (TWCc,-99) (UGAc,-99)
UCa:(UCa,0) (GTa,-99) (OSUa,-99) (EGLNa,-99) (GT,-99) (PTGNa,-99) (UC,-99) (EGLN,-99) (DRPAa,-99) (OSU,-99) (DRPA,-99) (VONAa,-99) (CMCTa,-99) (PTGN,-99) (CMCT,-99) (VZa,-99) (GSATa,-99) (ATTa,-99) (TWCa,-99) (VONA,-99) (ATT,-99) (TWC,-99) (UGAa,-99) (VZ,-99) (GSAT,-99) (UGA,-99) (VZb,-99) (ATTb,-99) (UCc,-99) (UGAb,-99) (GSATb,-99) (CMCTb,-99) (GTc,-99) (OSUc,-99) (GTb,-99) (TWCb,-99) (VONAb,-99) (UCb,-99) (EGLNb,-99) (EGLNc,-99) (PTGNc,-99) (OSUb,-99) (DRPAb,-99) (DRPAc,-99) (VONAc,-99) (PTGNb,-99) (CMCTc,-99) (VZc,-99) (GSATc,-99) (ATTc,-99) (TWCc,-99) (UGAc,-99)
UCb:(UCb,0) (GTb,-99) (OSUb,-99) (EGLNb,-99) (PTGNb,-99) (DRPAb,-99) (VONAb,-99) (CMCTb,-99) (VZb,-99) (GSATb,-99) (ATTb,-99) (TWCb,-99) (CMCT,-99) (OSU,-99) (UCc,-99) (UGAb,-99) (UC,-99) (PTGN,-99) (ATT,-99) (TWC,-99) (GTc,-99) (OSUc,-99) (GT,-99) (VONA,-99) (EGLN,-99) (GTa,-99) (DRPA,-99) (UCa,-99) (EGLNa,-99) (UGA,-99) (GSAT,-99) (EGLNc,-99) (PTGNc,-99) (DRPAc,-99) (VZ,-99) (OSUa,-99) (DRPAa,-99) (VONAc,-99) (CMCTc,-99) (PTGNa,-99) (CMCTa,-99) (VZc,-99) (GSATc,-99) (ATTc,-99) (TWCc,-99) (VONAa,-99) (ATTa,-99) (TWCa,-99) (UGAc,-99) (VZa,-99) (GSATa,-99) (UGAa,-99)
UCc:(UCc,0) (GTc,-99) (OSUc,-99) (OSU,-99) (GTb,-99) (UC,-99) (PTGN,-99) (UCb,-99) (EGLNb,-99) (EGLNc,-99) (PTGNc,-99) (GT,-99) (VONA,-99) (EGLN,-99) (GTa,-99) (DRPA,-99) (UCa,-99) (EGLNa,-99) (OSUb,-99) (DRPAb,-99) (DRPAc,-99) (VONAc,-99) (VZ,-99) (GSAT,-99) (CMCT,-99) (OSUa,-99) (DRPAa,-99) (PTGNb,-99) (CMCTb,-99) (CMCTc,-99) (VZc,-99) (GSATc,-99) (ATT,-99) (VZb,-99) (UGA,-99) (TWC,-99) (PTGNa,-99) (CMCTa,-99) (VONAb,-99) (ATTb,-99) (TWCb,-99) (ATTc,-99) (TWCc,-99) (UGAc,-99) (VONAa,-99) (ATTa,-99) (TWCa,-99) (GSATb,-99) (UGAb,-99) (VZa,-99) (GSATa,-99) (UGAa,-99)
UGA:(UGA,0) (ATT,-99) (GSAT,-99) (CMCT,-99) (VONA,-99) (TWC,-99) (VZ,-99) (VZb,-99) (ATTb,-99) (OSU,-99) (UCc,-99) (UC,-99) (PTGN,-99) (UGAb,-99) (GSATb,-99) (CMCTb,-99) (GTc,-99) (OSUc,-99) (GTb,-99) (GT,-99) (EGLN,-99) (GTa,-99) (DRPA,-99) (UCa,-99) (EGLNa,-99) (TWCb,-99) (VONAb,-99) (UCb,-99) (EGLNb,-99) (EGLNc,-99) (PTGNc,-99) (OSUb,-99) (DRPAb,-99) (DRPAc,-99) (OSUa,-99) (DRPAa,-99) (VONAc,-99) (PTGNb,-99) (CMCTc,-99) (PTGNa,-99) (CMCTa,-99) (VZc,-99) (GSATc,-99) (ATTc,-99) (TWCc,-99) (VONAa,-99) (ATTa,-99) (TWCa,-99) (UGAc,-99) (VZa,-99) (GSATa,-99) (UGAa,-99)
UGAa:(UGAa,0) (ATTa,-99) (GSATa,-99) (CMCTa,-99) (VONAa,-99) (TWCa,-99) (VZa,-99)
UGAb:(UGAb,0) (ATTb,-99) (GSATb,-99) (CMCTb,-99) (VONAb,-99) (TWCb,-99) (VZb,-99) (CMCT,-99) (OSU,-99) (UCc,-99) (UC,-99) (PTGN,-99) (ATT,-99) (TWC,-99) (GTc,-99) (OSUc,-99) (GTb,-99) (GT,-99) (VONA,-99) (EGLN,-99) (GTa,-99) (DRPA,-99) (UCa,-99) (EGLNa,-99) (UGA,-99) (GSAT,-99) (UCb,-99) (EGLNb,-99) (EGLNc,-99) (PTGNc,-99) (OSUb,-99) (DRPAb,-99) (DRPAc,-99) (VZ,-99) (OSUa,-99) (DRPAa,-99) (VONAc,-99) (PTGNb,-99) (CMCTc,-99) (PTGNa,-99) (CMCTa,-99) (VZc,-99) (GSATc,-99) (ATTc,-99) (TWCc,-99) (VONAa,-99) (ATTa,-99) (TWCa,-99) (UGAc,-99) (VZa,-99) (GSATa,-99) (UGAa,-99)
UGAc:(UGAc,0) (ATTc,-99) (GSATc,-99) (CMCTc,-99) (VONAc,-99) (TWCc,-99) (VZc,-99) (UCb,-99) (GTb,-99) (OSUb,-99) (EGLNb,-99) (PTGNb,-99) (DRPAb,-99) (VONAb,-99) (CMCTb,-99) (VZb,-99) (GSATb,-99) (ATTb,-99) (TWCb,-99) (CMCT,-99) (OSU,-99) (UCc,-99) (UGAb,-99) (UC,-99) (PTGN,-99) (ATT,-99) (TWC,-99) (GTc,-99) (OSUc,-99) (GT,-99) (VONA,-99) (EGLN,-99) (GTa,-99) (DRPA,-99) (UCa,-99) (EGLNa,-99) (UGA,-99) (GSAT,-99) (EGLNc,-99) (PTGNc,-99) (DRPAc,-99) (VZ,-99) (OSUa,-99) (DRPAa,-99) (PTGNa,-99) (CMCTa,-99) (VONAa,-99) (ATTa,-99) (TWCa,-99) (VZa,-99) (GSATa,-99) (UGAa,-99)
VONA:(VONA,0) (VZ,-99) (GSAT,-99) (ATT,-99) (VZb,-99) (UGA,-99) (CMCT,-99) (ATTb,-99) (OSU,-99) (UCc,-99) (TWC,-99) (UC,-99) (PTGN,-99) (UGAb,-99) (GSATb,-99) (CMCTb,-99) (GTc,-99) (OSUc,-99) (GTb,-99) (GT,-99) (EGLN,-99) (GTa,-99) (DRPA,-99) (UCa,-99) (EGLNa,-99) (TWCb,-99) (VONAb,-99) (UCb,-99) (EGLNb,-99) (EGLNc,-99) (PTGNc,-99) (OSUb,-99) (DRPAb,-99) (DRPAc,-99) (OSUa,-99) (DRPAa,-99) (VONAc,-99) (PTGNb,-99) (CMCTc,-99) (PTGNa,-99) (CMCTa,-99) (VZc,-99) (GSATc,-99) (ATTc,-99) (TWCc,-99) (VONAa,-99) (ATTa,-99) (TWCa,-99) (UGAc,-99) (VZa,-99) (GSATa,-99) (UGAa,-99)
VONAa:(VONAa,0) (VZa,-99) (GSATa,-99) (ATTa,-99) (UGAa,-99) (CMCTa,-99) (TWCa,-99)
VONAb:(VONAb,0) (VZb,-99) (GSATb,-99) (ATTb,-99) (CMCT,-99) (OSU,-99) (UCc,-99) (UGAb,-99) (UC,-99) (PTGN,-99) (ATT,-99) (TWC,-99) (CMCTb,-99) (GTc,-99) (OSUc,-99) (GTb,-99) (GT,-99) (VONA,-99) (EGLN,-99) (GTa,-99) (DRPA,-99) (UCa,-99) (EGLNa,-99) (UGA,-99) (GSAT,-99) (TWCb,-99) (UCb,-99) (EGLNb,-99) (EGLNc,-99) (PTGNc,-99) (OSUb,-99) (DRPAb,-99) (DRPAc,-99) (VZ,-99) (OSUa,-99) (DRPAa,-99) (VONAc,-99) (PTGNb,-99) (CMCTc,-99) (PTGNa,-99) (CMCTa,-99) (VZc,-99) (GSATc,-99) (ATTc,-99) (TWCc,-99) (VONAa,-99) (ATTa,-99) (TWCa,-99) (UGAc,-99) (VZa,-99) (GSATa,-99) (UGAa,-99)
VONAc:(VONAc,0) (VZc,-99) (GSATc,-99) (ATTc,-99) (UCb,-99) (UGAc,-99) (GTb,-99) (OSUb,-99) (CMCTc,-99) (EGLNb,-99) (PTGNb,-99) (DRPAb,-99) (TWCc,-99) (VONAb,-99) (CMCTb,-99) (VZb,-99) (GSATb,-99) (ATTb,-99) (TWCb,-99) (CMCT,-99) (OSU,-99) (UCc,-99) (UGAb,-99) (UC,-99) (PTGN,-99) (ATT,-99) (TWC,-99) (GTc,-99) (OSUc,-99) (GT,-99) (VONA,-99) (EGLN,-99) (GTa,-99) (DRPA,-99) (UCa,-99) (EGLNa,-99) (UGA,-99) (GSAT,-99) (EGLNc,-99) (PTGNc,-99) (DRPAc,-99) (VZ,-99) (OSUa,-99) (DRPAa,-99) (PTGNa,-99) (CMCTa,-99) (VONAa,-99) (ATTa,-99) (TWCa,-99) (VZa,-99) (GSATa,-99) (UGAa,-99)
VZ:(VZ,0) (ATT,-99) (VZb,-99) (UGA,-99) (GSAT,-99) (CMCT,-99) (ATTb,-99) (OSU,-99) (UCc,-99) (TWC,-99) (VONA,-99) (UC,-99) (PTGN,-99) (UGAb,-99) (GSATb,-99) (CMCTb,-99) (GTc,-99) (OSUc,-99) (GTb,-99) (GT,-99) (EGLN,-99) (GTa,-99) (DRPA,-99) (UCa,-99) (EGLNa,-99) (TWCb,-99) (VONAb,-99) (UCb,-99) (EGLNb,-99) (EGLNc,-99) (PTGNc,-99) (OSUb,-99) (DRPAb,-99) (DRPAc,-99) (OSUa,-99) (DRPAa,-99) (VONAc,-99) (PTGNb,-99) (CMCTc,-99) (PTGNa,-99) (CMCTa,-99) (VZc,-99) (GSATc,-99) (ATTc,-99) (TWCc,-99) (VONAa,-99) (ATTa,-99) (TWCa,-99) (UGAc,-99) (VZa,-99) (GSATa,-99) (UGAa,-99)
VZa:(VZa,0) (ATTa,2) (UGAa,-99) (GSATa,-99) (CMCTa,-99) (TWCa,-99) (VONAa,-99)
VZb:(VZb,0) (ATTb,-99) (CMCT,-99) (OSU,-99) (UCc,-99) (UC,-99) (PTGN,-99) (ATT,-99) (TWC,-99) (UGAb,-99) (GSATb,-99) (CMCTb,-99) (GTc,-99) (OSUc,-99) (GTb,-99) (GT,-99) (VONA,-99) (EGLN,-99) (GTa,-99) (DRPA,-99) (UCa,-99) (EGLNa,-99) (UGA,-99) (GSAT,-99) (TWCb,-99) (VONAb,-99) (UCb,-99) (EGLNb,-99) (EGLNc,-99) (PTGNc,-99) (OSUb,-99) (DRPAb,-99) (DRPAc,-99) (VZ,-99) (OSUa,-99) (DRPAa,-99) (VONAc,-99) (PTGNb,-99) (CMCTc,-99) (PTGNa,-99) (CMCTa,-99) (VZc,-99) (GSATc,-99) (ATTc,-99) (TWCc,-99) (VONAa,-99) (ATTa,-99) (TWCa,-99) (UGAc,-99) (VZa,-99) (GSATa,-99) (UGAa,-99)
VZc:(VZc,0) (ATTc,-99) (UCb,-99) (GTb,-99) (OSUb,-99) (UGAc,-99) (GSATc,-99) (CMCTc,-99) (EGLNb,-99) (PTGNb,-99) (DRPAb,-99) (TWCc,-99) (VONAc,-99) (VONAb,-99) (CMCTb,-99) (VZb,-99) (GSATb,-99) (ATTb,-99) (TWCb,-99) (CMCT,-99) (OSU,-99) (UCc,-99) (UGAb,-99) (UC,-99) (PTGN,-99) (ATT,-99) (TWC,-99) (GTc,-99) (OSUc,-99) (GT,-99) (VONA,-99) (EGLN,-99) (GTa,-99) (DRPA,-99) (UCa,-99) (EGLNa,-99) (UGA,-99) (GSAT,-99) (EGLNc,-99) (PTGNc,-99) (DRPAc,-99) (VZ,-99) (OSUa,-99) (DRPAa,-99) (PTGNa,-99) (CMCTa,-99) (VONAa,-99) (ATTa,-99) (TWCa,-99) (VZa,-99) (GSATa,-99) (UGAa,-99)
-----
ATT:(ATT,0) (UGA,-99) (GSAT,-99) (CMCT,-99) (TWC,-99) (VONA,-99) (VZ,-99) (VZb,-99) (ATTb,-99) (OSU,-99) (UCc,-99) (UC,-99) (PTGN,-99) (UGAb,-99) (GSATb,-99) (CMCTb,-99) (GTc,-99) (OSUc,-99) (GTb,-99) (GT,-99) (EGLN,-99) (GTa,-99) (DRPA,-99) (UCa,-99) (EGLNa,-99) (TWCb,-99) (VONAb,-99) (UCb,-99) (EGLNb,-99) (EGLNc,-99) (PTGNc,-99) (OSUb,-99) (DRPAb,-99) (DRPAc,-99) (OSUa,-99) (DRPAa,-99) (VONAc,-99) (PTGNb,-99) (CMCTc,-99) (PTGNa,-99) (CMCTa,-99) (VZc,-99) (GSATc,-99) (ATTc,-99) (TWCc,-99) (VONAa,-99) (ATTa,-99) (TWCa,-99) (UGAc,-99) (VZa,-99) (GSATa,-99) (UGAa,-99)
ATTa:(ATTa,0) (UGAa,-99) (GSATa,-99) (CMCTa,-99) (TWCa,-99) (VONAa,-99) (VZa,-99)
ATTb:(ATTb,0) (UGAb,-99) (GSATb,-99) (CMCTb,-99) (TWCb,-99) (VONAb,-99) (VZb,-99) (CMCT,-99) (OSU,-99) (UCc,-99) (UC,-99) (PTGN,-99) (ATT,-99) (TWC,-99) (GTc,-99) (OSUc,-99) (GTb,-99) (GT,-99) (VONA,-99) (EGLN,-99) (GTa,-99) (DRPA,-99) (UCa,-99) (EGLNa,-99) (UGA,-99) (GSAT,-99) (UCb,-99) (EGLNb,-99) (EGLNc,-99) (PTGNc,-99) (OSUb,-99) (DRPAb,-99) (DRPAc,-99) (VZ,-99) (OSUa,-99) (DRPAa,-99) (VONAc,-99) (PTGNb,-99) (CMCTc,-99) (PTGNa,-99) (CMCTa,-99) (VZc,-99) (GSATc,-99) (ATTc,-99) (TWCc,-99) (VONAa,-99) (ATTa,-99) (TWCa,-99) (UGAc,-99) (VZa,-99) (GSATa,-99) (UGAa,-99)
ATTc:(ATTc,0) (UGAc,-99) (GSATc,-99) (CMCTc,-99) (TWCc,-99) (VONAc,-99) (VZc,-99) (UCb,-99) (GTb,-99) (OSUb,-99) (EGLNb,-99) (PTGNb,-99) (DRPAb,-99) (VONAb,-99) (CMCTb,-99) (VZb,-99) (GSATb,-99) (ATTb,-99) (TWCb,-99) (CMCT,-99) (OSU,-99) (UCc,-99) (UGAb,-99) (UC,-99) (PTGN,-99) (ATT,-99) (TWC,-99) (GTc,-99) (OSUc,-99) (GT,-99) (VONA,-99) (EGLN,-99) (GTa,-99) (DRPA,-99) (UCa,-99) (EGLNa,-99) (UGA,-99) (GSAT,-99) (EGLNc,-99) (PTGNc,-99) (DRPAc,-99) (VZ,-99) (OSUa,-99) (DRPAa,-99) (PTGNa,-99) (CMCTa,-99) (VONAa,-99) (ATTa,-99) (TWCa,-99) (VZa,-99) (GSATa,-99) (UGAa,-99)
CMCT:(CMCT,0) (ATT,-99) (TWC,-99) (VONA,-99) (UGA,-99) (GSAT,-99) (VZ,-99) (VZb,-99) (ATTb,-99) (OSU,-99) (UCc,-99) (UC,-99) (PTGN,-99) (UGAb,-99) (GSATb,-99) (CMCTb,-99) (GTc,-99) (OSUc,-99) (GTb,-99) (GT,-99) (EGLN,-99) (GTa,-99) (DRPA,-99) (UCa,-99) (EGLNa,-99) (TWCb,-99) (VONAb,-99) (UCb,-99) (EGLNb,-99) (EGLNc,-99) (PTGNc,-99) (OSUb,-99) (DRPAb,-99) (DRPAc,-99) (OSUa,-99) (DRPAa,-99) (VONAc,-99) (PTGNb,-99) (CMCTc,-99) (PTGNa,-99) (CMCTa,-99) (VZc,-99) (GSATc,-99) (ATTc,-99) (TWCc,-99) (VONAa,-99) (ATTa,-99) (TWCa,-99) (UGAc,-99) (VZa,-99) (GSATa,-99) (UGAa,-99)
CMCTa:(CMCTa,0) (ATTa,-99) (TWCa,-99) (VONAa,-99) (UGAa,-99) (GSATa,-99) (VZa,-99)
CMCTb:(CMCTb,0) (ATTb,-99) (TWCb,-99) (VONAb,-99) (UGAb,-99) (GSATb,-99) (VZb,-99) (CMCT,-99) (OSU,-99) (UCc,-99) (UC,-99) (PTGN,-99) (ATT,-99) (TWC,-99) (GTc,-99) (OSUc,-99) (GTb,-99) (GT,-99) (VONA,-99) (EGLN,-99) (GTa,-99) (DRPA,-99) (UCa,-99) (EGLNa,-99) (UGA,-99) (GSAT,-99) (UCb,-99) (EGLNb,-99) (EGLNc,-99) (PTGNc,-99) (OSUb,-99) (DRPAb,-99) (DRPAc,-99) (VZ,-99) (OSUa,-99) (DRPAa,-99) (VONAc,-99) (PTGNb,-99) (CMCTc,-99) (PTGNa,-99) (CMCTa,-99) (VZc,-99) (GSATc,-99) (ATTc,-99) (TWCc,-99) (VONAa,-99) (ATTa,-99) (TWCa,-99) (UGAc,-99) (VZa,-99) (GSATa,-99) (UGAa,-99)
CMCTc:(CMCTc,0) (ATTc,-99) (TWCc,-99) (VONAc,-99) (UGAc,-99) (GSATc,-99) (VZc,-99) (UCb,-99) (GTb,-99) (OSUb,-99) (EGLNb,-99) (PTGNb,-99) (DRPAb,-99) (VONAb,-99) (CMCTb,-99) (VZb,-99) (GSATb,-99) (ATTb,-99) (TWCb,-99) (CMCT,-99) (OSU,-99) (UCc,-99) (UGAb,-99) (UC,-99) (PTGN,-99) (ATT,-99) (TWC,-99) (GTc,-99) (OSUc,-99) (GT,-99) (VONA,-99) (EGLN,-99) (GTa,-99) (DRPA,-99) (UCa,-99) (EGLNa,-99) (UGA,-99) (GSAT,-99) (EGLNc,-99) (PTGNc,-99) (DRPAc,-99) (VZ,-99) (OSUa,-99) (DRPAa,-99) (PTGNa,-99) (CMCTa,-99) (VONAa,-99) (ATTa,-99) (TWCa,-99) (VZa,-99) (GSATa,-99) (UGAa,-99)
DRPA:(DRPA,0) (EGLN,-99) (CMCT,-99) (GT,-99) (ATT,-99) (TWC,-99) (UC,-99) (GTa,-99) (OSU,-99) (UCa,-99) (EGLNa,-99) (VONA,-99) (UGA,-99) (GSAT,-99) (PTGN,-99) (OSUa,-99) (DRPAa,-99) (VZ,-99) (PTGNa,-99) (CMCTa,-99) (VZb,-99) (VONAa,-99) (ATTa,-99) (TWCa,-99) (ATTb,-99) (UCc,-99) (VZa,-99) (GSATa,-99) (UGAa,-99) (UGAb,-99) (GSATb,-99) (CMCTb,-99) (GTc,-99) (OSUc,-99) (GTb,-99) (TWCb,-99) (VONAb,-99) (UCb,-99) (EGLNb,-99) (EGLNc,-99) (PTGNc,-99) (OSUb,-99) (DRPAb,-99) (DRPAc,-99) (VONAc,-99) (PTGNb,-99) (CMCTc,-99) (VZc,-99) (GSATc,-99) (ATTc,-99) (TWCc,-99) (UGAc,-99)
DRPAa:(DRPAa,0) (EGLNa,1) (CMCTa,-99) (GTa,-99) (ATTa,-99) (TWCa,-99) (UCa,-99) (GT,-99) (UC,-99) (EGLN,-99) (OSUa,-99) (OSU,-99) (DRPA,-99) (VONAa,-99) (UGAa,-99) (GSATa,-99) (PTGNa,-99) (PTGN,-99) (CMCT,-99) (VZa,-99) (VONA,-99) (ATT,-99) (TWC,-99) (VZ,-99) (GSAT,-99) (UGA,-99) (VZb,-99) (ATTb,-99) (UCc,-99) (UGAb,-99) (GSATb,-99) (CMCTb,-99) (GTc,-99) (OSUc,-99) (GTb,-99) (TWCb,-99) (VONAb,-99) (UCb,-99) (EGLNb,-99) (EGLNc,-99) (PTGNc,-99) (OSUb,-99) (DRPAb,-99) (DRPAc,-99) (VONAc,-99) (PTGNb,-99) (CMCTc,-99) (VZc,-99) (GSATc,-99) (ATTc,-99) (TWCc,-99) (UGAc,-99)
DRPAb:(DRPAb,0) (EGLNb,-99) (CMCTb,-99) (GTb,-99) (ATTb,-99) (TWCb,-99) (UCb,-99) (OSUb,-99) (VONAb,-99) (UGAb,-99) (GSATb,-99) (PTGNb,-99) (VZb,-99) (CMCT,-99) (OSU,-99) (UCc,-99) (UC,-99) (PTGN,-99) (ATT,-99) (TWC,-99) (GTc,-99) (OSUc,-99) (GT,-99) (VONA,-99) (EGLN,-99) (GTa,-99) (DRPA,-99) (UCa,-99) (EGLNa,-99) (UGA,-99) (GSAT,-99) (EGLNc,-99) (PTGNc,-99) (DRPAc,-99) (VZ,-99) (OSUa,-99) (DRPAa,-99) (VONAc,-99) (CMCTc,-99) (PTGNa,-99) (CMCTa,-99) (VZc,-99) (GSATc,-99) (ATTc,-99) (TWCc,-99) (VONAa,-99) (ATTa,-99) (TWCa,-99) (UGAc,-99) (VZa,-99) (GSATa,-99) (UGAa,-99)
DRPAc:(DRPAc,0) (EGLNc,-99) (CMCTc,-99) (GTc,-99) (ATTc,-99) (TWCc,-99) (UCc,-99) (OSUc,-99) (OSU,-99) (GTb,-99) (VONAc,-99) (UGAc,-99) (GSATc,-99) (UC,-99) (PTGN,-99) (UCb,-99) (EGLNb,-99) (PTGNc,-99) (GT,-99) (VONA,-99) (EGLN,-99) (GTa,-99) (DRPA,-99) (UCa,-99) (EGLNa,-99) (OSUb,-99) (DRPAb,-99) (VZc,-99) (VZ,-99) (GSAT,-99) (CMCT,-99) (OSUa,-99) (DRPAa,-99) (PTGNb,-99) (CMCTb,-99) (ATT,-99) (VZb,-99) (UGA,-99) (TWC,-99) (PTGNa,-99) (CMCTa,-99) (VONAb,-99) (ATTb,-99) (TWCb,-99) (VONAa,-99) (ATTa,-99) (TWCa,-99) (GSATb,-99) (UGAb,-99) (VZa,-99) (GSATa,-99) (UGAa,-99)
EGLN:(EGLN,0) (GT,-99) (DRPA,-99) (UC,-99) (GTa,-99) (CMCT,-99) (OSU,-99) (UCa,-99) (EGLNa,-99) (ATT,-99) (TWC,-99) (PTGN,-99) (OSUa,-99) (DRPAa,-99) (VONA,-99) (UGA,-99) (GSAT,-99) (PTGNa,-99) (CMCTa,-99) (VZ,-99) (VONAa,-99) (ATTa,-99) (TWCa,-99) (VZb,-99) (VZa,-99) (GSATa,-99) (UGAa,-99) (ATTb,-99) (UCc,-99) (UGAb,-99) (GSATb,-99) (CMCTb,-99) (GTc,-99) (OSUc,-99) (GTb,-99) (TWCb,-99) (VONAb,-99) (UCb,-99) (EGLNb,-99) (EGLNc,-99) (PTGNc,-99) (OSUb,-99) (DRPAb,-99) (DRPAc,-99) (VONAc,-99) (PTGNb,-99) (CMCTc,-99) (VZc,-99) (GSATc,-99) (ATTc,-99) (TWCc,-99) (UGAc,-99)
EGLNa:(EGLNa,0) (GTa,-99) (DRPAa,-99) (UCa,-99) (GT,-99) (CMCTa,-99) (UC,-99) (EGLN,-99) (OSUa,-99) (OSU,-99) (DRPA,-99) (ATTa,-99) (TWCa,-99) (PTGNa,-99) (PTGN,-99) (CMCT,-99) (VONAa,-99) (UGAa,-99) (GSATa,-99) (VONA,-99) (ATT,-99) (TWC,-99) (VZa,-99) (VZ,-99) (GSAT,-99) (UGA,-99) (VZb,-99) (ATTb,-99) (UCc,-99) (UGAb,-99) (GSATb,-99) (CMCTb,-99) (GTc,-99) (OSUc,-99) (GTb,-99) (TWCb,-99) (VONAb,-99) (UCb,-99) (EGLNb,-99) (EGLNc,-99) (PTGNc,-99) (OSUb,-99) (DRPAb,-99) (DRPAc,-99) (VONAc,-99) (PTGNb,-99) (CMCTc,-99) (VZc,-99) (GSATc,-99) (ATTc,-99) (TWCc,-99) (UGAc,-99)
EGLNb:(EGLNb,0) (GTb,-99) (DRPAb,-99) (UCb,-99) (CMCTb,-99) (OSUb,-99) (ATTb,-99) (TWCb,-99) (PTGNb,-99) (VONAb,-99) (UGAb,-99) (GSATb,-99) (VZb,-99) (CMCT,-99) (OSU,-99) (UCc,-99) (UC,-99) (PTGN,-99) (ATT,-99) (TWC,-99) (GTc,-99) (OSUc,-99) (GT,-99) (VONA,-99) (EGLN,-99) (GTa,-99) (DRPA,-99) (UCa,-99) (EGLNa,-99) (UGA,-99) (GSAT,-99) (EGLNc,-99) (PTGNc,-99) (DRPAc,-99) (VZ,-99) (OSUa,-99) (DRPAa,-99) (VONAc,-99) (CMCTc,-99) (PTGNa,-99) (CMCTa,-99) (VZc,-99) (GSATc,-99) (ATTc,-99) (TWCc,-99) (VONAa,-99) (ATTa,-99) (TWCa,-99) (UGAc,-99) (VZa,-99) (GSATa,-99) (UGAa,-99)
EGLNc:(EGLNc,0) (GTc,-99) (DRPAc,-99) (UCc,-99) (CMCTc,-99) (OSUc,-99) (OSU,-99) (GTb,-99) (ATTc,-99) (TWCc,-99) (UC,-99) (PTGN,-99) (UCb,-99) (EGLNb,-99) (PTGNc,-99) (GT,-99) (VONA,-99) (EGLN,-99) (GTa,-99) (DRPA,-99) (UCa,-99) (EGLNa,-99) (OSUb,-99) (DRPAb,-99) (VONAc,-99) (UGAc,-99) (GSATc,-99) (VZ,-99) (GSAT,-99) (CMCT,-99) (OSUa,-99) (DRPAa,-99) (PTGNb,-99) (CMCTb,-99) (VZc,-99) (ATT,-99) (VZb,-99) (UGA,-99) (TWC,-99) (PTGNa,-99) (CMCTa,-99) (VONAb,-99) (ATTb,-99) (TWCb,-99) (VONAa,-99) (ATTa,-99) (TWCa,-99) (GSATb,-99) (UGAb,-99) (VZa,-99) (GSATa,-99) (UGAa,-99)
GSAT:(GSAT,0) (VONA,-99) (UGA,-99) (VZ,-99) (ATT,-99) (VZb,-99) (CMCT,-99) (TWC,-99) (ATTb,-99) (OSU,-99) (UCc,-99) (UC,-99) (PTGN,-99) (UGAb,-99) (GSATb,-99) (CMCTb,-99) (GTc,-99) (OSUc,-99) (GTb,-99) (GT,-99) (EGLN,-99) (GTa,-99) (DRPA,-99) (UCa,-99) (EGLNa,-99) (TWCb,-99) (VONAb,-99) (UCb,-99) (EGLNb,-99) (EGLNc,-99) (PTGNc,-99) (OSUb,-99) (DRPAb,-99) (DRPAc,-99) (OSUa,-99) (DRPAa,-99) (VONAc,-99) (PTGNb,-99) (CMCTc,-99) (PTGNa,-99) (CMCTa,-99) (VZc,-99) (GSATc,-99) (ATTc,-99) (TWCc,-99) (VONAa,-99) (ATTa,-99) (TWCa,-99) (UGAc,-99) (VZa,-99) (GSATa,-99) (UGAa,-99)
GSATa:(GSATa,0) (VONAa,-99) (UGAa,-99) (VZa,-99) (ATTa,-99) (CMCTa,-99) (TWCa,-99)
GSATb:(GSATb,0) (VONAb,-99) (UGAb,-99) (VZb,-99) (ATTb,-99) (CMCT,-99) (OSU,-99) (UCc,-99) (CMCTb,-99) (TWCb,-99) (UC,-99) (PTGN,-99) (ATT,-99) (TWC,-99) (GTc,-99) (OSUc,-99) (GTb,-99) (GT,-99) (VONA,-99) (EGLN,-99) (GTa,-99) (DRPA,-99) (UCa,-99) (EGLNa,-99) (UGA,-99) (GSAT,-99) (UCb,-99) (EGLNb,-99) (EGLNc,-99) (PTGNc,-99) (OSUb,-99) (DRPAb,-99) (DRPAc,-99) (VZ,-99) (OSUa,-99) (DRPAa,-99) (VONAc,-99) (PTGNb,-99) (CMCTc,-99) (PTGNa,-99) (CMCTa,-99) (VZc,-99) (GSATc,-99) (ATTc,-99) (TWCc,-99) (VONAa,-99) (ATTa,-99) (TWCa,-99) (UGAc,-99) (VZa,-99) (GSATa,-99) (UGAa,-99)
GSATc:(GSATc,0) (VONAc,-99) (UGAc,-99) (VZc,-99) (ATTc,-99) (UCb,-99) (CMCTc,-99) (TWCc,-99) (GTb,-99) (OSUb,-99) (EGLNb,-99) (PTGNb,-99) (DRPAb,-99) (VONAb,-99) (CMCTb,-99) (VZb,-99) (GSATb,-99) (ATTb,-99) (TWCb,-99) (CMCT,-99) (OSU,-99) (UCc,-99) (UGAb,-99) (UC,-99) (PTGN,-99) (ATT,-99) (TWC,-99) (GTc,-99) (OSUc,-99) (GT,-99) (VONA,-99) (EGLN,-99) (GTa,-99) (DRPA,-99) (UCa,-99) (EGLNa,-99) (UGA,-99) (GSAT,-99) (EGLNc,-99) (PTGNc,-99) (DRPAc,-99) (VZ,-99) (OSUa,-99) (DRPAa,-99) (PTGNa,-99) (CMCTa,-99) (VONAa,-99) (ATTa,-99) (TWCa,-99) (VZa,-99) (GSATa,-99) (UGAa,-99)
GT:(GT,0) (UC,-99) (EGLN,-99) (GTa,-99) (OSU,-99) (DRPA,-99) (UCa,-99) (EGLNa,-99) (PTGN,-99) (CMCT,-99) (OSUa,-99) (DRPAa,-99) (VONA,-99) (ATT,-99) (TWC,-99) (PTGNa,-99) (CMCTa,-99) (VZ,-99) (GSAT,-99) (UGA,-99) (VONAa,-99) (ATTa,-99) (TWCa,-99) (VZb,-99) (VZa,-99) (GSATa,-99) (UGAa,-99) (ATTb,-99) (UCc,-99) (UGAb,-99) (GSATb,-99) (CMCTb,-99) (GTc,-99) (OSUc,-99) (GTb,-99) (TWCb,-99) (VONAb,-99) (UCb,-99) (EGLNb,-99) (EGLNc,-99) (PTGNc,-99) (OSUb,-99) (DRPAb,-99) (DRPAc,-99) (VONAc,-99) (PTGNb,-99) (CMCTc,-99) (VZc,-99) (GSATc,-99) (ATTc,-99) (TWCc,-99) (UGAc,-99)
GTa:(GTa,0) (UCa,-99) (EGLNa,-99) (GT,-99) (UC,-99) (EGLN,-99) (OSUa,-99) (DRPAa,-99) (OSU,-99) (DRPA,-99) (PTGNa,-99) (CMCTa,-99) (PTGN,-99) (CMCT,-99) (VONAa,-99) (ATTa,-99) (TWCa,-99) (VONA,-99) (ATT,-99) (TWC,-99) (VZa,-99) (GSATa,-99) (UGAa,-99) (VZ,-99) (GSAT,-99) (UGA,-99) (VZb,-99) (ATTb,-99) (UCc,-99) (UGAb,-99) (GSATb,-99) (CMCTb,-99) (GTc,-99) (OSUc,-99) (GTb,-99) (TWCb,-99) (VONAb,-99) (UCb,-99) (EGLNb,-99) (EGLNc,-99) (PTGNc,-99) (OSUb,-99) (DRPAb,-99) (DRPAc,-99) (VONAc,-99) (PTGNb,-99) (CMCTc,-99) (VZc,-99) (GSATc,-99) (ATTc,-99) (TWCc,-99) (UGAc,-99)
GTb:(GTb,0) (UCb,-99) (EGLNb,-99) (OSUb,-99) (DRPAb,-99) (PTGNb,-99) (CMCTb,-99) (VONAb,-99) (ATTb,-99) (TWCb,-99) (VZb,-99) (GSATb,-99) (UGAb,-99) (CMCT,-99) (OSU,-99) (UCc,-99) (UC,-99) (PTGN,-99) (ATT,-99) (TWC,-99) (GTc,-99) (OSUc,-99) (GT,-99) (VONA,-99) (EGLN,-99) (GTa,-99) (DRPA,-99) (UCa,-99) (EGLNa,-99) (UGA,-99) (GSAT,-99) (EGLNc,-99) (PTGNc,-99) (DRPAc,-99) (VZ,-99) (OSUa,-99) (DRPAa,-99) (VONAc,-99) (CMCTc,-99) (PTGNa,-99) (CMCTa,-99) (VZc,-99) (GSATc,-99) (ATTc,-99) (TWCc,-99) (VONAa,-99) (ATTa,-99) (TWCa,-99) (UGAc,-99) (VZa,-99) (GSATa,-99) (UGAa,-99)
GTc:(GTc,0) (UCc,-99) (EGLNc,-99) (OSUc,-99) (OSU,-99) (GTb,-99) (DRPAc,-99) (UC,-99) (PTGN,-99) (UCb,-99) (EGLNb,-99) (PTGNc,-99) (GT,-99) (VONA,-99) (EGLN,-99) (GTa,-99) (DRPA,-99) (UCa,-99) (EGLNa,-99) (OSUb,-99) (DRPAb,-99) (CMCTc,-99) (VONAc,-99) (VZ,-99) (GSAT,-99) (CMCT,-99) (OSUa,-99) (DRPAa,-99) (PTGNb,-99) (CMCTb,-99) (ATTc,-99) (TWCc,-99) (VZc,-99) (GSATc,-99) (ATT,-99) (VZb,-99) (UGA,-99) (TWC,-99) (PTGNa,-99) (CMCTa,-99) (VONAb,-99) (ATTb,-99) (TWCb,-99) (UGAc,-99) (VONAa,-99) (ATTa,-99) (TWCa,-99) (GSATb,-99) (UGAb,-99) (VZa,-99) (GSATa,-99) (UGAa,-99)
OSU:(OSU,0) (UC,-99) (PTGN,-99) (GT,-99) (VONA,-99) (EGLN,-99) (GTa,-99) (DRPA,-99) (UCa,-99) (EGLNa,-99) (VZ,-99) (GSAT,-99) (CMCT,-99) (OSUa,-99) (DRPAa,-99) (ATT,-99) (VZb,-99) (UGA,-99) (TWC,-99) (PTGNa,-99) (CMCTa,-99) (ATTb,-99) (UCc,-99) (VONAa,-99) (ATTa,-99) (TWCa,-99) (UGAb,-99) (GSATb,-99) (CMCTb,-99) (GTc,-99) (OSUc,-99) (GTb,-99) (VZa,-99) (GSATa,-99) (UGAa,-99) (TWCb,-99) (VONAb,-99) (UCb,-99) (EGLNb,-99) (EGLNc,-99) (PTGNc,-99) (OSUb,-99) (DRPAb,-99) (DRPAc,-99) (VONAc,-99) (PTGNb,-99) (CMCTc,-99) (VZc,-99) (GSATc,-99) (ATTc,-99) (TWCc,-99) (UGAc,-99)
OSUa:(OSUa,0) (UCa,-99) (PTGNa,-99) (GTa,-99) (VONAa,-99) (EGLNa,-99) (GT,-99) (UC,-99) (EGLN,-99) (DRPAa,-99) (OSU,-99) (DRPA,-99) (VZa,-99) (GSATa,-99) (CMCTa,-99) (PTGN,-99) (CMCT,-99) (ATTa,-99) (UGAa,-99) (TWCa,-99) (VONA,-99) (ATT,-99) (TWC,-99) (VZ,-99) (GSAT,-99) (UGA,-99) (VZb,-99) (ATTb,-99) (UCc,-99) (UGAb,-99) (GSATb,-99) (CMCTb,-99) (GTc,-99) (OSUc,-99) (GTb,-99) (TWCb,-99) (VONAb,-99) (UCb,-99) (EGLNb,-99) (EGLNc,-99) (PTGNc,-99) (OSUb,-99) (DRPAb,-99) (DRPAc,-99) (VONAc,-99) (PTGNb,-99) (CMCTc,-99) (VZc,-99) (GSATc,-99) (ATTc,-99) (TWCc,-99) (UGAc,-99)
OSUb:(OSUb,0) (UCb,-99) (PTGNb,-99) (GTb,-99) (VONAb,-99) (EGLNb,-99) (DRPAb,-99) (VZb,-99) (GSATb,-99) (CMCTb,-99) (ATTb,-99) (CMCT,-99) (OSU,-99) (UCc,-99) (UGAb,-99) (TWCb,-99) (UC,-99) (PTGN,-99) (ATT,-99) (TWC,-99) (GTc,-99) (OSUc,-99) (GT,-99) (VONA,-99) (EGLN,-99) (GTa,-99) (DRPA,-99) (UCa,-99) (EGLNa,-99) (UGA,-99) (GSAT,-99) (EGLNc,-99) (PTGNc,-99) (DRPAc,-99) (VZ,-99) (OSUa,-99) (DRPAa,-99) (VONAc,-99) (CMCTc,-99) (PTGNa,-99) (CMCTa,-99) (VZc,-99) (GSATc,-99) (ATTc,-99) (TWCc,-99) (VONAa,-99) (ATTa,-99) (TWCa,-99) (UGAc,-99) (VZa,-99) (GSATa,-99) (UGAa,-99)
OSUc:(OSUc,0) (UCc,-99) (PTGNc,-99) (GTc,-99) (OSU,-99) (GTb,-99) (VONAc,-99) (UC,-99) (PTGN,-99) (UCb,-99) (EGLNb,-99) (EGLNc,-99) (GT,-99) (VONA,-99) (EGLN,-99) (GTa,-99) (DRPA,-99) (UCa,-99) (EGLNa,-99) (OSUb,-99) (DRPAb,-99) (DRPAc,-99) (VZc,-99) (GSATc,-99) (VZ,-99) (GSAT,-99) (CMCT,-99) (OSUa,-99) (DRPAa,-99) (PTGNb,-99) (CMCTb,-99) (CMCTc,-99) (ATTc,-99) (UGAc,-99) (ATT,-99) (VZb,-99) (UGA,-99) (TWC,-99) (PTGNa,-99) (CMCTa,-99) (VONAb,-99) (ATTb,-99) (TWCb,-99) (TWCc,-99) (VONAa,-99) (ATTa,-99) (TWCa,-99) (GSATb,-99) (UGAb,-99) (VZa,-99) (GSATa,-99) (UGAa,-99)
PTGN:(PTGN,0) (OSU,-99) (VONA,-99) (UC,-99) (VZ,-99) (GSAT,-99) (GT,-99) (EGLN,-99) (GTa,-99) (DRPA,-99) (UCa,-99) (EGLNa,-99) (ATT,-99) (VZb,-99) (UGA,-99) (CMCT,-99) (OSUa,-99) (DRPAa,-99) (ATTb,-99) (UCc,-99) (TWC,-99) (PTGNa,-99) (CMCTa,-99) (UGAb,-99) (GSATb,-99) (CMCTb,-99) (GTc,-99) (OSUc,-99) (GTb,-99) (VONAa,-99) (ATTa,-99) (TWCa,-99) (TWCb,-99) (VONAb,-99) (UCb,-99) (EGLNb,-99) (EGLNc,-99) (PTGNc,-99) (OSUb,-99) (DRPAb,-99) (DRPAc,-99) (VZa,-99) (GSATa,-99) (UGAa,-99) (VONAc,-99) (PTGNb,-99) (CMCTc,-99) (VZc,-99) (GSATc,-99) (ATTc,-99) (TWCc,-99) (UGAc,-99)
PTGNa:(PTGNa,0) (OSUa,-1) (VONAa,-99) (UCa,-99) (VZa,-99) (GSATa,-99) (GTa,-99) (EGLNa,-99) (GT,-99) (UC,-99) (EGLN,-99) (DRPAa,-99) (OSU,-99) (DRPA,-99) (ATTa,-99) (UGAa,-99) (CMCTa,-99) (PTGN,-99) (CMCT,-99) (TWCa,-99) (VONA,-99) (ATT,-99) (TWC,-99) (VZ,-99) (GSAT,-99) (UGA,-99) (VZb,-99) (ATTb,-99) (UCc,-99) (UGAb,-99) (GSATb,-99) (CMCTb,-99) (GTc,-99) (OSUc,-99) (GTb,-99) (TWCb,-99) (VONAb,-99) (UCb,-99) (EGLNb,-99) (EGLNc,-99) (PTGNc,-99) (OSUb,-99) (DRPAb,-99) (DRPAc,-99) (VONAc,-99) (PTGNb,-99) (CMCTc,-99) (VZc,-99) (GSATc,-99) (ATTc,-99) (TWCc,-99) (UGAc,-99)
PTGNb:(PTGNb,0) (OSUb,-99) (VONAb,-99) (UCb,-99) (VZb,-99) (GSATb,-99) (GTb,-99) (EGLNb,-99) (DRPAb,-99) (ATTb,-99) (CMCT,-99) (OSU,-99) (UCc,-99) (UGAb,-99) (CMCTb,-99) (UC,-99) (PTGN,-99) (ATT,-99) (TWC,-99) (GTc,-99) (OSUc,-99) (GT,-99) (VONA,-99) (EGLN,-99) (GTa,-99) (DRPA,-99) (UCa,-99) (EGLNa,-99) (UGA,-99) (GSAT,-99) (TWCb,-99) (EGLNc,-99) (PTGNc,-99) (DRPAc,-99) (VZ,-99) (OSUa,-99) (DRPAa,-99) (VONAc,-99) (CMCTc,-99) (PTGNa,-99) (CMCTa,-99) (VZc,-99) (GSATc,-99) (ATTc,-99) (TWCc,-99) (VONAa,-99) (ATTa,-99) (TWCa,-99) (UGAc,-99) (VZa,-99) (GSATa,-99) (UGAa,-99)
PTGNc:(PTGNc,0) (OSUc,-99) (VONAc,-99) (UCc,-99) (VZc,-99) (GSATc,-99) (GTc,-99) (OSU,-99) (GTb,-99) (UC,-99) (PTGN,-99) (UCb,-99) (EGLNb,-99) (EGLNc,-99) (GT,-99) (VONA,-99) (EGLN,-99) (GTa,-99) (DRPA,-99) (UCa,-99) (EGLNa,-99) (OSUb,-99) (DRPAb,-99) (DRPAc,-99) (ATTc,-99) (UGAc,-99) (VZ,-99) (GSAT,-99) (CMCT,-99) (OSUa,-99) (DRPAa,-99) (PTGNb,-99) (CMCTb,-99) (CMCTc,-99) (ATT,-99) (VZb,-99) (UGA,-99) (TWC,-99) (PTGNa,-99) (CMCTa,-99) (VONAb,-99) (ATTb,-99) (TWCb,-99) (TWCc,-99) (VONAa,-99) (ATTa,-99) (TWCa,-99) (GSATb,-99) (UGAb,-99) (VZa,-99) (GSATa,-99) (UGAa,-99)
TWC:(TWC,0) (CMCT,-99) (VONA,-99) (ATT,-99) (VZ,-99) (GSAT,-99) (UGA,-99) (VZb,-99) (ATTb,-99) (OSU,-99) (UCc,-99) (UC,-99) (PTGN,-99) (UGAb,-99) (GSATb,-99) (CMCTb,-99) (GTc,-99) (OSUc,-99) (GTb,-99) (GT,-99) (EGLN,-99) (GTa,-99) (DRPA,-99) (UCa,-99) (EGLNa,-99) (TWCb,-99) (VONAb,-99) (UCb,-99) (EGLNb,-99) (EGLNc,-99) (PTGNc,-99) (OSUb,-99) (DRPAb,-99) (DRPAc,-99) (OSUa,-99) (DRPAa,-99) (VONAc,-99) (PTGNb,-99) (CMCTc,-99) (PTGNa,-99) (CMCTa,-99) (VZc,-99) (GSATc,-99) (ATTc,-99) (TWCc,-99) (VONAa,-99) (ATTa,-99) (TWCa,-99) (UGAc,-99) (VZa,-99) (GSATa,-99) (UGAa,-99)
TWCa:(TWCa,0) (CMCTa,-99) (VONAa,-99) (ATTa,-99) (VZa,-99) (GSATa,-99) (UGAa,-99)
TWCb:(TWCb,0) (CMCTb,-99) (VONAb,-99) (ATTb,-99) (VZb,-99) (GSATb,-99) (UGAb,-99) (CMCT,-99) (OSU,-99) (UCc,-99) (UC,-99) (PTGN,-99) (ATT,-99) (TWC,-99) (GTc,-99) (OSUc,-99) (GTb,-99) (GT,-99) (VONA,-99) (EGLN,-99) (GTa,-99) (DRPA,-99) (UCa,-99) (EGLNa,-99) (UGA,-99) (GSAT,-99) (UCb,-99) (EGLNb,-99) (EGLNc,-99) (PTGNc,-99) (OSUb,-99) (DRPAb,-99) (DRPAc,-99) (VZ,-99) (OSUa,-99) (DRPAa,-99) (VONAc,-99) (PTGNb,-99) (CMCTc,-99) (PTGNa,-99) (CMCTa,-99) (VZc,-99) (GSATc,-99) (ATTc,-99) (TWCc,-99) (VONAa,-99) (ATTa,-99) (TWCa,-99) (UGAc,-99) (VZa,-99) (GSATa,-99) (UGAa,-99)
TWCc:(TWCc,0) (CMCTc,-99) (VONAc,-99) (ATTc,-99) (VZc,-99) (GSATc,-99) (UGAc,-99) (UCb,-99) (GTb,-99) (OSUb,-99) (EGLNb,-99) (PTGNb,-99) (DRPAb,-99) (VONAb,-99) (CMCTb,-99) (VZb,-99) (GSATb,-99) (ATTb,-99) (TWCb,-99) (CMCT,-99) (OSU,-99) (UCc,-99) (UGAb,-99) (UC,-99) (PTGN,-99) (ATT,-99) (TWC,-99) (GTc,-99) (OSUc,-99) (GT,-99) (VONA,-99) (EGLN,-99) (GTa,-99) (DRPA,-99) (UCa,-99) (EGLNa,-99) (UGA,-99) (GSAT,-99) (EGLNc,-99) (PTGNc,-99) (DRPAc,-99) (VZ,-99) (OSUa,-99) (DRPAa,-99) (PTGNa,-99) (CMCTa,-99) (VONAa,-99) (ATTa,-99) (TWCa,-99) (VZa,-99) (GSATa,-99) (UGAa,-99)
UC:(UC,0) (GT,-99) (OSU,-99) (EGLN,-99) (GTa,-99) (PTGN,-99) (DRPA,-99) (UCa,-99) (EGLNa,-99) (VONA,-99) (CMCT,-99) (OSUa,-99) (DRPAa,-99) (VZ,-99) (GSAT,-99) (ATT,-99) (TWC,-99) (PTGNa,-99) (CMCTa,-99) (VZb,-99) (UGA,-99) (VONAa,-99) (ATTa,-99) (TWCa,-99) (ATTb,-99) (UCc,-99) (VZa,-99) (GSATa,-99) (UGAa,-99) (UGAb,-99) (GSATb,-99) (CMCTb,-99) (GTc,-99) (OSUc,-99) (GTb,-99) (TWCb,-99) (VONAb,-99) (UCb,-99) (EGLNb,-99) (EGLNc,-99) (PTGNc,-99) (OSUb,-99) (DRPAb,-99) (DRPAc,-99) (VONAc,-99) (PTGNb,-99) (CMCTc,-99) (VZc,-99) (GSATc,-99) (ATTc,-99) (TWCc,-99) (UGAc,-99)
UCa:(UCa,0) (GTa,-99) (OSUa,-99) (EGLNa,-99) (GT,-99) (PTGNa,-99) (UC,-99) (EGLN,-99) (DRPAa,-99) (OSU,-99) (DRPA,-99) (VONAa,-99) (CMCTa,-99) (PTGN,-99) (CMCT,-99) (VZa,-99) (GSATa,-99) (ATTa,-99) (TWCa,-99) (VONA,-99) (ATT,-99) (TWC,-99) (UGAa,-99) (VZ,-99) (GSAT,-99) (UGA,-99) (VZb,-99) (ATTb,-99) (UCc,-99) (UGAb,-99) (GSATb,-99) (CMCTb,-99) (GTc,-99) (OSUc,-99) (GTb,-99) (TWCb,-99) (VONAb,-99) (UCb,-99) (EGLNb,-99) (EGLNc,-99) (PTGNc,-99) (OSUb,-99) (DRPAb,-99) (DRPAc,-99) (VONAc,-99) (PTGNb,-99) (CMCTc,-99) (VZc,-99) (GSATc,-99) (ATTc,-99) (TWCc,-99) (UGAc,-99)
UCb:(UCb,0) (GTb,-99) (OSUb,-99) (EGLNb,-99) (PTGNb,-99) (DRPAb,-99) (VONAb,-99) (CMCTb,-99) (VZb,-99) (GSATb,-99) (ATTb,-99) (TWCb,-99) (CMCT,-99) (OSU,-99) (UCc,-99) (UGAb,-99) (UC,-99) (PTGN,-99) (ATT,-99) (TWC,-99) (GTc,-99) (OSUc,-99) (GT,-99) (VONA,-99) (EGLN,-99) (GTa,-99) (DRPA,-99) (UCa,-99) (EGLNa,-99) (UGA,-99) (GSAT,-99) (EGLNc,-99) (PTGNc,-99) (DRPAc,-99) (VZ,-99) (OSUa,-99) (DRPAa,-99) (VONAc,-99) (CMCTc,-99) (PTGNa,-99) (CMCTa,-99) (VZc,-99) (GSATc,-99) (ATTc,-99) (TWCc,-99) (VONAa,-99) (ATTa,-99) (TWCa,-99) (UGAc,-99) (VZa,-99) (GSATa,-99) (UGAa,-99)
UCc:(UCc,0) (GTc,-99) (OSUc,-99) (OSU,-99) (GTb,-99) (UC,-99) (PTGN,-99) (UCb,-99) (EGLNb,-99) (EGLNc,-99) (PTGNc,-99) (GT,-99) (VONA,-99) (EGLN,-99) (GTa,-99) (DRPA,-99) (UCa,-99) (EGLNa,-99) (OSUb,-99) (DRPAb,-99) (DRPAc,-99) (VONAc,-99) (VZ,-99) (GSAT,-99) (CMCT,-99) (OSUa,-99) (DRPAa,-99) (PTGNb,-99) (CMCTb,-99) (CMCTc,-99) (VZc,-99) (GSATc,-99) (ATT,-99) (VZb,-99) (UGA,-99) (TWC,-99) (PTGNa,-99) (CMCTa,-99) (VONAb,-99) (ATTb,-99) (TWCb,-99) (ATTc,-99) (TWCc,-99) (UGAc,-99) (VONAa,-99) (ATTa,-99) (TWCa,-99) (GSATb,-99) (UGAb,-99) (VZa,-99) (GSATa,-99) (UGAa,-99)
UGA:(UGA,0) (ATT,-99) (GSAT,-99) (CMCT,-99) (VONA,-99) (TWC,-99) (VZ,-99) (VZb,-99) (ATTb,-99) (OSU,-99) (UCc,-99) (UC,-99) (PTGN,-99) (UGAb,-99) (GSATb,-99) (CMCTb,-99) (GTc,-99) (OSUc,-99) (GTb,-99) (GT,-99) (EGLN,-99) (GTa,-99) (DRPA,-99) (UCa,-99) (EGLNa,-99) (TWCb,-99) (VONAb,-99) (UCb,-99) (EGLNb,-99) (EGLNc,-99) (PTGNc,-99) (OSUb,-99) (DRPAb,-99) (DRPAc,-99) (OSUa,-99) (DRPAa,-99) (VONAc,-99) (PTGNb,-99) (CMCTc,-99) (PTGNa,-99) (CMCTa,-99) (VZc,-99) (GSATc,-99) (ATTc,-99) (TWCc,-99) (VONAa,-99) (ATTa,-99) (TWCa,-99) (UGAc,-99) (VZa,-99) (GSATa,-99) (UGAa,-99)
UGAa:(UGAa,0) (ATTa,-99) (GSATa,-99) (CMCTa,-99) (VONAa,-99) (TWCa,-99) (VZa,-99)
UGAb:(UGAb,0) (ATTb,-99) (GSATb,-99) (CMCTb,-99) (VONAb,-99) (TWCb,-99) (VZb,-99) (CMCT,-99) (OSU,-99) (UCc,-99) (UC,-99) (PTGN,-99) (ATT,-99) (TWC,-99) (GTc,-99) (OSUc,-99) (GTb,-99) (GT,-99) (VONA,-99) (EGLN,-99) (GTa,-99) (DRPA,-99) (UCa,-99) (EGLNa,-99) (UGA,-99) (GSAT,-99) (UCb,-99) (EGLNb,-99) (EGLNc,-99) (PTGNc,-99) (OSUb,-99) (DRPAb,-99) (DRPAc,-99) (VZ,-99) (OSUa,-99) (DRPAa,-99) (VONAc,-99) (PTGNb,-99) (CMCTc,-99) (PTGNa,-99) (CMCTa,-99) (VZc,-99) (GSATc,-99) (ATTc,-99) (TWCc,-99) (VONAa,-99) (ATTa,-99) (TWCa,-99) (UGAc,-99) (VZa,-99) (GSATa,-99) (UGAa,-99)
UGAc:(UGAc,0) (ATTc,-99) (GSATc,-99) (CMCTc,-99) (VONAc,-99) (TWCc,-99) (VZc,-99) (UCb,-99) (GTb,-99) (OSUb,-99) (EGLNb,-99) (PTGNb,-99) (DRPAb,-99) (VONAb,-99) (CMCTb,-99) (VZb,-99) (GSATb,-99) (ATTb,-99) (TWCb,-99) (CMCT,-99) (OSU,-99) (UCc,-99) (UGAb,-99) (UC,-99) (PTGN,-99) (ATT,-99) (TWC,-99) (GTc,-99) (OSUc,-99) (GT,-99) (VONA,-99) (EGLN,-99) (GTa,-99) (DRPA,-99) (UCa,-99) (EGLNa,-99) (UGA,-99) (GSAT,-99) (EGLNc,-99) (PTGNc,-99) (DRPAc,-99) (VZ,-99) (OSUa,-99) (DRPAa,-99) (PTGNa,-99) (CMCTa,-99) (VONAa,-99) (ATTa,-99) (TWCa,-99) (VZa,-99) (GSATa,-99) (UGAa,-99)
VONA:(VONA,0) (VZ,-99) (GSAT,-99) (ATT,-99) (VZb,-99) (UGA,-99) (CMCT,-99) (ATTb,-99) (OSU,-99) (UCc,-99) (TWC,-99) (UC,-99) (PTGN,-99) (UGAb,-99) (GSATb,-99) (CMCTb,-99) (GTc,-99) (OSUc,-99) (GTb,-99) (GT,-99) (EGLN,-99) (GTa,-99) (DRPA,-99) (UCa,-99) (EGLNa,-99) (TWCb,-99) (VONAb,-99) (UCb,-99) (EGLNb,-99) (EGLNc,-99) (PTGNc,-99) (OSUb,-99) (DRPAb,-99) (DRPAc,-99) (OSUa,-99) (DRPAa,-99) (VONAc,-99) (PTGNb,-99) (CMCTc,-99) (PTGNa,-99) (CMCTa,-99) (VZc,-99) (GSATc,-99) (ATTc,-99) (TWCc,-99) (VONAa,-99) (ATTa,-99) (TWCa,-99) (UGAc,-99) (VZa,-99) (GSATa,-99) (UGAa,-99)
VONAa:(VONAa,0) (VZa,-99) (GSATa,-99) (ATTa,-99) (UGAa,-99) (CMCTa,-99) (TWCa,-99)
VONAb:(VONAb,0) (VZb,-99) (GSATb,-99) (ATTb,-99) (CMCT,-99) (OSU,-99) (UCc,-99) (UGAb,-99) (UC,-99) (PTGN,-99) (ATT,-99) (TWC,-99) (CMCTb,-99) (GTc,-99) (OSUc,-99) (GTb,-99) (GT,-99) (VONA,-99) (EGLN,-99) (GTa,-99) (DRPA,-99) (UCa,-99) (EGLNa,-99) (UGA,-99) (GSAT,-99) (TWCb,-99) (UCb,-99) (EGLNb,-99) (EGLNc,-99) (PTGNc,-99) (OSUb,-99) (DRPAb,-99) (DRPAc,-99) (VZ,-99) (OSUa,-99) (DRPAa,-99) (VONAc,-99) (PTGNb,-99) (CMCTc,-99) (PTGNa,-99) (CMCTa,-99) (VZc,-99) (GSATc,-99) (ATTc,-99) (TWCc,-99) (VONAa,-99) (ATTa,-99) (TWCa,-99) (UGAc,-99) (VZa,-99) (GSATa,-99) (UGAa,-99)
VONAc:(VONAc,0) (VZc,-99) (GSATc,-99) (ATTc,-99) (UCb,-99) (UGAc,-99) (GTb,-99) (OSUb,-99) (CMCTc,-99) (EGLNb,-99) (PTGNb,-99) (DRPAb,-99) (TWCc,-99) (VONAb,-99) (CMCTb,-99) (VZb,-99) (GSATb,-99) (ATTb,-99) (TWCb,-99) (CMCT,-99) (OSU,-99) (UCc,-99) (UGAb,-99) (UC,-99) (PTGN,-99) (ATT,-99) (TWC,-99) (GTc,-99) (OSUc,-99) (GT,-99) (VONA,-99) (EGLN,-99) (GTa,-99) (DRPA,-99) (UCa,-99) (EGLNa,-99) (UGA,-99) (GSAT,-99) (EGLNc,-99) (PTGNc,-99) (DRPAc,-99) (VZ,-99) (OSUa,-99) (DRPAa,-99) (PTGNa,-99) (CMCTa,-99) (VONAa,-99) (ATTa,-99) (TWCa,-99) (VZa,-99) (GSATa,-99) (UGAa,-99)
VZ:(VZ,0) (ATT,-99) (VZb,-99) (UGA,-99) (GSAT,-99) (CMCT,-99) (ATTb,-99) (OSU,-99) (UCc,-99) (TWC,-99) (VONA,-99) (UC,-99) (PTGN,-99) (UGAb,-99) (GSATb,-99) (CMCTb,-99) (GTc,-99) (OSUc,-99) (GTb,-99) (GT,-99) (EGLN,-99) (GTa,-99) (DRPA,-99) (UCa,-99) (EGLNa,-99) (TWCb,-99) (VONAb,-99) (UCb,-99) (EGLNb,-99) (EGLNc,-99) (PTGNc,-99) (OSUb,-99) (DRPAb,-99) (DRPAc,-99) (OSUa,-99) (DRPAa,-99) (VONAc,-99) (PTGNb,-99) (CMCTc,-99) (PTGNa,-99) (CMCTa,-99) (VZc,-99) (GSATc,-99) (ATTc,-99) (TWCc,-99) (VONAa,-99) (ATTa,-99) (TWCa,-99) (UGAc,-99) (VZa,-99) (GSATa,-99) (UGAa,-99)
VZa:(VZa,0) (ATTa,2) (UGAa,-99) (GSATa,-99) (CMCTa,-99) (TWCa,-99) (VONAa,-99)
VZb:(VZb,0) (ATTb,-99) (CMCT,-99) (OSU,-99) (UCc,-99) (UC,-99) (PTGN,-99) (ATT,-99) (TWC,-99) (UGAb,-99) (GSATb,-99) (CMCTb,-99) (GTc,-99) (OSUc,-99) (GTb,-99) (GT,-99) (VONA,-99) (EGLN,-99) (GTa,-99) (DRPA,-99) (UCa,-99) (EGLNa,-99) (UGA,-99) (GSAT,-99) (TWCb,-99) (VONAb,-99) (UCb,-99) (EGLNb,-99) (EGLNc,-99) (PTGNc,-99) (OSUb,-99) (DRPAb,-99) (DRPAc,-99) (VZ,-99) (OSUa,-99) (DRPAa,-99) (VONAc,-99) (PTGNb,-99) (CMCTc,-99) (PTGNa,-99) (CMCTa,-99) (VZc,-99) (GSATc,-99) (ATTc,-99) (TWCc,-99) (VONAa,-99) (ATTa,-99) (TWCa,-99) (UGAc,-99) (VZa,-99) (GSATa,-99) (UGAa,-99)
VZc:(VZc,0) (ATTc,-99) (UCb,-99) (GTb,-99) (OSUb,-99) (UGAc,-99) (GSATc,-99) (CMCTc,-99) (EGLNb,-99) (PTGNb,-99) (DRPAb,-99) (TWCc,-99) (VONAc,-99) (VONAb,-99) (CMCTb,-99) (VZb,-99) (GSATb,-99) (ATTb,-99) (TWCb,-99) (CMCT,-99) (OSU,-99) (UCc,-99) (UGAb,-99) (UC,-99) (PTGN,-99) (ATT,-99) (TWC,-99) (GTc,-99) (OSUc,-99) (GT,-99) (VONA,-99) (EGLN,-99) (GTa,-99) (DRPA,-99) (UCa,-99) (EGLNa,-99) (UGA,-99) (GSAT,-99) (EGLNc,-99) (PTGNc,-99) (DRPAc,-99) (VZ,-99) (OSUa,-99) (DRPAa,-99) (PTGNa,-99) (CMCTa,-99) (VONAa,-99) (ATTa,-99) (TWCa,-99) (VZa,-99) (GSATa,-99) (UGAa,-99)
-----
ATT:(ATT,0) (UGA,-99) (GSAT,-99) (CMCT,-99) (TWC,-99) (VONA,-99) (VZ,-99) (VZb,-99) (ATTb,-99) (OSU,-99) (UCc,-99) (UC,-99) (PTGN,-99) (UGAb,-99) (GSATb,-99) (CMCTb,-99) (GTc,-99) (OSUc,-99) (GTb,-99) (GT,-99) (EGLN,-99) (GTa,-99) (DRPA,-99) (UCa,-99) (EGLNa,-99) (TWCb,-99) (VONAb,-99) (UCb,-99) (EGLNb,-99) (EGLNc,-99) (PTGNc,-99) (OSUb,-99) (DRPAb,-99) (DRPAc,-99) (OSUa,-99) (DRPAa,-99) (VONAc,-99) (PTGNb,-99) (CMCTc,-99) (PTGNa,-99) (CMCTa,-99) (VZc,-99) (GSATc,-99) (ATTc,-99) (TWCc,-99) (VONAa,-99) (ATTa,-99) (TWCa,-99) (UGAc,-99) (VZa,-99) (GSATa,-99) (UGAa,-99)
ATTa:(ATTa,0) (UGAa,-99) (GSATa,-99) (CMCTa,-99) (TWCa,-99) (VONAa,-99) (VZa,-99)
ATTb:(ATTb,0) (UGAb,-99) (GSATb,-99) (CMCTb,-99) (TWCb,-99) (VONAb,-99) (VZb,-99) (CMCT,-99) (OSU,-99) (UCc,-99) (UC,-99) (PTGN,-99) (ATT,-99) (TWC,-99) (GTc,-99) (OSUc,-99) (GTb,-99) (GT,-99) (VONA,-99) (EGLN,-99) (GTa,-99) (DRPA,-99) (UCa,-99) (EGLNa,-99) (UGA,-99) (GSAT,-99) (UCb,-99) (EGLNb,-99) (EGLNc,-99) (PTGNc,-99) (OSUb,-99) (DRPAb,-99) (DRPAc,-99) (VZ,-99) (OSUa,-99) (DRPAa,-99) (VONAc,-99) (PTGNb,-99) (CMCTc,-99) (PTGNa,-99) (CMCTa,-99) (VZc,-99) (GSATc,-99) (ATTc,-99) (TWCc,-99) (VONAa,-99) (ATTa,-99) (TWCa,-99) (UGAc,-99) (VZa,-99) (GSATa,-99) (UGAa,-99)
ATTc:(ATTc,0) (UGAc,-99) (GSATc,-99) (CMCTc,-99) (TWCc,-99) (VONAc,-99) (VZc,-99) (UCb,-99) (GTb,-99) (OSUb,-99) (EGLNb,-99) (PTGNb,-99) (DRPAb,-99) (VONAb,-99) (CMCTb,-99) (VZb,-99) (GSATb,-99) (ATTb,-99) (TWCb,-99) (CMCT,-99) (OSU,-99) (UCc,-99) (UGAb,-99) (UC,-99) (PTGN,-99) (ATT,-99) (TWC,-99) (GTc,-99) (OSUc,-99) (GT,-99) (VONA,-99) (EGLN,-99) (GTa,-99) (DRPA,-99) (UCa,-99) (EGLNa,-99) (UGA,-99) (GSAT,-99) (EGLNc,-99) (PTGNc,-99) (DRPAc,-99) (VZ,-99) (OSUa,-99) (DRPAa,-99) (PTGNa,-99) (CMCTa,-99) (VONAa,-99) (ATTa,-99) (TWCa,-99) (VZa,-99) (GSATa,-99) (UGAa,-99)
CMCT:(CMCT,0) (ATT,-99) (TWC,-99) (VONA,-99) (UGA,-99) (GSAT,-99) (VZ,-99) (VZb,-99) (ATTb,-99) (OSU,-99) (UCc,-99) (UC,-99) (PTGN,-99) (UGAb,-99) (GSATb,-99) (CMCTb,-99) (GTc,-99) (OSUc,-99) (GTb,-99) (GT,-99) (EGLN,-99) (GTa,-99) (DRPA,-99) (UCa,-99) (EGLNa,-99) (TWCb,-99) (VONAb,-99) (UCb,-99) (EGLNb,-99) (EGLNc,-99) (PTGNc,-99) (OSUb,-99) (DRPAb,-99) (DRPAc,-99) (OSUa,-99) (DRPAa,-99) (VONAc,-99) (PTGNb,-99) (CMCTc,-99) (PTGNa,-99) (CMCTa,-99) (VZc,-99) (GSATc,-99) (ATTc,-99) (TWCc,-99) (VONAa,-99) (ATTa,-99) (TWCa,-99) (UGAc,-99) (VZa,-99) (GSATa,-99) (UGAa,-99)
CMCTa:(CMCTa,0) (ATTa,-99) (TWCa,-99) (VONAa,-99) (UGAa,-99) (GSATa,-99) (VZa,-99)
CMCTb:(CMCTb,0) (ATTb,-99) (TWCb,-99) (VONAb,-99) (UGAb,-99) (GSATb,-99) (VZb,-99) (CMCT,-99) (OSU,-99) (UCc,-99) (UC,-99) (PTGN,-99) (ATT,-99) (TWC,-99) (GTc,-99) (OSUc,-99) (GTb,-99) (GT,-99) (VONA,-99) (EGLN,-99) (GTa,-99) (DRPA,-99) (UCa,-99) (EGLNa,-99) (UGA,-99) (GSAT,-99) (UCb,-99) (EGLNb,-99) (EGLNc,-99) (PTGNc,-99) (OSUb,-99) (DRPAb,-99) (DRPAc,-99) (VZ,-99) (OSUa,-99) (DRPAa,-99) (VONAc,-99) (PTGNb,-99) (CMCTc,-99) (PTGNa,-99) (CMCTa,-99) (VZc,-99) (GSATc,-99) (ATTc,-99) (TWCc,-99) (VONAa,-99) (ATTa,-99) (TWCa,-99) (UGAc,-99) (VZa,-99) (GSATa,-99) (UGAa,-99)
CMCTc:(CMCTc,0) (ATTc,-99) (TWCc,-99) (VONAc,-99) (UGAc,-99) (GSATc,-99) (VZc,-99) (UCb,-99) (GTb,-99) (OSUb,-99) (EGLNb,-99) (PTGNb,-99) (DRPAb,-99) (VONAb,-99) (CMCTb,-99) (VZb,-99) (GSATb,-99) (ATTb,-99) (TWCb,-99) (CMCT,-99) (OSU,-99) (UCc,-99) (UGAb,-99) (UC,-99) (PTGN,-99) (ATT,-99) (TWC,-99) (GTc,-99) (OSUc,-99) (GT,-99) (VONA,-99) (EGLN,-99) (GTa,-99) (DRPA,-99) (UCa,-99) (EGLNa,-99) (UGA,-99) (GSAT,-99) (EGLNc,-99) (PTGNc,-99) (DRPAc,-99) (VZ,-99) (OSUa,-99) (DRPAa,-99) (PTGNa,-99) (CMCTa,-99) (VONAa,-99) (ATTa,-99) (TWCa,-99) (VZa,-99) (GSATa,-99) (UGAa,-99)
DRPA:(DRPA,0) (EGLN,-99) (CMCT,-99) (GT,-99) (ATT,-99) (TWC,-99) (UC,-99) (GTa,-99) (OSU,-99) (UCa,-99) (EGLNa,-99) (VONA,-99) (UGA,-99) (GSAT,-99) (PTGN,-99) (OSUa,-99) (DRPAa,-99) (VZ,-99) (PTGNa,-99) (CMCTa,-99) (VZb,-99) (VONAa,-99) (ATTa,-99) (TWCa,-99) (ATTb,-99) (UCc,-99) (VZa,-99) (GSATa,-99) (UGAa,-99) (UGAb,-99) (GSATb,-99) (CMCTb,-99) (GTc,-99) (OSUc,-99) (GTb,-99) (TWCb,-99) (VONAb,-99) (UCb,-99) (EGLNb,-99) (EGLNc,-99) (PTGNc,-99) (OSUb,-99) (DRPAb,-99) (DRPAc,-99) (VONAc,-99) (PTGNb,-99) (CMCTc,-99) (VZc,-99) (GSATc,-99) (ATTc,-99) (TWCc,-99) (UGAc,-99)
DRPAa:(DRPAa,0) (EGLNa,1) (CMCTa,-99) (GTa,-99) (ATTa,-99) (TWCa,-99) (UCa,-99) (GT,-99) (UC,-99) (EGLN,-99) (OSUa,-99) (OSU,-99) (DRPA,-99) (VONAa,-99) (UGAa,-99) (GSATa,-99) (PTGNa,-99) (PTGN,-99) (CMCT,-99) (VZa,-99) (VONA,-99) (ATT,-99) (TWC,-99) (VZ,-99) (GSAT,-99) (UGA,-99) (VZb,-99) (ATTb,-99) (UCc,-99) (UGAb,-99) (GSATb,-99) (CMCTb,-99) (GTc,-99) (OSUc,-99) (GTb,-99) (TWCb,-99) (VONAb,-99) (UCb,-99) (EGLNb,-99) (EGLNc,-99) (PTGNc,-99) (OSUb,-99) (DRPAb,-99) (DRPAc,-99) (VONAc,-99) (PTGNb,-99) (CMCTc,-99) (VZc,-99) (GSATc,-99) (ATTc,-99) (TWCc,-99) (UGAc,-99)
DRPAb:(DRPAb,0) (EGLNb,-99) (CMCTb,-99) (GTb,-99) (ATTb,-99) (TWCb,-99) (UCb,-99) (OSUb,-99) (VONAb,-99) (UGAb,-99) (GSATb,-99) (PTGNb,-99) (VZb,-99) (CMCT,-99) (OSU,-99) (UCc,-99) (UC,-99) (PTGN,-99) (ATT,-99) (TWC,-99) (GTc,-99) (OSUc,-99) (GT,-99) (VONA,-99) (EGLN,-99) (GTa,-99) (DRPA,-99) (UCa,-99) (EGLNa,-99) (UGA,-99) (GSAT,-99) (EGLNc,-99) (PTGNc,-99) (DRPAc,-99) (VZ,-99) (OSUa,-99) (DRPAa,-99) (VONAc,-99) (CMCTc,-99) (PTGNa,-99) (CMCTa,-99) (VZc,-99) (GSATc,-99) (ATTc,-99) (TWCc,-99) (VONAa,-99) (ATTa,-99) (TWCa,-99) (UGAc,-99) (VZa,-99) (GSATa,-99) (UGAa,-99)
DRPAc:(DRPAc,0) (EGLNc,-99) (CMCTc,-99) (GTc,-99) (ATTc,-99) (TWCc,-99) (UCc,-99) (OSUc,-99) (OSU,-99) (GTb,-99) (VONAc,-99) (UGAc,-99) (GSATc,-99) (UC,-99) (PTGN,-99) (UCb,-99) (EGLNb,-99) (PTGNc,-99) (GT,-99) (VONA,-99) (EGLN,-99) (GTa,-99) (DRPA,-99) (UCa,-99) (EGLNa,-99) (OSUb,-99) (DRPAb,-99) (VZc,-99) (VZ,-99) (GSAT,-99) (CMCT,-99) (OSUa,-99) (DRPAa,-99) (PTGNb,-99) (CMCTb,-99) (ATT,-99) (VZb,-99) (UGA,-99) (TWC,-99) (PTGNa,-99) (CMCTa,-99) (VONAb,-99) (ATTb,-99) (TWCb,-99) (VONAa,-99) (ATTa,-99) (TWCa,-99) (GSATb,-99) (UGAb,-99) (VZa,-99) (GSATa,-99) (UGAa,-99)
EGLN:(EGLN,0) (GT,-99) (DRPA,-99) (UC,-99) (GTa,-99) (CMCT,-99) (OSU,-99) (UCa,-99) (EGLNa,-99) (ATT,-99) (TWC,-99) (PTGN,-99) (OSUa,-99) (DRPAa,-99) (VONA,-99) (UGA,-99) (GSAT,-99) (PTGNa,-99) (CMCTa,-99) (VZ,-99) (VONAa,-99) (ATTa,-99) (TWCa,-99) (VZb,-99) (VZa,-99) (GSATa,-99) (UGAa,-99) (ATTb,-99) (UCc,-99) (UGAb,-99) (GSATb,-99) (CMCTb,-99) (GTc,-99) (OSUc,-99) (GTb,-99) (TWCb,-99) (VONAb,-99) (UCb,-99) (EGLNb,-99) (EGLNc,-99) (PTGNc,-99) (OSUb,-99) (DRPAb,-99) (DRPAc,-99) (VONAc,-99) (PTGNb,-99) (CMCTc,-99) (VZc,-99) (GSATc,-99) (ATTc,-99) (TWCc,-99) (UGAc,-99)
EGLNa:(EGLNa,0) (GTa,-99) (DRPAa,-99) (UCa,-99) (GT,-99) (CMCTa,-99) (UC,-99) (EGLN,-99) (OSUa,-99) (OSU,-99) (DRPA,-99) (ATTa,-99) (TWCa,-99) (PTGNa,-99) (PTGN,-99) (CMCT,-99) (VONAa,-99) (UGAa,-99) (GSATa,-99) (VONA,-99) (ATT,-99) (TWC,-99) (VZa,-99) (VZ,-99) (GSAT,-99) (UGA,-99) (VZb,-99) (ATTb,-99) (UCc,-99) (UGAb,-99) (GSATb,-99) (CMCTb,-99) (GTc,-99) (OSUc,-99) (GTb,-99) (TWCb,-99) (VONAb,-99) (UCb,-99) (EGLNb,-99) (EGLNc,-99) (PTGNc,-99) (OSUb,-99) (DRPAb,-99) (DRPAc,-99) (VONAc,-99) (PTGNb,-99) (CMCTc,-99) (VZc,-99) (GSATc,-99) (ATTc,-99) (TWCc,-99) (UGAc,-99)
EGLNb:(EGLNb,0) (GTb,-99) (DRPAb,-99) (UCb,-99) (CMCTb,-99) (OSUb,-99) (ATTb,-99) (TWCb,-99) (PTGNb,-99) (VONAb,-99) (UGAb,-99) (GSATb,-99) (VZb,-99) (CMCT,-99) (OSU,-99) (UCc,-99) (UC,-99) (PTGN,-99) (ATT,-99) (TWC,-99) (GTc,-99) (OSUc,-99) (GT,-99) (VONA,-99) (EGLN,-99) (GTa,-99) (DRPA,-99) (UCa,-99) (EGLNa,-99) (UGA,-99) (GSAT,-99) (EGLNc,-99) (PTGNc,-99) (DRPAc,-99) (VZ,-99) (OSUa,-99) (DRPAa,-99) (VONAc,-99) (CMCTc,-99) (PTGNa,-99) (CMCTa,-99) (VZc,-99) (GSATc,-99) (ATTc,-99) (TWCc,-99) (VONAa,-99) (ATTa,-99) (TWCa,-99) (UGAc,-99) (VZa,-99) (GSATa,-99) (UGAa,-99)
EGLNc:(EGLNc,0) (GTc,-99) (DRPAc,-99) (UCc,-99) (CMCTc,-99) (OSUc,-99) (OSU,-99) (GTb,-99) (ATTc,-99) (TWCc,-99) (UC,-99) (PTGN,-99) (UCb,-99) (EGLNb,-99) (PTGNc,-99) (GT,-99) (VONA,-99) (EGLN,-99) (GTa,-99) (DRPA,-99) (UCa,-99) (EGLNa,-99) (OSUb,-99) (DRPAb,-99) (VONAc,-99) (UGAc,-99) (GSATc,-99) (VZ,-99) (GSAT,-99) (CMCT,-99) (OSUa,-99) (DRPAa,-99) (PTGNb,-99) (CMCTb,-99) (VZc,-99) (ATT,-99) (VZb,-99) (UGA,-99) (TWC,-99) (PTGNa,-99) (CMCTa,-99) (VONAb,-99) (ATTb,-99) (TWCb,-99) (VONAa,-99) (ATTa,-99) (TWCa,-99) (GSATb,-99) (UGAb,-99) (VZa,-99) (GSATa,-99) (UGAa,-99)
GSAT:(GSAT,0) (VONA,-99) (UGA,-99) (VZ,-99) (ATT,-99) (VZb,-99) (CMCT,-99) (TWC,-99) (ATTb,-99) (OSU,-99) (UCc,-99) (UC,-99) (PTGN,-99) (UGAb,-99) (GSATb,-99) (CMCTb,-99) (GTc,-99) (OSUc,-99) (GTb,-99) (GT,-99) (EGLN,-99) (GTa,-99) (DRPA,-99) (UCa,-99) (EGLNa,-99) (TWCb,-99) (VONAb,-99) (UCb,-99) (EGLNb,-99) (EGLNc,-99) (PTGNc,-99) (OSUb,-99) (DRPAb,-99) (DRPAc,-99) (OSUa,-99) (DRPAa,-99) (VONAc,-99) (PTGNb,-99) (CMCTc,-99) (PTGNa,-99) (CMCTa,-99) (VZc,-99) (GSATc,-99) (ATTc,-99) (TWCc,-99) (VONAa,-99) (ATTa,-99) (TWCa,-99) (UGAc,-99) (VZa,-99) (GSATa,-99) (UGAa,-99)
GSATa:(GSATa,0) (VONAa,-99) (UGAa,-99) (VZa,-99) (ATTa,-99) (CMCTa,-99) (TWCa,-99)
GSATb:(GSATb,0) (VONAb,-99) (UGAb,-99) (VZb,-99) (ATTb,-99) (CMCT,-99) (OSU,-99) (UCc,-99) (CMCTb,-99) (TWCb,-99) (UC,-99) (PTGN,-99) (ATT,-99) (TWC,-99) (GTc,-99) (OSUc,-99) (GTb,-99) (GT,-99) (VONA,-99) (EGLN,-99) (GTa,-99) (DRPA,-99) (UCa,-99) (EGLNa,-99) (UGA,-99) (GSAT,-99) (UCb,-99) (EGLNb,-99) (EGLNc,-99) (PTGNc,-99) (OSUb,-99) (DRPAb,-99) (DRPAc,-99) (VZ,-99) (OSUa,-99) (DRPAa,-99) (VONAc,-99) (PTGNb,-99) (CMCTc,-99) (PTGNa,-99) (CMCTa,-99) (VZc,-99) (GSATc,-99) (ATTc,-99) (TWCc,-99) (VONAa,-99) (ATTa,-99) (TWCa,-99) (UGAc,-99) (VZa,-99) (GSATa,-99) (UGAa,-99)
GSATc:(GSATc,0) (VONAc,-99) (UGAc,-99) (VZc,-99) (ATTc,-99) (UCb,-99) (CMCTc,-99) (TWCc,-99) (GTb,-99) (OSUb,-99) (EGLNb,-99) (PTGNb,-99) (DRPAb,-99) (VONAb,-99) (CMCTb,-99) (VZb,-99) (GSATb,-99) (ATTb,-99) (TWCb,-99) (CMCT,-99) (OSU,-99) (UCc,-99) (UGAb,-99) (UC,-99) (PTGN,-99) (ATT,-99) (TWC,-99) (GTc,-99) (OSUc,-99) (GT,-99) (VONA,-99) (EGLN,-99) (GTa,-99) (DRPA,-99) (UCa,-99) (EGLNa,-99) (UGA,-99) (GSAT,-99) (EGLNc,-99) (PTGNc,-99) (DRPAc,-99) (VZ,-99) (OSUa,-99) (DRPAa,-99) (PTGNa,-99) (CMCTa,-99) (VONAa,-99) (ATTa,-99) (TWCa,-99) (VZa,-99) (GSATa,-99) (UGAa,-99)
GT:(GT,0) (UC,-99) (EGLN,-99) (GTa,-99) (OSU,-99) (DRPA,-99) (UCa,-99) (EGLNa,-99) (PTGN,-99) (CMCT,-99) (OSUa,-99) (DRPAa,-99) (VONA,-99) (ATT,-99) (TWC,-99) (PTGNa,-99) (CMCTa,-99) (VZ,-99) (GSAT,-99) (UGA,-99) (VONAa,-99) (ATTa,-99) (TWCa,-99) (VZb,-99) (VZa,-99) (GSATa,-99) (UGAa,-99) (ATTb,-99) (UCc,-99) (UGAb,-99) (GSATb,-99) (CMCTb,-99) (GTc,-99) (OSUc,-99) (GTb,-99) (TWCb,-99) (VONAb,-99) (UCb,-99) (EGLNb,-99) (EGLNc,-99) (PTGNc,-99) (OSUb,-99) (DRPAb,-99) (DRPAc,-99) (VONAc,-99) (PTGNb,-99) (CMCTc,-99) (VZc,-99) (GSATc,-99) (ATTc,-99) (TWCc,-99) (UGAc,-99)
GTa:(GTa,0) (UCa,-99) (EGLNa,-99) (GT,-99) (UC,-99) (EGLN,-99) (OSUa,-99) (DRPAa,-99) (OSU,-99) (DRPA,-99) (PTGNa,-99) (CMCTa,-99) (PTGN,-99) (CMCT,-99) (VONAa,-99) (ATTa,-99) (TWCa,-99) (VONA,-99) (ATT,-99) (TWC,-99) (VZa,-99) (GSATa,-99) (UGAa,-99) (VZ,-99) (GSAT,-99) (UGA,-99) (VZb,-99) (ATTb,-99) (UCc,-99) (UGAb,-99) (GSATb,-99) (CMCTb,-99) (GTc,-99) (OSUc,-99) (GTb,-99) (TWCb,-99) (VONAb,-99) (UCb,-99) (EGLNb,-99) (EGLNc,-99) (PTGNc,-99) (OSUb,-99) (DRPAb,-99) (DRPAc,-99) (VONAc,-99) (PTGNb,-99) (CMCTc,-99) (VZc,-99) (GSATc,-99) (ATTc,-99) (TWCc,-99) (UGAc,-99)
GTb:(GTb,0) (UCb,-99) (EGLNb,-99) (OSUb,-99) (DRPAb,-99) (PTGNb,-99) (CMCTb,-99) (VONAb,-99) (ATTb,-99) (TWCb,-99) (VZb,-99) (GSATb,-99) (UGAb,-99) (CMCT,-99) (OSU,-99) (UCc,-99) (UC,-99) (PTGN,-99) (ATT,-99) (TWC,-99) (GTc,-99) (OSUc,-99) (GT,-99) (VONA,-99) (EGLN,-99) (GTa,-99) (DRPA,-99) (UCa,-99) (EGLNa,-99) (UGA,-99) (GSAT,-99) (EGLNc,-99) (PTGNc,-99) (DRPAc,-99) (VZ,-99) (OSUa,-99) (DRPAa,-99) (VONAc,-99) (CMCTc,-99) (PTGNa,-99) (CMCTa,-99) (VZc,-99) (GSATc,-99) (ATTc,-99) (TWCc,-99) (VONAa,-99) (ATTa,-99) (TWCa,-99) (UGAc,-99) (VZa,-99) (GSATa,-99) (UGAa,-99)
GTc:(GTc,0) (UCc,-99) (EGLNc,-99) (OSUc,-99) (OSU,-99) (GTb,-99) (DRPAc,-99) (UC,-99) (PTGN,-99) (UCb,-99) (EGLNb,-99) (PTGNc,-99) (GT,-99) (VONA,-99) (EGLN,-99) (GTa,-99) (DRPA,-99) (UCa,-99) (EGLNa,-99) (OSUb,-99) (DRPAb,-99) (CMCTc,-99) (VONAc,-99) (VZ,-99) (GSAT,-99) (CMCT,-99) (OSUa,-99) (DRPAa,-99) (PTGNb,-99) (CMCTb,-99) (ATTc,-99) (TWCc,-99) (VZc,-99) (GSATc,-99) (ATT,-99) (VZb,-99) (UGA,-99) (TWC,-99) (PTGNa,-99) (CMCTa,-99) (VONAb,-99) (ATTb,-99) (TWCb,-99) (UGAc,-99) (VONAa,-99) (ATTa,-99) (TWCa,-99) (GSATb,-99) (UGAb,-99) (VZa,-99) (GSATa,-99) (UGAa,-99)
OSU:(OSU,0) (UC,-99) (PTGN,-99) (GT,-99) (VONA,-99) (EGLN,-99) (GTa,-99) (DRPA,-99) (UCa,-99) (EGLNa,-99) (VZ,-99) (GSAT,-99) (CMCT,-99) (OSUa,-99) (DRPAa,-99) (ATT,-99) (VZb,-99) (UGA,-99) (TWC,-99) (PTGNa,-99) (CMCTa,-99) (ATTb,-99) (UCc,-99) (VONAa,-99) (ATTa,-99) (TWCa,-99) (UGAb,-99) (GSATb,-99) (CMCTb,-99) (GTc,-99) (OSUc,-99) (GTb,-99) (VZa,-99) (GSATa,-99) (UGAa,-99) (TWCb,-99) (VONAb,-99) (UCb,-99) (EGLNb,-99) (EGLNc,-99) (PTGNc,-99) (OSUb,-99) (DRPAb,-99) (DRPAc,-99) (VONAc,-99) (PTGNb,-99) (CMCTc,-99) (VZc,-99) (GSATc,-99) (ATTc,-99) (TWCc,-99) (UGAc,-99)
OSUa:(OSUa,0) (UCa,-99) (PTGNa,-99) (GTa,-99) (VONAa,-99) (EGLNa,-99) (GT,-99) (UC,-99) (EGLN,-99) (DRPAa,-99) (OSU,-99) (DRPA,-99) (VZa,-99) (GSATa,-99) (CMCTa,-99) (PTGN,-99) (CMCT,-99) (ATTa,-99) (UGAa,-99) (TWCa,-99) (VONA,-99) (ATT,-99) (TWC,-99) (VZ,-99) (GSAT,-99) (UGA,-99) (VZb,-99) (ATTb,-99) (UCc,-99) (UGAb,-99) (GSATb,-99) (CMCTb,-99) (GTc,-99) (OSUc,-99) (GTb,-99) (TWCb,-99) (VONAb,-99) (UCb,-99) (EGLNb,-99) (EGLNc,-99) (PTGNc,-99) (OSUb,-99) (DRPAb,-99) (DRPAc,-99) (VONAc,-99) (PTGNb,-99) (CMCTc,-99) (VZc,-99) (GSATc,-99) (ATTc,-99) (TWCc,-99) (UGAc,-99)
OSUb:(OSUb,0) (UCb,-99) (PTGNb,-99) (GTb,-99) (VONAb,-99) (EGLNb,-99) (DRPAb,-99) (VZb,-99) (GSATb,-99) (CMCTb,-99) (ATTb,-99) (CMCT,-99) (OSU,-99) (UCc,-99) (UGAb,-99) (TWCb,-99) (UC,-99) (PTGN,-99) (ATT,-99) (TWC,-99) (GTc,-99) (OSUc,-99) (GT,-99) (VONA,-99) (EGLN,-99) (GTa,-99) (DRPA,-99) (UCa,-99) (EGLNa,-99) (UGA,-99) (GSAT,-99) (EGLNc,-99) (PTGNc,-99) (DRPAc,-99) (VZ,-99) (OSUa,-99) (DRPAa,-99) (VONAc,-99) (CMCTc,-99) (PTGNa,-99) (CMCTa,-99) (VZc,-99) (GSATc,-99) (ATTc,-99) (TWCc,-99) (VONAa,-99) (ATTa,-99) (TWCa,-99) (UGAc,-99) (VZa,-99) (GSATa,-99) (UGAa,-99)
OSUc:(OSUc,0) (UCc,-99) (PTGNc,-99) (GTc,-99) (OSU,-99) (GTb,-99) (VONAc,-99) (UC,-99) (PTGN,-99) (UCb,-99) (EGLNb,-99) (EGLNc,-99) (GT,-99) (VONA,-99) (EGLN,-99) (GTa,-99) (DRPA,-99) (UCa,-99) (EGLNa,-99) (OSUb,-99) (DRPAb,-99) (DRPAc,-99) (VZc,-99) (GSATc,-99) (VZ,-99) (GSAT,-99) (CMCT,-99) (OSUa,-99) (DRPAa,-99) (PTGNb,-99) (CMCTb,-99) (CMCTc,-99) (ATTc,-99) (UGAc,-99) (ATT,-99) (VZb,-99) (UGA,-99) (TWC,-99) (PTGNa,-99) (CMCTa,-99) (VONAb,-99) (ATTb,-99) (TWCb,-99) (TWCc,-99) (VONAa,-99) (ATTa,-99) (TWCa,-99) (GSATb,-99) (UGAb,-99) (VZa,-99) (GSATa,-99) (UGAa,-99)
PTGN:(PTGN,0) (OSU,-99) (VONA,-99) (UC,-99) (VZ,-99) (GSAT,-99) (GT,-99) (EGLN,-99) (GTa,-99) (DRPA,-99) (UCa,-99) (EGLNa,-99) (ATT,-99) (VZb,-99) (UGA,-99) (CMCT,-99) (OSUa,-99) (DRPAa,-99) (ATTb,-99) (UCc,-99) (TWC,-99) (PTGNa,-99) (CMCTa,-99) (UGAb,-99) (GSATb,-99) (CMCTb,-99) (GTc,-99) (OSUc,-99) (GTb,-99) (VONAa,-99) (ATTa,-99) (TWCa,-99) (TWCb,-99) (VONAb,-99) (UCb,-99) (EGLNb,-99) (EGLNc,-99) (PTGNc,-99) (OSUb,-99) (DRPAb,-99) (DRPAc,-99) (VZa,-99) (GSATa,-99) (UGAa,-99) (VONAc,-99) (PTGNb,-99) (CMCTc,-99) (VZc,-99) (GSATc,-99) (ATTc,-99) (TWCc,-99) (UGAc,-99)
PTGNa:(PTGNa,0) (OSUa,-1) (VONAa,-99) (UCa,-99) (VZa,-99) (GSATa,-99) (GTa,-99) (EGLNa,-99) (GT,-99) (UC,-99) (EGLN,-99) (DRPAa,-99) (OSU,-99) (DRPA,-99) (ATTa,-99) (UGAa,-99) (CMCTa,-99) (PTGN,-99) (CMCT,-99) (TWCa,-99) (VONA,-99) (ATT,-99) (TWC,-99) (VZ,-99) (GSAT,-99) (UGA,-99) (VZb,-99) (ATTb,-99) (UCc,-99) (UGAb,-99) (GSATb,-99) (CMCTb,-99) (GTc,-99) (OSUc,-99) (GTb,-99) (TWCb,-99) (VONAb,-99) (UCb,-99) (EGLNb,-99) (EGLNc,-99) (PTGNc,-99) (OSUb,-99) (DRPAb,-99) (DRPAc,-99) (VONAc,-99) (PTGNb,-99) (CMCTc,-99) (VZc,-99) (GSATc,-99) (ATTc,-99) (TWCc,-99) (UGAc,-99)
PTGNb:(PTGNb,0) (OSUb,-99) (VONAb,-99) (UCb,-99) (VZb,-99) (GSATb,-99) (GTb,-99) (EGLNb,-99) (DRPAb,-99) (ATTb,-99) (CMCT,-99) (OSU,-99) (UCc,-99) (UGAb,-99) (CMCTb,-99) (UC,-99) (PTGN,-99) (ATT,-99) (TWC,-99) (GTc,-99) (OSUc,-99) (GT,-99) (VONA,-99) (EGLN,-99) (GTa,-99) (DRPA,-99) (UCa,-99) (EGLNa,-99) (UGA,-99) (GSAT,-99) (TWCb,-99) (EGLNc,-99) (PTGNc,-99) (DRPAc,-99) (VZ,-99) (OSUa,-99) (DRPAa,-99) (VONAc,-99) (CMCTc,-99) (PTGNa,-99) (CMCTa,-99) (VZc,-99) (GSATc,-99) (ATTc,-99) (TWCc,-99) (VONAa,-99) (ATTa,-99) (TWCa,-99) (UGAc,-99) (VZa,-99) (GSATa,-99) (UGAa,-99)
PTGNc:(PTGNc,0) (OSUc,-99) (VONAc,-99) (UCc,-99) (VZc,-99) (GSATc,-99) (GTc,-99) (OSU,-99) (GTb,-99) (UC,-99) (PTGN,-99) (UCb,-99) (EGLNb,-99) (EGLNc,-99) (GT,-99) (VONA,-99) (EGLN,-99) (GTa,-99) (DRPA,-99) (UCa,-99) (EGLNa,-99) (OSUb,-99) (DRPAb,-99) (DRPAc,-99) (ATTc,-99) (UGAc,-99) (VZ,-99) (GSAT,-99) (CMCT,-99) (OSUa,-99) (DRPAa,-99) (PTGNb,-99) (CMCTb,-99) (CMCTc,-99) (ATT,-99) (VZb,-99) (UGA,-99) (TWC,-99) (PTGNa,-99) (CMCTa,-99) (VONAb,-99) (ATTb,-99) (TWCb,-99) (TWCc,-99) (VONAa,-99) (ATTa,-99) (TWCa,-99) (GSATb,-99) (UGAb,-99) (VZa,-99) (GSATa,-99) (UGAa,-99)
TWC:(TWC,0) (CMCT,-99) (VONA,-99) (ATT,-99) (VZ,-99) (GSAT,-99) (UGA,-99) (VZb,-99) (ATTb,-99) (OSU,-99) (UCc,-99) (UC,-99) (PTGN,-99) (UGAb,-99) (GSATb,-99) (CMCTb,-99) (GTc,-99) (OSUc,-99) (GTb,-99) (GT,-99) (EGLN,-99) (GTa,-99) (DRPA,-99) (UCa,-99) (EGLNa,-99) (TWCb,-99) (VONAb,-99) (UCb,-99) (EGLNb,-99) (EGLNc,-99) (PTGNc,-99) (OSUb,-99) (DRPAb,-99) (DRPAc,-99) (OSUa,-99) (DRPAa,-99) (VONAc,-99) (PTGNb,-99) (CMCTc,-99) (PTGNa,-99) (CMCTa,-99) (VZc,-99) (GSATc,-99) (ATTc,-99) (TWCc,-99) (VONAa,-99) (ATTa,-99) (TWCa,-99) (UGAc,-99) (VZa,-99) (GSATa,-99) (UGAa,-99)
TWCa:(TWCa,0) (CMCTa,-99) (VONAa,-99) (ATTa,-99) (VZa,-99) (GSATa,-99) (UGAa,-99)
TWCb:(TWCb,0) (CMCTb,-99) (VONAb,-99) (ATTb,-99) (VZb,-99) (GSATb,-99) (UGAb,-99) (CMCT,-99) (OSU,-99) (UCc,-99) (UC,-99) (PTGN,-99) (ATT,-99) (TWC,-99) (GTc,-99) (OSUc,-99) (GTb,-99) (GT,-99) (VONA,-99) (EGLN,-99) (GTa,-99) (DRPA,-99) (UCa,-99) (EGLNa,-99) (UGA,-99) (GSAT,-99) (UCb,-99) (EGLNb,-99) (EGLNc,-99) (PTGNc,-99) (OSUb,-99) (DRPAb,-99) (DRPAc,-99) (VZ,-99) (OSUa,-99) (DRPAa,-99) (VONAc,-99) (PTGNb,-99) (CMCTc,-99) (PTGNa,-99) (CMCTa,-99) (VZc,-99) (GSATc,-99) (ATTc,-99) (TWCc,-99) (VONAa,-99) (ATTa,-99) (TWCa,-99) (UGAc,-99) (VZa,-99) (GSATa,-99) (UGAa,-99)
TWCc:(TWCc,0) (CMCTc,-99) (VONAc,-99) (ATTc,-99) (VZc,-99) (GSATc,-99) (UGAc,-99) (UCb,-99) (GTb,-99) (OSUb,-99) (EGLNb,-99) (PTGNb,-99) (DRPAb,-99) (VONAb,-99) (CMCTb,-99) (VZb,-99) (GSATb,-99) (ATTb,-99) (TWCb,-99) (CMCT,-99) (OSU,-99) (UCc,-99) (UGAb,-99) (UC,-99) (PTGN,-99) (ATT,-99) (TWC,-99) (GTc,-99) (OSUc,-99) (GT,-99) (VONA,-99) (EGLN,-99) (GTa,-99) (DRPA,-99) (UCa,-99) (EGLNa,-99) (UGA,-99) (GSAT,-99) (EGLNc,-99) (PTGNc,-99) (DRPAc,-99) (VZ,-99) (OSUa,-99) (DRPAa,-99) (PTGNa,-99) (CMCTa,-99) (VONAa,-99) (ATTa,-99) (TWCa,-99) (VZa,-99) (GSATa,-99) (UGAa,-99)
UC:(UC,0) (GT,-99) (OSU,-99) (EGLN,-99) (GTa,-99) (PTGN,-99) (DRPA,-99) (UCa,-99) (EGLNa,-99) (VONA,-99) (CMCT,-99) (OSUa,-99) (DRPAa,-99) (VZ,-99) (GSAT,-99) (ATT,-99) (TWC,-99) (PTGNa,-99) (CMCTa,-99) (VZb,-99) (UGA,-99) (VONAa,-99) (ATTa,-99) (TWCa,-99) (ATTb,-99) (UCc,-99) (VZa,-99) (GSATa,-99) (UGAa,-99) (UGAb,-99) (GSATb,-99) (CMCTb,-99) (GTc,-99) (OSUc,-99) (GTb,-99) (TWCb,-99) (VONAb,-99) (UCb,-99) (EGLNb,-99) (EGLNc,-99) (PTGNc,-99) (OSUb,-99) (DRPAb,-99) (DRPAc,-99) (VONAc,-99) (PTGNb,-99) (CMCTc,-99) (VZc,-99) (GSATc,-99) (ATTc,-99) (TWCc,-99) (UGAc,-99)
UCa:(UCa,0) (GTa,-99) (OSUa,-99) (EGLNa,-99) (GT,-99) (PTGNa,-99) (UC,-99) (EGLN,-99) (DRPAa,-99) (OSU,-99) (DRPA,-99) (VONAa,-99) (CMCTa,-99) (PTGN,-99) (CMCT,-99) (VZa,-99) (GSATa,-99) (ATTa,-99) (TWCa,-99) (VONA,-99) (ATT,-99) (TWC,-99) (UGAa,-99) (VZ,-99) (GSAT,-99) (UGA,-99) (VZb,-99) (ATTb,-99) (UCc,-99) (UGAb,-99) (GSATb,-99) (CMCTb,-99) (GTc,-99) (OSUc,-99) (GTb,-99) (TWCb,-99) (VONAb,-99) (UCb,-99) (EGLNb,-99) (EGLNc,-99) (PTGNc,-99) (OSUb,-99) (DRPAb,-99) (DRPAc,-99) (VONAc,-99) (PTGNb,-99) (CMCTc,-99) (VZc,-99) (GSATc,-99) (ATTc,-99) (TWCc,-99) (UGAc,-99)
UCb:(UCb,0) (GTb,-99) (OSUb,-99) (EGLNb,-99) (PTGNb,-99) (DRPAb,-99) (VONAb,-99) (CMCTb,-99) (VZb,-99) (GSATb,-99) (ATTb,-99) (TWCb,-99) (CMCT,-99) (OSU,-99) (UCc,-99) (UGAb,-99) (UC,-99) (PTGN,-99) (ATT,-99) (TWC,-99) (GTc,-99) (OSUc,-99) (GT,-99) (VONA,-99) (EGLN,-99) (GTa,-99) (DRPA,-99) (UCa,-99) (EGLNa,-99) (UGA,-99) (GSAT,-99) (EGLNc,-99) (PTGNc,-99) (DRPAc,-99) (VZ,-99) (OSUa,-99) (DRPAa,-99) (VONAc,-99) (CMCTc,-99) (PTGNa,-99) (CMCTa,-99) (VZc,-99) (GSATc,-99) (ATTc,-99) (TWCc,-99) (VONAa,-99) (ATTa,-99) (TWCa,-99) (UGAc,-99) (VZa,-99) (GSATa,-99) (UGAa,-99)
UCc:(UCc,0) (GTc,-99) (OSUc,-99) (OSU,-99) (GTb,-99) (UC,-99) (PTGN,-99) (UCb,-99) (EGLNb,-99) (EGLNc,-99) (PTGNc,-99) (GT,-99) (VONA,-99) (EGLN,-99) (GTa,-99) (DRPA,-99) (UCa,-99) (EGLNa,-99) (OSUb,-99) (DRPAb,-99) (DRPAc,-99) (VONAc,-99) (VZ,-99) (GSAT,-99) (CMCT,-99) (OSUa,-99) (DRPAa,-99) (PTGNb,-99) (CMCTb,-99) (CMCTc,-99) (VZc,-99) (GSATc,-99) (ATT,-99) (VZb,-99) (UGA,-99) (TWC,-99) (PTGNa,-99) (CMCTa,-99) (VONAb,-99) (ATTb,-99) (TWCb,-99) (ATTc,-99) (TWCc,-99) (UGAc,-99) (VONAa,-99) (ATTa,-99) (TWCa,-99) (GSATb,-99) (UGAb,-99) (VZa,-99) (GSATa,-99) (UGAa,-99)
UGA:(UGA,0) (ATT,-99) (GSAT,-99) (CMCT,-99) (VONA,-99) (TWC,-99) (VZ,-99) (VZb,-99) (ATTb,-99) (OSU,-99) (UCc,-99) (UC,-99) (PTGN,-99) (UGAb,-99) (GSATb,-99) (CMCTb,-99) (GTc,-99) (OSUc,-99) (GTb,-99) (GT,-99) (EGLN,-99) (GTa,-99) (DRPA,-99) (UCa,-99) (EGLNa,-99) (TWCb,-99) (VONAb,-99) (UCb,-99) (EGLNb,-99) (EGLNc,-99) (PTGNc,-99) (OSUb,-99) (DRPAb,-99) (DRPAc,-99) (OSUa,-99) (DRPAa,-99) (VONAc,-99) (PTGNb,-99) (CMCTc,-99) (PTGNa,-99) (CMCTa,-99) (VZc,-99) (GSATc,-99) (ATTc,-99) (TWCc,-99) (VONAa,-99) (ATTa,-99) (TWCa,-99) (UGAc,-99) (VZa,-99) (GSATa,-99) (UGAa,-99)
UGAa:(UGAa,0) (ATTa,-99) (GSATa,-99) (CMCTa,-99) (VONAa,-99) (TWCa,-99) (VZa,-99)
UGAb:(UGAb,0) (ATTb,-99) (GSATb,-99) (CMCTb,-99) (VONAb,-99) (TWCb,-99) (VZb,-99) (CMCT,-99) (OSU,-99) (UCc,-99) (UC,-99) (PTGN,-99) (ATT,-99) (TWC,-99) (GTc,-99) (OSUc,-99) (GTb,-99) (GT,-99) (VONA,-99) (EGLN,-99) (GTa,-99) (DRPA,-99) (UCa,-99) (EGLNa,-99) (UGA,-99) (GSAT,-99) (UCb,-99) (EGLNb,-99) (EGLNc,-99) (PTGNc,-99) (OSUb,-99) (DRPAb,-99) (DRPAc,-99) (VZ,-99) (OSUa,-99) (DRPAa,-99) (VONAc,-99) (PTGNb,-99) (CMCTc,-99) (PTGNa,-99) (CMCTa,-99) (VZc,-99) (GSATc,-99) (ATTc,-99) (TWCc,-99) (VONAa,-99) (ATTa,-99) (TWCa,-99) (UGAc,-99) (VZa,-99) (GSATa,-99) (UGAa,-99)
UGAc:(UGAc,0) (ATTc,-99) (GSATc,-99) (CMCTc,-99) (VONAc,-99) (TWCc,-99) (VZc,-99) (UCb,-99) (GTb,-99) (OSUb,-99) (EGLNb,-99) (PTGNb,-99) (DRPAb,-99) (VONAb,-99) (CMCTb,-99) (VZb,-99) (GSATb,-99) (ATTb,-99) (TWCb,-99) (CMCT,-99) (OSU,-99) (UCc,-99) (UGAb,-99) (UC,-99) (PTGN,-99) (ATT,-99) (TWC,-99) (GTc,-99) (OSUc,-99) (GT,-99) (VONA,-99) (EGLN,-99) (GTa,-99) (DRPA,-99) (UCa,-99) (EGLNa,-99) (UGA,-99) (GSAT,-99) (EGLNc,-99) (PTGNc,-99) (DRPAc,-99) (VZ,-99) (OSUa,-99) (DRPAa,-99) (PTGNa,-99) (CMCTa,-99) (VONAa,-99) (ATTa,-99) (TWCa,-99) (VZa,-99) (GSATa,-99) (UGAa,-99)
VONA:(VONA,0) (VZ,-99) (GSAT,-99) (ATT,-99) (VZb,-99) (UGA,-99) (CMCT,-99) (ATTb,-99) (OSU,-99) (UCc,-99) (TWC,-99) (UC,-99) (PTGN,-99) (UGAb,-99) (GSATb,-99) (CMCTb,-99) (GTc,-99) (OSUc,-99) (GTb,-99) (GT,-99) (EGLN,-99) (GTa,-99) (DRPA,-99) (UCa,-99) (EGLNa,-99) (TWCb,-99) (VONAb,-99) (UCb,-99) (EGLNb,-99) (EGLNc,-99) (PTGNc,-99) (OSUb,-99) (DRPAb,-99) (DRPAc,-99) (OSUa,-99) (DRPAa,-99) (VONAc,-99) (PTGNb,-99) (CMCTc,-99) (PTGNa,-99) (CMCTa,-99) (VZc,-99) (GSATc,-99) (ATTc,-99) (TWCc,-99) (VONAa,-99) (ATTa,-99) (TWCa,-99) (UGAc,-99) (VZa,-99) (GSATa,-99) (UGAa,-99)
VONAa:(VONAa,0) (VZa,-99) (GSATa,-99) (ATTa,-99) (UGAa,-99) (CMCTa,-99) (TWCa,-99)
VONAb:(VONAb,0) (VZb,-99) (GSATb,-99) (ATTb,-99) (CMCT,-99) (OSU,-99) (UCc,-99) (UGAb,-99) (UC,-99) (PTGN,-99) (ATT,-99) (TWC,-99) (CMCTb,-99) (GTc,-99) (OSUc,-99) (GTb,-99) (GT,-99) (VONA,-99) (EGLN,-99) (GTa,-99) (DRPA,-99) (UCa,-99) (EGLNa,-99) (UGA,-99) (GSAT,-99) (TWCb,-99) (UCb,-99) (EGLNb,-99) (EGLNc,-99) (PTGNc,-99) (OSUb,-99) (DRPAb,-99) (DRPAc,-99) (VZ,-99) (OSUa,-99) (DRPAa,-99) (VONAc,-99) (PTGNb,-99) (CMCTc,-99) (PTGNa,-99) (CMCTa,-99) (VZc,-99) (GSATc,-99) (ATTc,-99) (TWCc,-99) (VONAa,-99) (ATTa,-99) (TWCa,-99) (UGAc,-99) (VZa,-99) (GSATa,-99) (UGAa,-99)
VONAc:(VONAc,0) (VZc,-99) (GSATc,-99) (ATTc,-99) (UCb,-99) (UGAc,-99) (GTb,-99) (OSUb,-99) (CMCTc,-99) (EGLNb,-99) (PTGNb,-99) (DRPAb,-99) (TWCc,-99) (VONAb,-99) (CMCTb,-99) (VZb,-99) (GSATb,-99) (ATTb,-99) (TWCb,-99) (CMCT,-99) (OSU,-99) (UCc,-99) (UGAb,-99) (UC,-99) (PTGN,-99) (ATT,-99) (TWC,-99) (GTc,-99) (OSUc,-99) (GT,-99) (VONA,-99) (EGLN,-99) (GTa,-99) (DRPA,-99) (UCa,-99) (EGLNa,-99) (UGA,-99) (GSAT,-99) (EGLNc,-99) (PTGNc,-99) (DRPAc,-99) (VZ,-99) (OSUa,-99) (DRPAa,-99) (PTGNa,-99) (CMCTa,-99) (VONAa,-99) (ATTa,-99) (TWCa,-99) (VZa,-99) (GSATa,-99) (UGAa,-99)
VZ:(VZ,0) (ATT,-99) (VZb,-99) (UGA,-99) (GSAT,-99) (CMCT,-99) (ATTb,-99) (OSU,-99) (UCc,-99) (TWC,-99) (VONA,-99) (UC,-99) (PTGN,-99) (UGAb,-99) (GSATb,-99) (CMCTb,-99) (GTc,-99) (OSUc,-99) (GTb,-99) (GT,-99) (EGLN,-99) (GTa,-99) (DRPA,-99) (UCa,-99) (EGLNa,-99) (TWCb,-99) (VONAb,-99) (UCb,-99) (EGLNb,-99) (EGLNc,-99) (PTGNc,-99) (OSUb,-99) (DRPAb,-99) (DRPAc,-99) (OSUa,-99) (DRPAa,-99) (VONAc,-99) (PTGNb,-99) (CMCTc,-99) (PTGNa,-99) (CMCTa,-99) (VZc,-99) (GSATc,-99) (ATTc,-99) (TWCc,-99) (VONAa,-99) (ATTa,-99) (TWCa,-99) (UGAc,-99) (VZa,-99) (GSATa,-99) (UGAa,-99)
VZa:(VZa,0) (ATTa,2) (UGAa,-99) (GSATa,-99) (CMCTa,-99) (TWCa,-99) (VONAa,-99)
VZb:(VZb,0) (ATTb,-99) (CMCT,-99) (OSU,-99) (UCc,-99) (UC,-99) (PTGN,-99) (ATT,-99) (TWC,-99) (UGAb,-99) (GSATb,-99) (CMCTb,-99) (GTc,-99) (OSUc,-99) (GTb,-99) (GT,-99) (VONA,-99) (EGLN,-99) (GTa,-99) (DRPA,-99) (UCa,-99) (EGLNa,-99) (UGA,-99) (GSAT,-99) (TWCb,-99) (VONAb,-99) (UCb,-99) (EGLNb,-99) (EGLNc,-99) (PTGNc,-99) (OSUb,-99) (DRPAb,-99) (DRPAc,-99) (VZ,-99) (OSUa,-99) (DRPAa,-99) (VONAc,-99) (PTGNb,-99) (CMCTc,-99) (PTGNa,-99) (CMCTa,-99) (VZc,-99) (GSATc,-99) (ATTc,-99) (TWCc,-99) (VONAa,-99) (ATTa,-99) (TWCa,-99) (UGAc,-99) (VZa,-99) (GSATa,-99) (UGAa,-99)
VZc:(VZc,0) (ATTc,-99) (UCb,-99) (GTb,-99) (OSUb,-99) (UGAc,-99) (GSATc,-99) (CMCTc,-99) (EGLNb,-99) (PTGNb,-99) (DRPAb,-99) (TWCc,-99) (VONAc,-99) (VONAb,-99) (CMCTb,-99) (VZb,-99) (GSATb,-99) (ATTb,-99) (TWCb,-99) (CMCT,-99) (OSU,-99) (UCc,-99) (UGAb,-99) (UC,-99) (PTGN,-99) (ATT,-99) (TWC,-99) (GTc,-99) (OSUc,-99) (GT,-99) (VONA,-99) (EGLN,-99) (GTa,-99) (DRPA,-99) (UCa,-99) (EGLNa,-99) (UGA,-99) (GSAT,-99) (EGLNc,-99) (PTGNc,-99) (DRPAc,-99) (VZ,-99) (OSUa,-99) (DRPAa,-99) (PTGNa,-99) (CMCTa,-99) (VONAa,-99) (ATTa,-99) (TWCa,-99) (VZa,-99) (GSATa,-99) (UGAa,-99)
-----
