A:(A,0) (CC,1) (AB,1) (AA,0) (AD,-2) (AE,-1)
AA:(AA,0) (AD,-2) (AE,-1)
AB:(AB,0) (AA,-1) (CC,0) (AD,-3) (AE,-2)
AD:(AD,0) (AE,1) (AB,2)
AE:(AE,0) (AB,1) (AA,0) (CC,1) (AD,-2)
B:(B,0) (A,1) (CC,2) (AB,2) (AA,1) (AD,-1) (AE,0)
C:(C,0) (B,1) (A,2) (CC,3) (AB,3) (AA,2) (AD,0) (AE,1)
CC:(CC,0) (AB,0) (AA,-1) (AD,-3) (AE,-2)
D:(D,0) (C,1) (B,2) (A,3) (CC,4) (AB,4) (AA,3) (AD,1) (AE,2)
E:(E,0) (D,1) (C,2) (B,3) (A,4) (CC,5) (AB,5) (AA,4) (AD,2) (AE,3)
F:(F,0) (E,1) (D,2) (C,3) (B,4) (A,5) (CC,6) (AB,6) (AA,5) (AD,3) (AE,4)
G:(G,0) (F,1) (E,2) (D,3) (C,4) (B,5) (A,6) (CC,7) (AB,7) (AA,6) (AD,4) (AE,5)
H:(H,0) (G,1) (F,2) (E,3) (D,4) (C,5) (B,6) (A,7) (CC,8) (AB,8) (AA,7) (AD,5) (AE,6)
I:(I,0) (H,1) (G,2) (F,3) (E,4) (D,5) (C,6) (B,7) (A,8) (CC,9) (AB,9) (AA,8) (AD,6) (AE,7)
J:(J,0) (I,1) (H,2) (G,3) (F,4) (E,5) (D,6) (C,7) (B,8) (A,9) (CC,10) (AB,10) (AA,9) (AD,7) (AE,8)
K:(K,0) (J,1) (I,2) (H,3) (G,4) (F,5) (E,6) (D,7) (C,8) (B,9) (A,10) (CC,11) (AB,11) (AA,10) (AD,8) (AE,9)
L:(L,0) (K,1) (J,2) (I,3) (H,4) (G,5) (F,6) (E,7) (D,8) (C,9) (B,10) (A,11) (CC,12) (AB,12) (AA,11) (AD,9) (AE,10)
M:(M,0) (L,1) (K,2) (J,3) (I,4) (H,5) (G,6) (F,7) (E,8) (D,9) (C,10) (B,11) (A,12) (CC,13) (AB,13) (AA,12) (AD,10) (AE,11)
-----
A:(A,0) (CC,1) (AB,1) (AA,0) (AD,-2) (AE,-1)
AA:(AA,0) (AD,-2) (AE,-1) (AB,0)
AB:(AB,0) (AA,-1) (CC,0) (AD,-3) (AE,-2)
AD:(AD,0) (AE,1) (AB,2) (AA,1) (CC,2)
AE:(AE,0) (AB,1) (AA,0) (CC,1) (AD,-2)
B:(B,0) (A,1) (CC,2) (AB,2) (AA,1) (AD,-1) (AE,0)
C:(C,0) (B,1) (A,2) (CC,3) (AB,3) (AA,2) (AD,0) (AE,1)
CC:(CC,0) (AB,0) (AA,-1) (AD,-3) (AE,-2)
D:(D,0) (C,1) (B,2) (A,3) (CC,4) (AB,4) (AA,3) (AD,1) (AE,2)
E:(E,0) (D,1) (C,2) (B,3) (A,4) (CC,5) (AB,5) (AA,4) (AD,2) (AE,3)
F:(F,0) (E,1) (D,2) (C,3) (B,4) (A,5) (CC,6) (AB,6) (AA,5) (AD,3) (AE,4)
G:(G,0) (F,1) (E,2) (D,3) (C,4) (B,5) (A,6) (CC,7) (AB,7) (AA,6) (AD,4) (AE,5)
H:(H,0) (G,1) (F,2) (E,3) (D,4) (C,5) (B,6) (A,7) (CC,8) (AB,8) (AA,7) (AD,5) (AE,6)
I:(I,0) (H,1) (G,2) (F,3) (E,4) (D,5) (C,6) (B,7) (A,8) (CC,9) (AB,9) (AA,8) (AD,6) (AE,7)
J:(J,0) (I,1) (H,2) (G,3) (F,4) (E,5) (D,6) (C,7) (B,8) (A,9) (CC,10) (AB,10) (AA,9) (AD,7) (AE,8)
K:(K,0) (J,1) (I,2) (H,3) (G,4) (F,5) (E,6) (D,7) (C,8) (B,9) (A,10) (CC,11) (AB,11) (AA,10) (AD,8) (AE,9)
L:(L,0) (K,1) (J,2) (I,3) (H,4) (G,5) (F,6) (E,7) (D,8) (C,9) (B,10) (A,11) (CC,12) (AB,12) (AA,11) (AD,9) (AE,10)
M:(M,0) (L,1) (K,2) (J,3) (I,4) (H,5) (G,6) (F,7) (E,8) (D,9) (C,10) (B,11) (A,12) (CC,13) (AB,13) (AA,12) (AD,10) (AE,11)
-----
A:(A,0) (CC,1) (AB,1) (AA,0) (AD,-2) (AE,-1)
AA:(AA,0) (AD,-2) (AE,-1) (AB,0) (CC,0)
AB:(AB,0) (AA,-1) (CC,-1) (AD,-3) (AE,-2)
AD:(AD,0) (AE,1) (AB,2) (AA,1) (CC,2)
AE:(AE,0) (AB,1) (AA,0) (CC,0) (AD,-2)
B:(B,0) (A,1) (CC,2) (AB,2) (AA,1) (AD,-1) (AE,0)
C:(C,0) (B,1) (A,2) (CC,3) (AB,3) (AA,2) (AD,0) (AE,1)
CC:(CC,0) (AB,0) (AA,-1) (AD,-3) (AE,-2)
D:(D,0) (C,1) (B,2) (A,3) (CC,4) (AB,4) (AA,3) (AD,1) (AE,2)
E:(E,0) (D,1) (C,2) (B,3) (A,4) (CC,5) (AB,5) (AA,4) (AD,2) (AE,3)
F:(F,0) (E,1) (D,2) (C,3) (B,4) (A,5) (CC,6) (AB,6) (AA,5) (AD,3) (AE,4)
G:(G,0) (F,1) (E,2) (D,3) (C,4) (B,5) (A,6) (CC,7) (AB,7) (AA,6) (AD,4) (AE,5)
H:(H,0) (G,1) (F,2) (E,3) (D,4) (C,5) (B,6) (A,7) (CC,8) (AB,8) (AA,7) (AD,5) (AE,6)
I:(I,0) (H,1) (G,2) (F,3) (E,4) (D,5) (C,6) (B,7) (A,8) (CC,9) (AB,9) (AA,8) (AD,6) (AE,7)
J:(J,0) (I,1) (H,2) (G,3) (F,4) (E,5) (D,6) (C,7) (B,8) (A,9) (CC,10) (AB,10) (AA,9) (AD,7) (AE,8)
K:(K,0) (J,1) (I,2) (H,3) (G,4) (F,5) (E,6) (D,7) (C,8) (B,9) (A,10) (CC,11) (AB,11) (AA,10) (AD,8) (AE,9)
L:(L,0) (K,1) (J,2) (I,3) (H,4) (G,5) (F,6) (E,7) (D,8) (C,9) (B,10) (A,11) (CC,12) (AB,12) (AA,11) (AD,9) (AE,10)
M:(M,0) (L,1) (K,2) (J,3) (I,4) (H,5) (G,6) (F,7) (E,8) (D,9) (C,10) (B,11) (A,12) (CC,13) (AB,13) (AA,12) (AD,10) (AE,11)
-----
A:(A,0) (CC,1) (AB,1) (AA,0) (AD,-2) (AE,-1)
AA:(AA,0) (AD,-2) (AE,-1) (AB,0) (CC,0)
AB:(AB,0) (AA,-1) (CC,-1) (AD,-3) (AE,-2)
AD:(AD,0) (AE,1) (AB,2) (AA,1) (CC,1)
AE:(AE,0) (AB,1) (AA,0) (CC,0) (AD,-2)
B:(B,0) (A,1) (CC,2) (AB,2) (AA,1) (AD,-1) (AE,0)
C:(C,0) (B,1) (A,2) (CC,3) (AB,3) (AA,2) (AD,0) (AE,1)
CC:(CC,0) (AB,0) (AA,-1) (AD,-3) (AE,-2)
D:(D,0) (C,1) (B,2) (A,3) (CC,4) (AB,4) (AA,3) (AD,1) (AE,2)
E:(E,0) (D,1) (C,2) (B,3) (A,4) (CC,5) (AB,5) (AA,4) (AD,2) (AE,3)
F:(F,0) (E,1) (D,2) (C,3) (B,4) (A,5) (CC,6) (AB,6) (AA,5) (AD,3) (AE,4)
G:(G,0) (F,1) (E,2) (D,3) (C,4) (B,5) (A,6) (CC,7) (AB,7) (AA,6) (AD,4) (AE,5)
H:(H,0) (G,1) (F,2) (E,3) (D,4) (C,5) (B,6) (A,7) (CC,8) (AB,8) (AA,7) (AD,5) (AE,6)
I:(I,0) (H,1) (G,2) (F,3) (E,4) (D,5) (C,6) (B,7) (A,8) (CC,9) (AB,9) (AA,8) (AD,6) (AE,7)
J:(J,0) (I,1) (H,2) (G,3) (F,4) (E,5) (D,6) (C,7) (B,8) (A,9) (CC,10) (AB,10) (AA,9) (AD,7) (AE,8)
K:(K,0) (J,1) (I,2) (H,3) (G,4) (F,5) (E,6) (D,7) (C,8) (B,9) (A,10) (CC,11) (AB,11) (AA,10) (AD,8) (AE,9)
L:(L,0) (K,1) (J,2) (I,3) (H,4) (G,5) (F,6) (E,7) (D,8) (C,9) (B,10) (A,11) (CC,12) (AB,12) (AA,11) (AD,9) (AE,10)
M:(M,0) (L,1) (K,2) (J,3) (I,4) (H,5) (G,6) (F,7) (E,8) (D,9) (C,10) (B,11) (A,12) (CC,13) (AB,13) (AA,12) (AD,10) (AE,11)
-----
A:(A,0) (CC,1) (AB,1) (AA,0) (AD,-2) (AE,-1)
AA:(AA,0) (AD,-2) (AE,-1) (AB,0) (CC,-1)
AB:(AB,0) (AA,-1) (CC,-2) (AD,-3) (AE,-2)
AD:(AD,0) (AE,1) (AB,2) (AA,1) (CC,1)
AE:(AE,0) (AB,1) (AA,0) (CC,-1) (AD,-2)
B:(B,0) (A,1) (CC,2) (AB,2) (AA,1) (AD,-1) (AE,0)
C:(C,0) (B,1) (A,2) (CC,3) (AB,3) (AA,2) (AD,0) (AE,1)
CC:(CC,0) (AB,0) (AA,-1) (AD,-3) (AE,-2)
D:(D,0) (C,1) (B,2) (A,3) (CC,4) (AB,4) (AA,3) (AD,1) (AE,2)
E:(E,0) (D,1) (C,2) (B,3) (A,4) (CC,5) (AB,5) (AA,4) (AD,2) (AE,3)
F:(F,0) (E,1) (D,2) (C,3) (B,4) (A,5) (CC,6) (AB,6) (AA,5) (AD,3) (AE,4)
G:(G,0) (F,1) (E,2) (D,3) (C,4) (B,5) (A,6) (CC,7) (AB,7) (AA,6) (AD,4) (AE,5)
H:(H,0) (G,1) (F,2) (E,3) (D,4) (C,5) (B,6) (A,7) (CC,8) (AB,8) (AA,7) (AD,5) (AE,6)
I:(I,0) (H,1) (G,2) (F,3) (E,4) (D,5) (C,6) (B,7) (A,8) (CC,9) (AB,9) (AA,8) (AD,6) (AE,7)
J:(J,0) (I,1) (H,2) (G,3) (F,4) (E,5) (D,6) (C,7) (B,8) (A,9) (CC,10) (AB,10) (AA,9) (AD,7) (AE,8)
K:(K,0) (J,1) (I,2) (H,3) (G,4) (F,5) (E,6) (D,7) (C,8) (B,9) (A,10) (CC,11) (AB,11) (AA,10) (AD,8) (AE,9)
L:(L,0) (K,1) (J,2) (I,3) (H,4) (G,5) (F,6) (E,7) (D,8) (C,9) (B,10) (A,11) (CC,12) (AB,12) (AA,11) (AD,9) (AE,10)
M:(M,0) (L,1) (K,2) (J,3) (I,4) (H,5) (G,6) (F,7) (E,8) (D,9) (C,10) (B,11) (A,12) (CC,13) (AB,13) (AA,12) (AD,10) (AE,11)
-----
A:(A,0) (CC,1) (AB,1) (AA,0) (AD,-2) (AE,-1)
AA:(AA,0) (AD,-2) (AE,-1) (AB,0) (CC,-1)
AB:(AB,0) (AA,-1) (CC,-2) (AD,-3) (AE,-2)
AD:(AD,0) (AE,1) (AB,2) (AA,1) (CC,0)
AE:(AE,0) (AB,1) (AA,0) (CC,-1) (AD,-2)
B:(B,0) (A,1) (CC,2) (AB,2) (AA,1) (AD,-1) (AE,0)
C:(C,0) (B,1) (A,2) (CC,3) (AB,3) (AA,2) (AD,0) (AE,1)
CC:(CC,0) (AB,0) (AA,-1) (AD,-3) (AE,-2)
D:(D,0) (C,1) (B,2) (A,3) (CC,4) (AB,4) (AA,3) (AD,1) (AE,2)
E:(E,0) (D,1) (C,2) (B,3) (A,4) (CC,5) (AB,5) (AA,4) (AD,2) (AE,3)
F:(F,0) (E,1) (D,2) (C,3) (B,4) (A,5) (CC,6) (AB,6) (AA,5) (AD,3) (AE,4)
G:(G,0) (F,1) (E,2) (D,3) (C,4) (B,5) (A,6) (CC,7) (AB,7) (AA,6) (AD,4) (AE,5)
H:(H,0) (G,1) (F,2) (E,3) (D,4) (C,5) (B,6) (A,7) (CC,8) (AB,8) (AA,7) (AD,5) (AE,6)
I:(I,0) (H,1) (G,2) (F,3) (E,4) (D,5) (C,6) (B,7) (A,8) (CC,9) (AB,9) (AA,8) (AD,6) (AE,7)
J:(J,0) (I,1) (H,2) (G,3) (F,4) (E,5) (D,6) (C,7) (B,8) (A,9) (CC,10) (AB,10) (AA,9) (AD,7) (AE,8)
K:(K,0) (J,1) (I,2) (H,3) (G,4) (F,5) (E,6) (D,7) (C,8) (B,9) (A,10) (CC,11) (AB,11) (AA,10) (AD,8) (AE,9)
L:(L,0) (K,1) (J,2) (I,3) (H,4) (G,5) (F,6) (E,7) (D,8) (C,9) (B,10) (A,11) (CC,12) (AB,12) (AA,11) (AD,9) (AE,10)
M:(M,0) (L,1) (K,2) (J,3) (I,4) (H,5) (G,6) (F,7) (E,8) (D,9) (C,10) (B,11) (A,12) (CC,13) (AB,13) (AA,12) (AD,10) (AE,11)
-----
A:(A,0) (CC,1) (AB,1) (AA,0) (AD,-2) (AE,-1)
AA:(AA,0) (AD,-2) (AE,-1) (AB,0) (CC,-2)
AB:(AB,0) (AA,-1) (CC,-3) (AD,-3) (AE,-2)
AD:(AD,0) (AE,1) (AB,2) (AA,1) (CC,0)
AE:(AE,0) (AB,1) (AA,0) (CC,-2) (AD,-2)
B:(B,0) (A,1) (CC,2) (AB,2) (AA,1) (AD,-1) (AE,0)
C:(C,0) (B,1) (A,2) (CC,3) (AB,3) (AA,2) (AD,0) (AE,1)
CC:(CC,0) (AB,0) (AA,-1) (AD,-3) (AE,-2)
D:(D,0) (C,1) (B,2) (A,3) (CC,4) (AB,4) (AA,3) (AD,1) (AE,2)
E:(E,0) (D,1) (C,2) (B,3) (A,4) (CC,5) (AB,5) (AA,4) (AD,2) (AE,3)
F:(F,0) (E,1) (D,2) (C,3) (B,4) (A,5) (CC,6) (AB,6) (AA,5) (AD,3) (AE,4)
G:(G,0) (F,1) (E,2) (D,3) (C,4) (B,5) (A,6) (CC,7) (AB,7) (AA,6) (AD,4) (AE,5)
H:(H,0) (G,1) (F,2) (E,3) (D,4) (C,5) (B,6) (A,7) (CC,8) (AB,8) (AA,7) (AD,5) (AE,6)
I:(I,0) (H,1) (G,2) (F,3) (E,4) (D,5) (C,6) (B,7) (A,8) (CC,9) (AB,9) (AA,8) (AD,6) (AE,7)
J:(J,0) (I,1) (H,2) (G,3) (F,4) (E,5) (D,6) (C,7) (B,8) (A,9) (CC,10) (AB,10) (AA,9) (AD,7) (AE,8)
K:(K,0) (J,1) (I,2) (H,3) (G,4) (F,5) (E,6) (D,7) (C,8) (B,9) (A,10) (CC,11) (AB,11) (AA,10) (AD,8) (AE,9)
L:(L,0) (K,1) (J,2) (I,3) (H,4) (G,5) (F,6) (E,7) (D,8) (C,9) (B,10) (A,11) (CC,12) (AB,12) (AA,11) (AD,9) (AE,10)
M:(M,0) (L,1) (K,2) (J,3) (I,4) (H,5) (G,6) (F,7) (E,8) (D,9) (C,10) (B,11) (A,12) (CC,13) (AB,13) (AA,12) (AD,10) (AE,11)
-----
A:(A,0) (CC,1) (AB,1) (AA,0) (AD,-2) (AE,-1)
AA:(AA,0) (AD,-2) (AE,-1) (AB,0) (CC,-2)
AB:(AB,0) (AA,-1) (CC,-3) (AD,-3) (AE,-2)
AD:(AD,0) (AE,1) (AB,2) (AA,1) (CC,-1)
AE:(AE,0) (AB,1) (AA,0) (CC,-2) (AD,-2)
B:(B,0) (A,1) (CC,2) (AB,2) (AA,1) (AD,-1) (AE,0)
C:(C,0) (B,1) (A,2) (CC,3) (AB,3) (AA,2) (AD,0) (AE,1)
CC:(CC,0) (AB,0) (AA,-1) (AD,-3) (AE,-2)
D:(D,0) (C,1) (B,2) (A,3) (CC,4) (AB,4) (AA,3) (AD,1) (AE,2)
E:(E,0) (D,1) (C,2) (B,3) (A,4) (CC,5) (AB,5) (AA,4) (AD,2) (AE,3)
F:(F,0) (E,1) (D,2) (C,3) (B,4) (A,5) (CC,6) (AB,6) (AA,5) (AD,3) (AE,4)
G:(G,0) (F,1) (E,2) (D,3) (C,4) (B,5) (A,6) (CC,7) (AB,7) (AA,6) (AD,4) (AE,5)
H:(H,0) (G,1) (F,2) (E,3) (D,4) (C,5) (B,6) (A,7) (CC,8) (AB,8) (AA,7) (AD,5) (AE,6)
I:(I,0) (H,1) (G,2) (F,3) (E,4) (D,5) (C,6) (B,7) (A,8) (CC,9) (AB,9) (AA,8) (AD,6) (AE,7)
J:(J,0) (I,1) (H,2) (G,3) (F,4) (E,5) (D,6) (C,7) (B,8) (A,9) (CC,10) (AB,10) (AA,9) (AD,7) (AE,8)
K:(K,0) (J,1) (I,2) (H,3) (G,4) (F,5) (E,6) (D,7) (C,8) (B,9) (A,10) (CC,11) (AB,11) (AA,10) (AD,8) (AE,9)
L:(L,0) (K,1) (J,2) (I,3) (H,4) (G,5) (F,6) (E,7) (D,8) (C,9) (B,10) (A,11) (CC,12) (AB,12) (AA,11) (AD,9) (AE,10)
M:(M,0) (L,1) (K,2) (J,3) (I,4) (H,5) (G,6) (F,7) (E,8) (D,9) (C,10) (B,11) (A,12) (CC,13) (AB,13) (AA,12) (AD,10) (AE,11)
-----
A:(A,0) (CC,1) (AB,1) (AA,0) (AD,-2) (AE,-1)
AA:(AA,0) (AD,-2) (AE,-1) (AB,0) (CC,-3)
AB:(AB,0) (AA,-1) (CC,-4) (AD,-3) (AE,-2)
AD:(AD,0) (AE,1) (AB,2) (AA,1) (CC,-1)
AE:(AE,0) (AB,1) (AA,0) (CC,-3) (AD,-2)
B:(B,0) (A,1) (CC,2) (AB,2) (AA,1) (AD,-1) (AE,0)
C:(C,0) (B,1) (A,2) (CC,3) (AB,3) (AA,2) (AD,0) (AE,1)
CC:(CC,0) (AB,0) (AA,-1) (AD,-3) (AE,-2)
D:(D,0) (C,1) (B,2) (A,3) (CC,4) (AB,4) (AA,3) (AD,1) (AE,2)
E:(E,0) (D,1) (C,2) (B,3) (A,4) (CC,5) (AB,5) (AA,4) (AD,2) (AE,3)
F:(F,0) (E,1) (D,2) (C,3) (B,4) (A,5) (CC,6) (AB,6) (AA,5) (AD,3) (AE,4)
G:(G,0) (F,1) (E,2) (D,3) (C,4) (B,5) (A,6) (CC,7) (AB,7) (AA,6) (AD,4) (AE,5)
H:(H,0) (G,1) (F,2) (E,3) (D,4) (C,5) (B,6) (A,7) (CC,8) (AB,8) (AA,7) (AD,5) (AE,6)
I:(I,0) (H,1) (G,2) (F,3) (E,4) (D,5) (C,6) (B,7) (A,8) (CC,9) (AB,9) (AA,8) (AD,6) (AE,7)
J:(J,0) (I,1) (H,2) (G,3) (F,4) (E,5) (D,6) (C,7) (B,8) (A,9) (CC,10) (AB,10) (AA,9) (AD,7) (AE,8)
K:(K,0) (J,1) (I,2) (H,3) (G,4) (F,5) (E,6) (D,7) (C,8) (B,9) (A,10) (CC,11) (AB,11) (AA,10) (AD,8) (AE,9)
L:(L,0) (K,1) (J,2) (I,3) (H,4) (G,5) (F,6) (E,7) (D,8) (C,9) (B,10) (A,11) (CC,12) (AB,12) (AA,11) (AD,9) (AE,10)
M:(M,0) (L,1) (K,2) (J,3) (I,4) (H,5) (G,6) (F,7) (E,8) (D,9) (C,10) (B,11) (A,12) (CC,13) (AB,13) (AA,12) (AD,10) (AE,11)
-----
A:(A,0) (CC,1) (AB,1) (AA,0) (AD,-2) (AE,-1)
AA:(AA,0) (AD,-2) (AE,-1) (AB,0) (CC,-3)
AB:(AB,0) (AA,-1) (CC,-4) (AD,-3) (AE,-2)
AD:(AD,0) (AE,1) (AB,2) (AA,1) (CC,-2)
AE:(AE,0) (AB,1) (AA,0) (CC,-3) (AD,-2)
B:(B,0) (A,1) (CC,2) (AB,2) (AA,1) (AD,-1) (AE,0)
C:(C,0) (B,1) (A,2) (CC,3) (AB,3) (AA,2) (AD,0) (AE,1)
CC:(CC,0) (AB,0) (AA,-1) (AD,-3) (AE,-2)
D:(D,0) (C,1) (B,2) (A,3) (CC,4) (AB,4) (AA,3) (AD,1) (AE,2)
E:(E,0) (D,1) (C,2) (B,3) (A,4) (CC,5) (AB,5) (AA,4) (AD,2) (AE,3)
F:(F,0) (E,1) (D,2) (C,3) (B,4) (A,5) (CC,6) (AB,6) (AA,5) (AD,3) (AE,4)
G:(G,0) (F,1) (E,2) (D,3) (C,4) (B,5) (A,6) (CC,7) (AB,7) (AA,6) (AD,4) (AE,5)
H:(H,0) (G,1) (F,2) (E,3) (D,4) (C,5) (B,6) (A,7) (CC,8) (AB,8) (AA,7) (AD,5) (AE,6)
I:(I,0) (H,1) (G,2) (F,3) (E,4) (D,5) (C,6) (B,7) (A,8) (CC,9) (AB,9) (AA,8) (AD,6) (AE,7)
J:(J,0) (I,1) (H,2) (G,3) (F,4) (E,5) (D,6) (C,7) (B,8) (A,9) (CC,10) (AB,10) (AA,9) (AD,7) (AE,8)
K:(K,0) (J,1) (I,2) (H,3) (G,4) (F,5) (E,6) (D,7) (C,8) (B,9) (A,10) (CC,11) (AB,11) (AA,10) (AD,8) (AE,9)
L:(L,0) (K,1) (J,2) (I,3) (H,4) (G,5) (F,6) (E,7) (D,8) (C,9) (B,10) (A,11) (CC,12) (AB,12) (AA,11) (AD,9) (AE,10)
M:(M,0) (L,1) (K,2) (J,3) (I,4) (H,5) (G,6) (F,7) (E,8) (D,9) (C,10) (B,11) (A,12) (CC,13) (AB,13) (AA,12) (AD,10) (AE,11)
-----
A:(A,0) (CC,1) (AB,1) (AA,0) (AD,-2) (AE,-1)
AA:(AA,0) (AD,-2) (AE,-1) (AB,0) (CC,-4)
AB:(AB,0) (AA,-1) (CC,-5) (AD,-3) (AE,-2)
AD:(AD,0) (AE,1) (AB,2) (AA,1) (CC,-2)
AE:(AE,0) (AB,1) (AA,0) (CC,-4) (AD,-2)
B:(B,0) (A,1) (CC,2) (AB,2) (AA,1) (AD,-1) (AE,0)
C:(C,0) (B,1) (A,2) (CC,3) (AB,3) (AA,2) (AD,0) (AE,1)
CC:(CC,0) (AB,0) (AA,-1) (AD,-3) (AE,-2)
D:(D,0) (C,1) (B,2) (A,3) (CC,4) (AB,4) (AA,3) (AD,1) (AE,2)
E:(E,0) (D,1) (C,2) (B,3) (A,4) (CC,5) (AB,5) (AA,4) (AD,2) (AE,3)
F:(F,0) (E,1) (D,2) (C,3) (B,4) (A,5) (CC,6) (AB,6) (AA,5) (AD,3) (AE,4)
G:(G,0) (F,1) (E,2) (D,3) (C,4) (B,5) (A,6) (CC,7) (AB,7) (AA,6) (AD,4) (AE,5)
H:(H,0) (G,1) (F,2) (E,3) (D,4) (C,5) (B,6) (A,7) (CC,8) (AB,8) (AA,7) (AD,5) (AE,6)
I:(I,0) (H,1) (G,2) (F,3) (E,4) (D,5) (C,6) (B,7) (A,8) (CC,9) (AB,9) (AA,8) (AD,6) (AE,7)
J:(J,0) (I,1) (H,2) (G,3) (F,4) (E,5) (D,6) (C,7) (B,8) (A,9) (CC,10) (AB,10) (AA,9) (AD,7) (AE,8)
K:(K,0) (J,1) (I,2) (H,3) (G,4) (F,5) (E,6) (D,7) (C,8) (B,9) (A,10) (CC,11) (AB,11) (AA,10) (AD,8) (AE,9)
L:(L,0) (K,1) (J,2) (I,3) (H,4) (G,5) (F,6) (E,7) (D,8) (C,9) (B,10) (A,11) (CC,12) (AB,12) (AA,11) (AD,9) (AE,10)
M:(M,0) (L,1) (K,2) (J,3) (I,4) (H,5) (G,6) (F,7) (E,8) (D,9) (C,10) (B,11) (A,12) (CC,13) (AB,13) (AA,12) (AD,10) (AE,11)
-----
A:(A,0) (CC,1) (AB,1) (AA,0) (AD,-2) (AE,-1)
AA:(AA,0) (AD,-2) (AE,-1) (AB,0) (CC,-4)
AB:(AB,0) (AA,-1) (CC,-5) (AD,-3) (AE,-2)
AD:(AD,0) (AE,1) (AB,2) (AA,1) (CC,-3)
AE:(AE,0) (AB,1) (AA,0) (CC,-4) (AD,-2)
B:(B,0) (A,1) (CC,2) (AB,2) (AA,1) (AD,-1) (AE,0)
C:(C,0) (B,1) (A,2) (CC,3) (AB,3) (AA,2) (AD,0) (AE,1)
CC:(CC,0) (AB,0) (AA,-1) (AD,-3) (AE,-2)
D:(D,0) (C,1) (B,2) (A,3) (CC,4) (AB,4) (AA,3) (AD,1) (AE,2)
E:(E,0) (D,1) (C,2) (B,3) (A,4) (CC,5) (AB,5) (AA,4) (AD,2) (AE,3)
F:(F,0) (E,1) (D,2) (C,3) (B,4) (A,5) (CC,6) (AB,6) (AA,5) (AD,3) (AE,4)
G:(G,0) (F,1) (E,2) (D,3) (C,4) (B,5) (A,6) (CC,7) (AB,7) (AA,6) (AD,4) (AE,5)
H:(H,0) (G,1) (F,2) (E,3) (D,4) (C,5) (B,6) (A,7) (CC,8) (AB,8) (AA,7) (AD,5) (AE,6)
I:(I,0) (H,1) (G,2) (F,3) (E,4) (D,5) (C,6) (B,7) (A,8) (CC,9) (AB,9) (AA,8) (AD,6) (AE,7)
J:(J,0) (I,1) (H,2) (G,3) (F,4) (E,5) (D,6) (C,7) (B,8) (A,9) (CC,10) (AB,10) (AA,9) (AD,7) (AE,8)
K:(K,0) (J,1) (I,2) (H,3) (G,4) (F,5) (E,6) (D,7) (C,8) (B,9) (A,10) (CC,11) (AB,11) (AA,10) (AD,8) (AE,9)
L:(L,0) (K,1) (J,2) (I,3) (H,4) (G,5) (F,6) (E,7) (D,8) (C,9) (B,10) (A,11) (CC,12) (AB,12) (AA,11) (AD,9) (AE,10)
M:(M,0) (L,1) (K,2) (J,3) (I,4) (H,5) (G,6) (F,7) (E,8) (D,9) (C,10) (B,11) (A,12) (CC,13) (AB,13) (AA,12) (AD,10) (AE,11)
-----
A:(A,0) (CC,1) (AB,1) (AA,0) (AD,-2) (AE,-1)
AA:(AA,0) (AD,-2) (AE,-1) (AB,0) (CC,-5)
AB:(AB,0) (AA,-1) (CC,-6) (AD,-3) (AE,-2)
AD:(AD,0) (AE,1) (AB,2) (AA,1) (CC,-3)
AE:(AE,0) (AB,1) (AA,0) (CC,-5) (AD,-2)
B:(B,0) (A,1) (CC,2) (AB,2) (AA,1) (AD,-1) (AE,0)
C:(C,0) (B,1) (A,2) (CC,3) (AB,3) (AA,2) (AD,0) (AE,1)
CC:(CC,0) (AB,0) (AA,-1) (AD,-3) (AE,-2)
D:(D,0) (C,1) (B,2) (A,3) (CC,4) (AB,4) (AA,3) (AD,1) (AE,2)
E:(E,0) (D,1) (C,2) (B,3) (A,4) (CC,5) (AB,5) (AA,4) (AD,2) (AE,3)
F:(F,0) (E,1) (D,2) (C,3) (B,4) (A,5) (CC,6) (AB,6) (AA,5) (AD,3) (AE,4)
G:(G,0) (F,1) (E,2) (D,3) (C,4) (B,5) (A,6) (CC,7) (AB,7) (AA,6) (AD,4) (AE,5)
H:(H,0) (G,1) (F,2) (E,3) (D,4) (C,5) (B,6) (A,7) (CC,8) (AB,8) (AA,7) (AD,5) (AE,6)
I:(I,0) (H,1) (G,2) (F,3) (E,4) (D,5) (C,6) (B,7) (A,8) (CC,9) (AB,9) (AA,8) (AD,6) (AE,7)
J:(J,0) (I,1) (H,2) (G,3) (F,4) (E,5) (D,6) (C,7) (B,8) (A,9) (CC,10) (AB,10) (AA,9) (AD,7) (AE,8)
K:(K,0) (J,1) (I,2) (H,3) (G,4) (F,5) (E,6) (D,7) (C,8) (B,9) (A,10) (CC,11) (AB,11) (AA,10) (AD,8) (AE,9)
L:(L,0) (K,1) (J,2) (I,3) (H,4) (G,5) (F,6) (E,7) (D,8) (C,9) (B,10) (A,11) (CC,12) (AB,12) (AA,11) (AD,9) (AE,10)
M:(M,0) (L,1) (K,2) (J,3) (I,4) (H,5) (G,6) (F,7) (E,8) (D,9) (C,10) (B,11) (A,12) (CC,13) (AB,13) (AA,12) (AD,10) (AE,11)
-----
A:(A,0) (CC,1) (AB,1) (AA,0) (AD,-2) (AE,-1)
AA:(AA,0) (AD,-2) (AE,-1) (AB,0) (CC,-5)
AB:(AB,0) (AA,-1) (CC,-6) (AD,-3) (AE,-2)
AD:(AD,0) (AE,1) (AB,2) (AA,1) (CC,-4)
AE:(AE,0) (AB,1) (AA,0) (CC,-5) (AD,-2)
B:(B,0) (A,1) (CC,2) (AB,2) (AA,1) (AD,-1) (AE,0)
C:(C,0) (B,1) (A,2) (CC,3) (AB,3) (AA,2) (AD,0) (AE,1)
CC:(CC,0) (AB,0) (AA,-1) (AD,-3) (AE,-2)
D:(D,0) (C,1) (B,2) (A,3) (CC,4) (AB,4) (AA,3) (AD,1) (AE,2)
E:(E,0) (D,1) (C,2) (B,3) (A,4) (CC,5) (AB,5) (AA,4) (AD,2) (AE,3)
F:(F,0) (E,1) (D,2) (C,3) (B,4) (A,5) (CC,6) (AB,6) (AA,5) (AD,3) (AE,4)
G:(G,0) (F,1) (E,2) (D,3) (C,4) (B,5) (A,6) (CC,7) (AB,7) (AA,6) (AD,4) (AE,5)
H:(H,0) (G,1) (F,2) (E,3) (D,4) (C,5) (B,6) (A,7) (CC,8) (AB,8) (AA,7) (AD,5) (AE,6)
I:(I,0) (H,1) (G,2) (F,3) (E,4) (D,5) (C,6) (B,7) (A,8) (CC,9) (AB,9) (AA,8) (AD,6) (AE,7)
J:(J,0) (I,1) (H,2) (G,3) (F,4) (E,5) (D,6) (C,7) (B,8) (A,9) (CC,10) (AB,10) (AA,9) (AD,7) (AE,8)
K:(K,0) (J,1) (I,2) (H,3) (G,4) (F,5) (E,6) (D,7) (C,8) (B,9) (A,10) (CC,11) (AB,11) (AA,10) (AD,8) (AE,9)
L:(L,0) (K,1) (J,2) (I,3) (H,4) (G,5) (F,6) (E,7) (D,8) (C,9) (B,10) (A,11) (CC,12) (AB,12) (AA,11) (AD,9) (AE,10)
M:(M,0) (L,1) (K,2) (J,3) (I,4) (H,5) (G,6) (F,7) (E,8) (D,9) (C,10) (B,11) (A,12) (CC,13) (AB,13) (AA,12) (AD,10) (AE,11)
-----
A:(A,0) (CC,1) (AB,1) (AA,0) (AD,-2) (AE,-1)
AA:(AA,0) (AD,-2) (AE,-1) (AB,0) (CC,-6)
AB:(AB,0) (AA,-1) (CC,-7) (AD,-3) (AE,-2)
AD:(AD,0) (AE,1) (AB,2) (AA,1) (CC,-4)
AE:(AE,0) (AB,1) (AA,0) (CC,-6) (AD,-2)
B:(B,0) (A,1) (CC,2) (AB,2) (AA,1) (AD,-1) (AE,0)
C:(C,0) (B,1) (A,2) (CC,3) (AB,3) (AA,2) (AD,0) (AE,1)
CC:(CC,0) (AB,0) (AA,-1) (AD,-3) (AE,-2)
D:(D,0) (C,1) (B,2) (A,3) (CC,4) (AB,4) (AA,3) (AD,1) (AE,2)
E:(E,0) (D,1) (C,2) (B,3) (A,4) (CC,5) (AB,5) (AA,4) (AD,2) (AE,3)
F:(F,0) (E,1) (D,2) (C,3) (B,4) (A,5) (CC,6) (AB,6) (AA,5) (AD,3) (AE,4)
G:(G,0) (F,1) (E,2) (D,3) (C,4) (B,5) (A,6) (CC,7) (AB,7) (AA,6) (AD,4) (AE,5)
H:(H,0) (G,1) (F,2) (E,3) (D,4) (C,5) (B,6) (A,7) (CC,8) (AB,8) (AA,7) (AD,5) (AE,6)
I:(I,0) (H,1) (G,2) (F,3) (E,4) (D,5) (C,6) (B,7) (A,8) (CC,9) (AB,9) (AA,8) (AD,6) (AE,7)
J:(J,0) (I,1) (H,2) (G,3) (F,4) (E,5) (D,6) (C,7) (B,8) (A,9) (CC,10) (AB,10) (AA,9) (AD,7) (AE,8)
K:(K,0) (J,1) (I,2) (H,3) (G,4) (F,5) (E,6) (D,7) (C,8) (B,9) (A,10) (CC,11) (AB,11) (AA,10) (AD,8) (AE,9)
L:(L,0) (K,1) (J,2) (I,3) (H,4) (G,5) (F,6) (E,7) (D,8) (C,9) (B,10) (A,11) (CC,12) (AB,12) (AA,11) (AD,9) (AE,10)
M:(M,0) (L,1) (K,2) (J,3) (I,4) (H,5) (G,6) (F,7) (E,8) (D,9) (C,10) (B,11) (A,12) (CC,13) (AB,13) (AA,12) (AD,10) (AE,11)
-----
A:(A,0) (CC,1) (AB,1) (AA,0) (AD,-2) (AE,-1)
AA:(AA,0) (AD,-2) (AE,-1) (AB,0) (CC,-6)
AB:(AB,0) (AA,-1) (CC,-7) (AD,-3) (AE,-2)
AD:(AD,0) (AE,1) (AB,2) (AA,1) (CC,-5)
AE:(AE,0) (AB,1) (AA,0) (CC,-6) (AD,-2)
B:(B,0) (A,1) (CC,2) (AB,2) (AA,1) (AD,-1) (AE,0)
C:(C,0) (B,1) (A,2) (CC,3) (AB,3) (AA,2) (AD,0) (AE,1)
CC:(CC,0) (AB,0) (AA,-1) (AD,-3) (AE,-2)
D:(D,0) (C,1) (B,2) (A,3) (CC,4) (AB,4) (AA,3) (AD,1) (AE,2)
E:(E,0) (D,1) (C,2) (B,3) (A,4) (CC,5) (AB,5) (AA,4) (AD,2) (AE,3)
F:(F,0) (E,1) (D,2) (C,3) (B,4) (A,5) (CC,6) (AB,6) (AA,5) (AD,3) (AE,4)
G:(G,0) (F,1) (E,2) (D,3) (C,4) (B,5) (A,6) (CC,7) (AB,7) (AA,6) (AD,4) (AE,5)
H:(H,0) (G,1) (F,2) (E,3) (D,4) (C,5) (B,6) (A,7) (CC,8) (AB,8) (AA,7) (AD,5) (AE,6)
I:(I,0) (H,1) (G,2) (F,3) (E,4) (D,5) (C,6) (B,7) (A,8) (CC,9) (AB,9) (AA,8) (AD,6) (AE,7)
J:(J,0) (I,1) (H,2) (G,3) (F,4) (E,5) (D,6) (C,7) (B,8) (A,9) (CC,10) (AB,10) (AA,9) (AD,7) (AE,8)
K:(K,0) (J,1) (I,2) (H,3) (G,4) (F,5) (E,6) (D,7) (C,8) (B,9) (A,10) (CC,11) (AB,11) (AA,10) (AD,8) (AE,9)
L:(L,0) (K,1) (J,2) (I,3) (H,4) (G,5) (F,6) (E,7) (D,8) (C,9) (B,10) (A,11) (CC,12) (AB,12) (AA,11) (AD,9) (AE,10)
M:(M,0) (L,1) (K,2) (J,3) (I,4) (H,5) (G,6) (F,7) (E,8) (D,9) (C,10) (B,11) (A,12) (CC,13) (AB,13) (AA,12) (AD,10) (AE,11)
-----
A:(A,0) (CC,1) (AB,1) (AA,0) (AD,-2) (AE,-1)
AA:(AA,0) (AD,-2) (AE,-1) (AB,0) (CC,-7)
AB:(AB,0) (AA,-1) (CC,-8) (AD,-3) (AE,-2)
AD:(AD,0) (AE,1) (AB,2) (AA,1) (CC,-5)
AE:(AE,0) (AB,1) (AA,0) (CC,-7) (AD,-2)
B:(B,0) (A,1) (CC,2) (AB,2) (AA,1) (AD,-1) (AE,0)
C:(C,0) (B,1) (A,2) (CC,3) (AB,3) (AA,2) (AD,0) (AE,1)
CC:(CC,0) (AB,0) (AA,-1) (AD,-3) (AE,-2)
D:(D,0) (C,1) (B,2) (A,3) (CC,4) (AB,4) (AA,3) (AD,1) (AE,2)
E:(E,0) (D,1) (C,2) (B,3) (A,4) (CC,5) (AB,5) (AA,4) (AD,2) (AE,3)
F:(F,0) (E,1) (D,2) (C,3) (B,4) (A,5) (CC,6) (AB,6) (AA,5) (AD,3) (AE,4)
G:(G,0) (F,1) (E,2) (D,3) (C,4) (B,5) (A,6) (CC,7) (AB,7) (AA,6) (AD,4) (AE,5)
H:(H,0) (G,1) (F,2) (E,3) (D,4) (C,5) (B,6) (A,7) (CC,8) (AB,8) (AA,7) (AD,5) (AE,6)
I:(I,0) (H,1) (G,2) (F,3) (E,4) (D,5) (C,6) (B,7) (A,8) (CC,9) (AB,9) (AA,8) (AD,6) (AE,7)
J:(J,0) (I,1) (H,2) (G,3) (F,4) (E,5) (D,6) (C,7) (B,8) (A,9) (CC,10) (AB,10) (AA,9) (AD,7) (AE,8)
K:(K,0) (J,1) (I,2) (H,3) (G,4) (F,5) (E,6) (D,7) (C,8) (B,9) (A,10) (CC,11) (AB,11) (AA,10) (AD,8) (AE,9)
L:(L,0) (K,1) (J,2) (I,3) (H,4) (G,5) (F,6) (E,7) (D,8) (C,9) (B,10) (A,11) (CC,12) (AB,12) (AA,11) (AD,9) (AE,10)
M:(M,0) (L,1) (K,2) (J,3) (I,4) (H,5) (G,6) (F,7) (E,8) (D,9) (C,10) (B,11) (A,12) (CC,13) (AB,13) (AA,12) (AD,10) (AE,11)
-----
A:(A,0) (CC,1) (AB,1) (AA,0) (AD,-2) (AE,-1)
AA:(AA,0) (AD,-2) (AE,-1) (AB,0) (CC,-7)
AB:(AB,0) (AA,-1) (CC,-8) (AD,-3) (AE,-2)
AD:(AD,0) (AE,1) (AB,2) (AA,1) (CC,-6)
AE:(AE,0) (AB,1) (AA,0) (CC,-7) (AD,-2)
B:(B,0) (A,1) (CC,2) (AB,2) (AA,1) (AD,-1) (AE,0)
C:(C,0) (B,1) (A,2) (CC,3) (AB,3) (AA,2) (AD,0) (AE,1)
CC:(CC,0) (AB,0) (AA,-1) (AD,-3) (AE,-2)
D:(D,0) (C,1) (B,2) (A,3) (CC,4) (AB,4) (AA,3) (AD,1) (AE,2)
E:(E,0) (D,1) (C,2) (B,3) (A,4) (CC,5) (AB,5) (AA,4) (AD,2) (AE,3)
F:(F,0) (E,1) (D,2) (C,3) (B,4) (A,5) (CC,6) (AB,6) (AA,5) (AD,3) (AE,4)
G:(G,0) (F,1) (E,2) (D,3) (C,4) (B,5) (A,6) (CC,7) (AB,7) (AA,6) (AD,4) (AE,5)
H:(H,0) (G,1) (F,2) (E,3) (D,4) (C,5) (B,6) (A,7) (CC,8) (AB,8) (AA,7) (AD,5) (AE,6)
I:(I,0) (H,1) (G,2) (F,3) (E,4) (D,5) (C,6) (B,7) (A,8) (CC,9) (AB,9) (AA,8) (AD,6) (AE,7)
J:(J,0) (I,1) (H,2) (G,3) (F,4) (E,5) (D,6) (C,7) (B,8) (A,9) (CC,10) (AB,10) (AA,9) (AD,7) (AE,8)
K:(K,0) (J,1) (I,2) (H,3) (G,4) (F,5) (E,6) (D,7) (C,8) (B,9) (A,10) (CC,11) (AB,11) (AA,10) (AD,8) (AE,9)
L:(L,0) (K,1) (J,2) (I,3) (H,4) (G,5) (F,6) (E,7) (D,8) (C,9) (B,10) (A,11) (CC,12) (AB,12) (AA,11) (AD,9) (AE,10)
M:(M,0) (L,1) (K,2) (J,3) (I,4) (H,5) (G,6) (F,7) (E,8) (D,9) (C,10) (B,11) (A,12) (CC,13) (AB,13) (AA,12) (AD,10) (AE,11)
-----
A:(A,0) (CC,1) (AB,1) (AA,0) (AD,-2) (AE,-1)
AA:(AA,0) (AD,-2) (AE,-1) (AB,0) (CC,-8)
AB:(AB,0) (AA,-1) (CC,-9) (AD,-3) (AE,-2)
AD:(AD,0) (AE,1) (AB,2) (AA,1) (CC,-6)
AE:(AE,0) (AB,1) (AA,0) (CC,-8) (AD,-2)
B:(B,0) (A,1) (CC,2) (AB,2) (AA,1) (AD,-1) (AE,0)
C:(C,0) (B,1) (A,2) (CC,3) (AB,3) (AA,2) (AD,0) (AE,1)
CC:(CC,0) (AB,0) (AA,-1) (AD,-3) (AE,-2)
D:(D,0) (C,1) (B,2) (A,3) (CC,4) (AB,4) (AA,3) (AD,1) (AE,2)
E:(E,0) (D,1) (C,2) (B,3) (A,4) (CC,5) (AB,5) (AA,4) (AD,2) (AE,3)
F:(F,0) (E,1) (D,2) (C,3) (B,4) (A,5) (CC,6) (AB,6) (AA,5) (AD,3) (AE,4)
G:(G,0) (F,1) (E,2) (D,3) (C,4) (B,5) (A,6) (CC,7) (AB,7) (AA,6) (AD,4) (AE,5)
H:(H,0) (G,1) (F,2) (E,3) (D,4) (C,5) (B,6) (A,7) (CC,8) (AB,8) (AA,7) (AD,5) (AE,6)
I:(I,0) (H,1) (G,2) (F,3) (E,4) (D,5) (C,6) (B,7) (A,8) (CC,9) (AB,9) (AA,8) (AD,6) (AE,7)
J:(J,0) (I,1) (H,2) (G,3) (F,4) (E,5) (D,6) (C,7) (B,8) (A,9) (CC,10) (AB,10) (AA,9) (AD,7) (AE,8)
K:(K,0) (J,1) (I,2) (H,3) (G,4) (F,5) (E,6) (D,7) (C,8) (B,9) (A,10) (CC,11) (AB,11) (AA,10) (AD,8) (AE,9)
L:(L,0) (K,1) (J,2) (I,3) (H,4) (G,5) (F,6) (E,7) (D,8) (C,9) (B,10) (A,11) (CC,12) (AB,12) (AA,11) (AD,9) (AE,10)
M:(M,0) (L,1) (K,2) (J,3) (I,4) (H,5) (G,6) (F,7) (E,8) (D,9) (C,10) (B,11) (A,12) (CC,13) (AB,13) (AA,12) (AD,10) (AE,11)
-----
A:(A,0) (CC,1) (AB,1) (AA,0) (AD,-2) (AE,-1)
AA:(AA,0) (AD,-2) (AE,-1) (AB,0) (CC,-8)
AB:(AB,0) (AA,-1) (CC,-9) (AD,-3) (AE,-2)
AD:(AD,0) (AE,1) (AB,2) (AA,1) (CC,-7)
AE:(AE,0) (AB,1) (AA,0) (CC,-8) (AD,-2)
B:(B,0) (A,1) (CC,2) (AB,2) (AA,1) (AD,-1) (AE,0)
C:(C,0) (B,1) (A,2) (CC,3) (AB,3) (AA,2) (AD,0) (AE,1)
CC:(CC,0) (AB,0) (AA,-1) (AD,-3) (AE,-2)
D:(D,0) (C,1) (B,2) (A,3) (CC,4) (AB,4) (AA,3) (AD,1) (AE,2)
E:(E,0) (D,1) (C,2) (B,3) (A,4) (CC,5) (AB,5) (AA,4) (AD,2) (AE,3)
F:(F,0) (E,1) (D,2) (C,3) (B,4) (A,5) (CC,6) (AB,6) (AA,5) (AD,3) (AE,4)
G:(G,0) (F,1) (E,2) (D,3) (C,4) (B,5) (A,6) (CC,7) (AB,7) (AA,6) (AD,4) (AE,5)
H:(H,0) (G,1) (F,2) (E,3) (D,4) (C,5) (B,6) (A,7) (CC,8) (AB,8) (AA,7) (AD,5) (AE,6)
I:(I,0) (H,1) (G,2) (F,3) (E,4) (D,5) (C,6) (B,7) (A,8) (CC,9) (AB,9) (AA,8) (AD,6) (AE,7)
J:(J,0) (I,1) (H,2) (G,3) (F,4) (E,5) (D,6) (C,7) (B,8) (A,9) (CC,10) (AB,10) (AA,9) (AD,7) (AE,8)
K:(K,0) (J,1) (I,2) (H,3) (G,4) (F,5) (E,6) (D,7) (C,8) (B,9) (A,10) (CC,11) (AB,11) (AA,10) (AD,8) (AE,9)
L:(L,0) (K,1) (J,2) (I,3) (H,4) (G,5) (F,6) (E,7) (D,8) (C,9) (B,10) (A,11) (CC,12) (AB,12) (AA,11) (AD,9) (AE,10)
M:(M,0) (L,1) (K,2) (J,3) (I,4) (H,5) (G,6) (F,7) (E,8) (D,9) (C,10) (B,11) (A,12) (CC,13) (AB,13) (AA,12) (AD,10) (AE,11)
-----
A:(A,0) (CC,1) (AB,1) (AA,0) (AD,-2) (AE,-1)
AA:(AA,0) (AD,-2) (AE,-1) (AB,0) (CC,-9)
AB:(AB,0) (AA,-1) (CC,-10) (AD,-3) (AE,-2)
AD:(AD,0) (AE,1) (AB,2) (AA,1) (CC,-7)
AE:(AE,0) (AB,1) (AA,0) (CC,-9) (AD,-2)
B:(B,0) (A,1) (CC,2) (AB,2) (AA,1) (AD,-1) (AE,0)
C:(C,0) (B,1) (A,2) (CC,3) (AB,3) (AA,2) (AD,0) (AE,1)
CC:(CC,0) (AB,0) (AA,-1) (AD,-3) (AE,-2)
D:(D,0) (C,1) (B,2) (A,3) (CC,4) (AB,4) (AA,3) (AD,1) (AE,2)
E:(E,0) (D,1) (C,2) (B,3) (A,4) (CC,5) (AB,5) (AA,4) (AD,2) (AE,3)
F:(F,0) (E,1) (D,2) (C,3) (B,4) (A,5) (CC,6) (AB,6) (AA,5) (AD,3) (AE,4)
G:(G,0) (F,1) (E,2) (D,3) (C,4) (B,5) (A,6) (CC,7) (AB,7) (AA,6) (AD,4) (AE,5)
H:(H,0) (G,1) (F,2) (E,3) (D,4) (C,5) (B,6) (A,7) (CC,8) (AB,8) (AA,7) (AD,5) (AE,6)
I:(I,0) (H,1) (G,2) (F,3) (E,4) (D,5) (C,6) (B,7) (A,8) (CC,9) (AB,9) (AA,8) (AD,6) (AE,7)
J:(J,0) (I,1) (H,2) (G,3) (F,4) (E,5) (D,6) (C,7) (B,8) (A,9) (CC,10) (AB,10) (AA,9) (AD,7) (AE,8)
K:(K,0) (J,1) (I,2) (H,3) (G,4) (F,5) (E,6) (D,7) (C,8) (B,9) (A,10) (CC,11) (AB,11) (AA,10) (AD,8) (AE,9)
L:(L,0) (K,1) (J,2) (I,3) (H,4) (G,5) (F,6) (E,7) (D,8) (C,9) (B,10) (A,11) (CC,12) (AB,12) (AA,11) (AD,9) (AE,10)
M:(M,0) (L,1) (K,2) (J,3) (I,4) (H,5) (G,6) (F,7) (E,8) (D,9) (C,10) (B,11) (A,12) (CC,13) (AB,13) (AA,12) (AD,10) (AE,11)
-----
A:(A,0) (CC,1) (AB,1) (AA,0) (AD,-2) (AE,-1)
AA:(AA,0) (AD,-2) (AE,-1) (AB,0) (CC,-9)
AB:(AB,0) (AA,-1) (CC,-10) (AD,-3) (AE,-2)
AD:(AD,0) (AE,1) (AB,2) (AA,1) (CC,-8)
AE:(AE,0) (AB,1) (AA,0) (CC,-9) (AD,-2)
B:(B,0) (A,1) (CC,2) (AB,2) (AA,1) (AD,-1) (AE,0)
C:(C,0) (B,1) (A,2) (CC,3) (AB,3) (AA,2) (AD,0) (AE,1)
CC:(CC,0) (AB,0) (AA,-1) (AD,-3) (AE,-2)
D:(D,0) (C,1) (B,2) (A,3) (CC,4) (AB,4) (AA,3) (AD,1) (AE,2)
E:(E,0) (D,1) (C,2) (B,3) (A,4) (CC,5) (AB,5) (AA,4) (AD,2) (AE,3)
F:(F,0) (E,1) (D,2) (C,3) (B,4) (A,5) (CC,6) (AB,6) (AA,5) (AD,3) (AE,4)
G:(G,0) (F,1) (E,2) (D,3) (C,4) (B,5) (A,6) (CC,7) (AB,7) (AA,6) (AD,4) (AE,5)
H:(H,0) (G,1) (F,2) (E,3) (D,4) (C,5) (B,6) (A,7) (CC,8) (AB,8) (AA,7) (AD,5) (AE,6)
I:(I,0) (H,1) (G,2) (F,3) (E,4) (D,5) (C,6) (B,7) (A,8) (CC,9) (AB,9) (AA,8) (AD,6) (AE,7)
J:(J,0) (I,1) (H,2) (G,3) (F,4) (E,5) (D,6) (C,7) (B,8) (A,9) (CC,10) (AB,10) (AA,9) (AD,7) (AE,8)
K:(K,0) (J,1) (I,2) (H,3) (G,4) (F,5) (E,6) (D,7) (C,8) (B,9) (A,10) (CC,11) (AB,11) (AA,10) (AD,8) (AE,9)
L:(L,0) (K,1) (J,2) (I,3) (H,4) (G,5) (F,6) (E,7) (D,8) (C,9) (B,10) (A,11) (CC,12) (AB,12) (AA,11) (AD,9) (AE,10)
M:(M,0) (L,1) (K,2) (J,3) (I,4) (H,5) (G,6) (F,7) (E,8) (D,9) (C,10) (B,11) (A,12) (CC,13) (AB,13) (AA,12) (AD,10) (AE,11)
-----
A:(A,0) (CC,1) (AB,1) (AA,0) (AD,-2) (AE,-1)
AA:(AA,0) (AD,-2) (AE,-1) (AB,0) (CC,-10)
AB:(AB,0) (AA,-1) (CC,-11) (AD,-3) (AE,-2)
AD:(AD,0) (AE,1) (AB,2) (AA,1) (CC,-8)
AE:(AE,0) (AB,1) (AA,0) (CC,-10) (AD,-2)
B:(B,0) (A,1) (CC,2) (AB,2) (AA,1) (AD,-1) (AE,0)
C:(C,0) (B,1) (A,2) (CC,3) (AB,3) (AA,2) (AD,0) (AE,1)
CC:(CC,0) (AB,0) (AA,-1) (AD,-3) (AE,-2)
D:(D,0) (C,1) (B,2) (A,3) (CC,4) (AB,4) (AA,3) (AD,1) (AE,2)
E:(E,0) (D,1) (C,2) (B,3) (A,4) (CC,5) (AB,5) (AA,4) (AD,2) (AE,3)
F:(F,0) (E,1) (D,2) (C,3) (B,4) (A,5) (CC,6) (AB,6) (AA,5) (AD,3) (AE,4)
G:(G,0) (F,1) (E,2) (D,3) (C,4) (B,5) (A,6) (CC,7) (AB,7) (AA,6) (AD,4) (AE,5)
H:(H,0) (G,1) (F,2) (E,3) (D,4) (C,5) (B,6) (A,7) (CC,8) (AB,8) (AA,7) (AD,5) (AE,6)
I:(I,0) (H,1) (G,2) (F,3) (E,4) (D,5) (C,6) (B,7) (A,8) (CC,9) (AB,9) (AA,8) (AD,6) (AE,7)
J:(J,0) (I,1) (H,2) (G,3) (F,4) (E,5) (D,6) (C,7) (B,8) (A,9) (CC,10) (AB,10) (AA,9) (AD,7) (AE,8)
K:(K,0) (J,1) (I,2) (H,3) (G,4) (F,5) (E,6) (D,7) (C,8) (B,9) (A,10) (CC,11) (AB,11) (AA,10) (AD,8) (AE,9)
L:(L,0) (K,1) (J,2) (I,3) (H,4) (G,5) (F,6) (E,7) (D,8) (C,9) (B,10) (A,11) (CC,12) (AB,12) (AA,11) (AD,9) (AE,10)
M:(M,0) (L,1) (K,2) (J,3) (I,4) (H,5) (G,6) (F,7) (E,8) (D,9) (C,10) (B,11) (A,12) (CC,13) (AB,13) (AA,12) (AD,10) (AE,11)
-----
A:(A,0) (CC,1) (AB,1) (AA,0) (AD,-2) (AE,-1)
AA:(AA,0) (AD,-2) (AE,-1) (AB,0) (CC,-10)
AB:(AB,0) (AA,-1) (CC,-11) (AD,-3) (AE,-2)
AD:(AD,0) (AE,1) (AB,2) (AA,1) (CC,-9)
AE:(AE,0) (AB,1) (AA,0) (CC,-10) (AD,-2)
B:(B,0) (A,1) (CC,2) (AB,2) (AA,1) (AD,-1) (AE,0)
C:(C,0) (B,1) (A,2) (CC,3) (AB,3) (AA,2) (AD,0) (AE,1)
CC:(CC,0) (AB,0) (AA,-1) (AD,-3) (AE,-2)
D:(D,0) (C,1) (B,2) (A,3) (CC,4) (AB,4) (AA,3) (AD,1) (AE,2)
E:(E,0) (D,1) (C,2) (B,3) (A,4) (CC,5) (AB,5) (AA,4) (AD,2) (AE,3)
F:(F,0) (E,1) (D,2) (C,3) (B,4) (A,5) (CC,6) (AB,6) (AA,5) (AD,3) (AE,4)
G:(G,0) (F,1) (E,2) (D,3) (C,4) (B,5) (A,6) (CC,7) (AB,7) (AA,6) (AD,4) (AE,5)
H:(H,0) (G,1) (F,2) (E,3) (D,4) (C,5) (B,6) (A,7) (CC,8) (AB,8) (AA,7) (AD,5) (AE,6)
I:(I,0) (H,1) (G,2) (F,3) (E,4) (D,5) (C,6) (B,7) (A,8) (CC,9) (AB,9) (AA,8) (AD,6) (AE,7)
J:(J,0) (I,1) (H,2) (G,3) (F,4) (E,5) (D,6) (C,7) (B,8) (A,9) (CC,10) (AB,10) (AA,9) (AD,7) (AE,8)
K:(K,0) (J,1) (I,2) (H,3) (G,4) (F,5) (E,6) (D,7) (C,8) (B,9) (A,10) (CC,11) (AB,11) (AA,10) (AD,8) (AE,9)
L:(L,0) (K,1) (J,2) (I,3) (H,4) (G,5) (F,6) (E,7) (D,8) (C,9) (B,10) (A,11) (CC,12) (AB,12) (AA,11) (AD,9) (AE,10)
M:(M,0) (L,1) (K,2) (J,3) (I,4) (H,5) (G,6) (F,7) (E,8) (D,9) (C,10) (B,11) (A,12) (CC,13) (AB,13) (AA,12) (AD,10) (AE,11)
-----
A:(A,0) (CC,1) (AB,1) (AA,0) (AD,-2) (AE,-1)
AA:(AA,0) (AD,-2) (AE,-1) (AB,0) (CC,-11)
AB:(AB,0) (AA,-1) (CC,-12) (AD,-3) (AE,-2)
AD:(AD,0) (AE,1) (AB,2) (AA,1) (CC,-9)
AE:(AE,0) (AB,1) (AA,0) (CC,-11) (AD,-2)
B:(B,0) (A,1) (CC,2) (AB,2) (AA,1) (AD,-1) (AE,0)
C:(C,0) (B,1) (A,2) (CC,3) (AB,3) (AA,2) (AD,0) (AE,1)
CC:(CC,0) (AB,0) (AA,-1) (AD,-3) (AE,-2)
D:(D,0) (C,1) (B,2) (A,3) (CC,4) (AB,4) (AA,3) (AD,1) (AE,2)
E:(E,0) (D,1) (C,2) (B,3) (A,4) (CC,5) (AB,5) (AA,4) (AD,2) (AE,3)
F:(F,0) (E,1) (D,2) (C,3) (B,4) (A,5) (CC,6) (AB,6) (AA,5) (AD,3) (AE,4)
G:(G,0) (F,1) (E,2) (D,3) (C,4) (B,5) (A,6) (CC,7) (AB,7) (AA,6) (AD,4) (AE,5)
H:(H,0) (G,1) (F,2) (E,3) (D,4) (C,5) (B,6) (A,7) (CC,8) (AB,8) (AA,7) (AD,5) (AE,6)
I:(I,0) (H,1) (G,2) (F,3) (E,4) (D,5) (C,6) (B,7) (A,8) (CC,9) (AB,9) (AA,8) (AD,6) (AE,7)
J:(J,0) (I,1) (H,2) (G,3) (F,4) (E,5) (D,6) (C,7) (B,8) (A,9) (CC,10) (AB,10) (AA,9) (AD,7) (AE,8)
K:(K,0) (J,1) (I,2) (H,3) (G,4) (F,5) (E,6) (D,7) (C,8) (B,9) (A,10) (CC,11) (AB,11) (AA,10) (AD,8) (AE,9)
L:(L,0) (K,1) (J,2) (I,3) (H,4) (G,5) (F,6) (E,7) (D,8) (C,9) (B,10) (A,11) (CC,12) (AB,12) (AA,11) (AD,9) (AE,10)
M:(M,0) (L,1) (K,2) (J,3) (I,4) (H,5) (G,6) (F,7) (E,8) (D,9) (C,10) (B,11) (A,12) (CC,13) (AB,13) (AA,12) (AD,10) (AE,11)
-----
A:(A,0) (CC,1) (AB,1) (AA,0) (AD,-2) (AE,-1)
AA:(AA,0) (AD,-2) (AE,-1) (AB,0) (CC,-11)
AB:(AB,0) (AA,-1) (CC,-12) (AD,-3) (AE,-2)
AD:(AD,0) (AE,1) (AB,2) (AA,1) (CC,-10)
AE:(AE,0) (AB,1) (AA,0) (CC,-11) (AD,-2)
B:(B,0) (A,1) (CC,2) (AB,2) (AA,1) (AD,-1) (AE,0)
C:(C,0) (B,1) (A,2) (CC,3) (AB,3) (AA,2) (AD,0) (AE,1)
CC:(CC,0) (AB,0) (AA,-1) (AD,-3) (AE,-2)
D:(D,0) (C,1) (B,2) (A,3) (CC,4) (AB,4) (AA,3) (AD,1) (AE,2)
E:(E,0) (D,1) (C,2) (B,3) (A,4) (CC,5) (AB,5) (AA,4) (AD,2) (AE,3)
F:(F,0) (E,1) (D,2) (C,3) (B,4) (A,5) (CC,6) (AB,6) (AA,5) (AD,3) (AE,4)
G:(G,0) (F,1) (E,2) (D,3) (C,4) (B,5) (A,6) (CC,7) (AB,7) (AA,6) (AD,4) (AE,5)
H:(H,0) (G,1) (F,2) (E,3) (D,4) (C,5) (B,6) (A,7) (CC,8) (AB,8) (AA,7) (AD,5) (AE,6)
I:(I,0) (H,1) (G,2) (F,3) (E,4) (D,5) (C,6) (B,7) (A,8) (CC,9) (AB,9) (AA,8) (AD,6) (AE,7)
J:(J,0) (I,1) (H,2) (G,3) (F,4) (E,5) (D,6) (C,7) (B,8) (A,9) (CC,10) (AB,10) (AA,9) (AD,7) (AE,8)
K:(K,0) (J,1) (I,2) (H,3) (G,4) (F,5) (E,6) (D,7) (C,8) (B,9) (A,10) (CC,11) (AB,11) (AA,10) (AD,8) (AE,9)
L:(L,0) (K,1) (J,2) (I,3) (H,4) (G,5) (F,6) (E,7) (D,8) (C,9) (B,10) (A,11) (CC,12) (AB,12) (AA,11) (AD,9) (AE,10)
M:(M,0) (L,1) (K,2) (J,3) (I,4) (H,5) (G,6) (F,7) (E,8) (D,9) (C,10) (B,11) (A,12) (CC,13) (AB,13) (AA,12) (AD,10) (AE,11)
-----
A:(A,0) (CC,1) (AB,1) (AA,0) (AD,-2) (AE,-1)
AA:(AA,0) (AD,-2) (AE,-1) (AB,0) (CC,-12)
AB:(AB,0) (AA,-1) (CC,-13) (AD,-3) (AE,-2)
AD:(AD,0) (AE,1) (AB,2) (AA,1) (CC,-10)
AE:(AE,0) (AB,1) (AA,0) (CC,-12) (AD,-2)
B:(B,0) (A,1) (CC,2) (AB,2) (AA,1) (AD,-1) (AE,0)
C:(C,0) (B,1) (A,2) (CC,3) (AB,3) (AA,2) (AD,0) (AE,1)
CC:(CC,0) (AB,0) (AA,-1) (AD,-3) (AE,-2)
D:(D,0) (C,1) (B,2) (A,3) (CC,4) (AB,4) (AA,3) (AD,1) (AE,2)
E:(E,0) (D,1) (C,2) (B,3) (A,4) (CC,5) (AB,5) (AA,4) (AD,2) (AE,3)
F:(F,0) (E,1) (D,2) (C,3) (B,4) (A,5) (CC,6) (AB,6) (AA,5) (AD,3) (AE,4)
G:(G,0) (F,1) (E,2) (D,3) (C,4) (B,5) (A,6) (CC,7) (AB,7) (AA,6) (AD,4) (AE,5)
H:(H,0) (G,1) (F,2) (E,3) (D,4) (C,5) (B,6) (A,7) (CC,8) (AB,8) (AA,7) (AD,5) (AE,6)
I:(I,0) (H,1) (G,2) (F,3) (E,4) (D,5) (C,6) (B,7) (A,8) (CC,9) (AB,9) (AA,8) (AD,6) (AE,7)
J:(J,0) (I,1) (H,2) (G,3) (F,4) (E,5) (D,6) (C,7) (B,8) (A,9) (CC,10) (AB,10) (AA,9) (AD,7) (AE,8)
K:(K,0) (J,1) (I,2) (H,3) (G,4) (F,5) (E,6) (D,7) (C,8) (B,9) (A,10) (CC,11) (AB,11) (AA,10) (AD,8) (AE,9)
L:(L,0) (K,1) (J,2) (I,3) (H,4) (G,5) (F,6) (E,7) (D,8) (C,9) (B,10) (A,11) (CC,12) (AB,12) (AA,11) (AD,9) (AE,10)
M:(M,0) (L,1) (K,2) (J,3) (I,4) (H,5) (G,6) (F,7) (E,8) (D,9) (C,10) (B,11) (A,12) (CC,13) (AB,13) (AA,12) (AD,10) (AE,11)
-----
A:(A,0) (CC,1) (AB,1) (AA,0) (AD,-2) (AE,-1)
AA:(AA,0) (AD,-2) (AE,-1) (AB,0) (CC,-12)
AB:(AB,0) (AA,-1) (CC,-13) (AD,-3) (AE,-2)
AD:(AD,0) (AE,1) (AB,2) (AA,1) (CC,-11)
AE:(AE,0) (AB,1) (AA,0) (CC,-12) (AD,-2)
B:(B,0) (A,1) (CC,2) (AB,2) (AA,1) (AD,-1) (AE,0)
C:(C,0) (B,1) (A,2) (CC,3) (AB,3) (AA,2) (AD,0) (AE,1)
CC:(CC,0) (AB,0) (AA,-1) (AD,-3) (AE,-2)
D:(D,0) (C,1) (B,2) (A,3) (CC,4) (AB,4) (AA,3) (AD,1) (AE,2)
E:(E,0) (D,1) (C,2) (B,3) (A,4) (CC,5) (AB,5) (AA,4) (AD,2) (AE,3)
F:(F,0) (E,1) (D,2) (C,3) (B,4) (A,5) (CC,6) (AB,6) (AA,5) (AD,3) (AE,4)
G:(G,0) (F,1) (E,2) (D,3) (C,4) (B,5) (A,6) (CC,7) (AB,7) (AA,6) (AD,4) (AE,5)
H:(H,0) (G,1) (F,2) (E,3) (D,4) (C,5) (B,6) (A,7) (CC,8) (AB,8) (AA,7) (AD,5) (AE,6)
I:(I,0) (H,1) (G,2) (F,3) (E,4) (D,5) (C,6) (B,7) (A,8) (CC,9) (AB,9) (AA,8) (AD,6) (AE,7)
J:(J,0) (I,1) (H,2) (G,3) (F,4) (E,5) (D,6) (C,7) (B,8) (A,9) (CC,10) (AB,10) (AA,9) (AD,7) (AE,8)
K:(K,0) (J,1) (I,2) (H,3) (G,4) (F,5) (E,6) (D,7) (C,8) (B,9) (A,10) (CC,11) (AB,11) (AA,10) (AD,8) (AE,9)
L:(L,0) (K,1) (J,2) (I,3) (H,4) (G,5) (F,6) (E,7) (D,8) (C,9) (B,10) (A,11) (CC,12) (AB,12) (AA,11) (AD,9) (AE,10)
M:(M,0) (L,1) (K,2) (J,3) (I,4) (H,5) (G,6) (F,7) (E,8) (D,9) (C,10) (B,11) (A,12) (CC,13) (AB,13) (AA,12) (AD,10) (AE,11)
-----
A:(A,0) (CC,1) (AB,1) (AA,0) (AD,-2) (AE,-1)
AA:(AA,0) (AD,-2) (AE,-1) (AB,0) (CC,-13)
AB:(AB,0) (AA,-1) (CC,-14) (AD,-3) (AE,-2)
AD:(AD,0) (AE,1) (AB,2) (AA,1) (CC,-11)
AE:(AE,0) (AB,1) (AA,0) (CC,-13) (AD,-2)
B:(B,0) (A,1) (CC,2) (AB,2) (AA,1) (AD,-1) (AE,0)
C:(C,0) (B,1) (A,2) (CC,3) (AB,3) (AA,2) (AD,0) (AE,1)
CC:(CC,0) (AB,0) (AA,-1) (AD,-3) (AE,-2)
D:(D,0) (C,1) (B,2) (A,3) (CC,4) (AB,4) (AA,3) (AD,1) (AE,2)
E:(E,0) (D,1) (C,2) (B,3) (A,4) (CC,5) (AB,5) (AA,4) (AD,2) (AE,3)
F:(F,0) (E,1) (D,2) (C,3) (B,4) (A,5) (CC,6) (AB,6) (AA,5) (AD,3) (AE,4)
G:(G,0) (F,1) (E,2) (D,3) (C,4) (B,5) (A,6) (CC,7) (AB,7) (AA,6) (AD,4) (AE,5)
H:(H,0) (G,1) (F,2) (E,3) (D,4) (C,5) (B,6) (A,7) (CC,8) (AB,8) (AA,7) (AD,5) (AE,6)
I:(I,0) (H,1) (G,2) (F,3) (E,4) (D,5) (C,6) (B,7) (A,8) (CC,9) (AB,9) (AA,8) (AD,6) (AE,7)
J:(J,0) (I,1) (H,2) (G,3) (F,4) (E,5) (D,6) (C,7) (B,8) (A,9) (CC,10) (AB,10) (AA,9) (AD,7) (AE,8)
K:(K,0) (J,1) (I,2) (H,3) (G,4) (F,5) (E,6) (D,7) (C,8) (B,9) (A,10) (CC,11) (AB,11) (AA,10) (AD,8) (AE,9)
L:(L,0) (K,1) (J,2) (I,3) (H,4) (G,5) (F,6) (E,7) (D,8) (C,9) (B,10) (A,11) (CC,12) (AB,12) (AA,11) (AD,9) (AE,10)
M:(M,0) (L,1) (K,2) (J,3) (I,4) (H,5) (G,6) (F,7) (E,8) (D,9) (C,10) (B,11) (A,12) (CC,13) (AB,13) (AA,12) (AD,10) (AE,11)
-----
A:(A,0) (CC,1) (AB,1) (AA,0) (AD,-2) (AE,-1)
AA:(AA,0) (AD,-2) (AE,-1) (AB,0) (CC,-13)
AB:(AB,0) (AA,-1) (CC,-14) (AD,-3) (AE,-2)
AD:(AD,0) (AE,1) (AB,2) (AA,1) (CC,-12)
AE:(AE,0) (AB,1) (AA,0) (CC,-13) (AD,-2)
B:(B,0) (A,1) (CC,2) (AB,2) (AA,1) (AD,-1) (AE,0)
C:(C,0) (B,1) (A,2) (CC,3) (AB,3) (AA,2) (AD,0) (AE,1)
CC:(CC,0) (AB,0) (AA,-1) (AD,-3) (AE,-2)
D:(D,0) (C,1) (B,2) (A,3) (CC,4) (AB,4) (AA,3) (AD,1) (AE,2)
E:(E,0) (D,1) (C,2) (B,3) (A,4) (CC,5) (AB,5) (AA,4) (AD,2) (AE,3)
F:(F,0) (E,1) (D,2) (C,3) (B,4) (A,5) (CC,6) (AB,6) (AA,5) (AD,3) (AE,4)
G:(G,0) (F,1) (E,2) (D,3) (C,4) (B,5) (A,6) (CC,7) (AB,7) (AA,6) (AD,4) (AE,5)
H:(H,0) (G,1) (F,2) (E,3) (D,4) (C,5) (B,6) (A,7) (CC,8) (AB,8) (AA,7) (AD,5) (AE,6)
I:(I,0) (H,1) (G,2) (F,3) (E,4) (D,5) (C,6) (B,7) (A,8) (CC,9) (AB,9) (AA,8) (AD,6) (AE,7)
J:(J,0) (I,1) (H,2) (G,3) (F,4) (E,5) (D,6) (C,7) (B,8) (A,9) (CC,10) (AB,10) (AA,9) (AD,7) (AE,8)
K:(K,0) (J,1) (I,2) (H,3) (G,4) (F,5) (E,6) (D,7) (C,8) (B,9) (A,10) (CC,11) (AB,11) (AA,10) (AD,8) (AE,9)
L:(L,0) (K,1) (J,2) (I,3) (H,4) (G,5) (F,6) (E,7) (D,8) (C,9) (B,10) (A,11) (CC,12) (AB,12) (AA,11) (AD,9) (AE,10)
M:(M,0) (L,1) (K,2) (J,3) (I,4) (H,5) (G,6) (F,7) (E,8) (D,9) (C,10) (B,11) (A,12) (CC,13) (AB,13) (AA,12) (AD,10) (AE,11)
-----
A:(A,0) (CC,1) (AB,1) (AA,0) (AD,-2) (AE,-1)
AA:(AA,0) (AD,-2) (AE,-1) (AB,0) (CC,-14)
AB:(AB,0) (AA,-1) (CC,-15) (AD,-3) (AE,-2)
AD:(AD,0) (AE,1) (AB,2) (AA,1) (CC,-12)
AE:(AE,0) (AB,1) (AA,0) (CC,-14) (AD,-2)
B:(B,0) (A,1) (CC,2) (AB,2) (AA,1) (AD,-1) (AE,0)
C:(C,0) (B,1) (A,2) (CC,3) (AB,3) (AA,2) (AD,0) (AE,1)
CC:(CC,0) (AB,0) (AA,-1) (AD,-3) (AE,-2)
D:(D,0) (C,1) (B,2) (A,3) (CC,4) (AB,4) (AA,3) (AD,1) (AE,2)
E:(E,0) (D,1) (C,2) (B,3) (A,4) (CC,5) (AB,5) (AA,4) (AD,2) (AE,3)
F:(F,0) (E,1) (D,2) (C,3) (B,4) (A,5) (CC,6) (AB,6) (AA,5) (AD,3) (AE,4)
G:(G,0) (F,1) (E,2) (D,3) (C,4) (B,5) (A,6) (CC,7) (AB,7) (AA,6) (AD,4) (AE,5)
H:(H,0) (G,1) (F,2) (E,3) (D,4) (C,5) (B,6) (A,7) (CC,8) (AB,8) (AA,7) (AD,5) (AE,6)
I:(I,0) (H,1) (G,2) (F,3) (E,4) (D,5) (C,6) (B,7) (A,8) (CC,9) (AB,9) (AA,8) (AD,6) (AE,7)
J:(J,0) (I,1) (H,2) (G,3) (F,4) (E,5) (D,6) (C,7) (B,8) (A,9) (CC,10) (AB,10) (AA,9) (AD,7) (AE,8)
K:(K,0) (J,1) (I,2) (H,3) (G,4) (F,5) (E,6) (D,7) (C,8) (B,9) (A,10) (CC,11) (AB,11) (AA,10) (AD,8) (AE,9)
L:(L,0) (K,1) (J,2) (I,3) (H,4) (G,5) (F,6) (E,7) (D,8) (C,9) (B,10) (A,11) (CC,12) (AB,12) (AA,11) (AD,9) (AE,10)
M:(M,0) (L,1) (K,2) (J,3) (I,4) (H,5) (G,6) (F,7) (E,8) (D,9) (C,10) (B,11) (A,12) (CC,13) (AB,13) (AA,12) (AD,10) (AE,11)
-----
A:(A,0) (CC,1) (AB,1) (AA,0) (AD,-2) (AE,-1)
AA:(AA,0) (AD,-2) (AE,-1) (AB,0) (CC,-14)
AB:(AB,0) (AA,-1) (CC,-15) (AD,-3) (AE,-2)
AD:(AD,0) (AE,1) (AB,2) (AA,1) (CC,-13)
AE:(AE,0) (AB,1) (AA,0) (CC,-14) (AD,-2)
B:(B,0) (A,1) (CC,2) (AB,2) (AA,1) (AD,-1) (AE,0)
C:(C,0) (B,1) (A,2) (CC,3) (AB,3) (AA,2) (AD,0) (AE,1)
CC:(CC,0) (AB,0) (AA,-1) (AD,-3) (AE,-2)
D:(D,0) (C,1) (B,2) (A,3) (CC,4) (AB,4) (AA,3) (AD,1) (AE,2)
E:(E,0) (D,1) (C,2) (B,3) (A,4) (CC,5) (AB,5) (AA,4) (AD,2) (AE,3)
F:(F,0) (E,1) (D,2) (C,3) (B,4) (A,5) (CC,6) (AB,6) (AA,5) (AD,3) (AE,4)
G:(G,0) (F,1) (E,2) (D,3) (C,4) (B,5) (A,6) (CC,7) (AB,7) (AA,6) (AD,4) (AE,5)
H:(H,0) (G,1) (F,2) (E,3) (D,4) (C,5) (B,6) (A,7) (CC,8) (AB,8) (AA,7) (AD,5) (AE,6)
I:(I,0) (H,1) (G,2) (F,3) (E,4) (D,5) (C,6) (B,7) (A,8) (CC,9) (AB,9) (AA,8) (AD,6) (AE,7)
J:(J,0) (I,1) (H,2) (G,3) (F,4) (E,5) (D,6) (C,7) (B,8) (A,9) (CC,10) (AB,10) (AA,9) (AD,7) (AE,8)
K:(K,0) (J,1) (I,2) (H,3) (G,4) (F,5) (E,6) (D,7) (C,8) (B,9) (A,10) (CC,11) (AB,11) (AA,10) (AD,8) (AE,9)
L:(L,0) (K,1) (J,2) (I,3) (H,4) (G,5) (F,6) (E,7) (D,8) (C,9) (B,10) (A,11) (CC,12) (AB,12) (AA,11) (AD,9) (AE,10)
M:(M,0) (L,1) (K,2) (J,3) (I,4) (H,5) (G,6) (F,7) (E,8) (D,9) (C,10) (B,11) (A,12) (CC,13) (AB,13) (AA,12) (AD,10) (AE,11)
-----
A:(A,0) (CC,1) (AB,1) (AA,0) (AD,-2) (AE,-1)
AA:(AA,0) (AD,-2) (AE,-1) (AB,0) (CC,-15)
AB:(AB,0) (AA,-1) (CC,-16) (AD,-3) (AE,-2)
AD:(AD,0) (AE,1) (AB,2) (AA,1) (CC,-13)
AE:(AE,0) (AB,1) (AA,0) (CC,-15) (AD,-2)
B:(B,0) (A,1) (CC,2) (AB,2) (AA,1) (AD,-1) (AE,0)
C:(C,0) (B,1) (A,2) (CC,3) (AB,3) (AA,2) (AD,0) (AE,1)
CC:(CC,0) (AB,0) (AA,-1) (AD,-3) (AE,-2)
D:(D,0) (C,1) (B,2) (A,3) (CC,4) (AB,4) (AA,3) (AD,1) (AE,2)
E:(E,0) (D,1) (C,2) (B,3) (A,4) (CC,5) (AB,5) (AA,4) (AD,2) (AE,3)
F:(F,0) (E,1) (D,2) (C,3) (B,4) (A,5) (CC,6) (AB,6) (AA,5) (AD,3) (AE,4)
G:(G,0) (F,1) (E,2) (D,3) (C,4) (B,5) (A,6) (CC,7) (AB,7) (AA,6) (AD,4) (AE,5)
H:(H,0) (G,1) (F,2) (E,3) (D,4) (C,5) (B,6) (A,7) (CC,8) (AB,8) (AA,7) (AD,5) (AE,6)
I:(I,0) (H,1) (G,2) (F,3) (E,4) (D,5) (C,6) (B,7) (A,8) (CC,9) (AB,9) (AA,8) (AD,6) (AE,7)
J:(J,0) (I,1) (H,2) (G,3) (F,4) (E,5) (D,6) (C,7) (B,8) (A,9) (CC,10) (AB,10) (AA,9) (AD,7) (AE,8)
K:(K,0) (J,1) (I,2) (H,3) (G,4) (F,5) (E,6) (D,7) (C,8) (B,9) (A,10) (CC,11) (AB,11) (AA,10) (AD,8) (AE,9)
L:(L,0) (K,1) (J,2) (I,3) (H,4) (G,5) (F,6) (E,7) (D,8) (C,9) (B,10) (A,11) (CC,12) (AB,12) (AA,11) (AD,9) (AE,10)
M:(M,0) (L,1) (K,2) (J,3) (I,4) (H,5) (G,6) (F,7) (E,8) (D,9) (C,10) (B,11) (A,12) (CC,13) (AB,13) (AA,12) (AD,10) (AE,11)
-----
A:(A,0) (CC,1) (AB,1) (AA,0) (AD,-2) (AE,-1)
AA:(AA,0) (AD,-2) (AE,-1) (AB,0) (CC,-15)
AB:(AB,0) (AA,-1) (CC,-16) (AD,-3) (AE,-2)
AD:(AD,0) (AE,1) (AB,2) (AA,1) (CC,-14)
AE:(AE,0) (AB,1) (AA,0) (CC,-15) (AD,-2)
B:(B,0) (A,1) (CC,2) (AB,2) (AA,1) (AD,-1) (AE,0)
C:(C,0) (B,1) (A,2) (CC,3) (AB,3) (AA,2) (AD,0) (AE,1)
CC:(CC,0) (AB,0) (AA,-1) (AD,-3) (AE,-2)
D:(D,0) (C,1) (B,2) (A,3) (CC,4) (AB,4) (AA,3) (AD,1) (AE,2)
E:(E,0) (D,1) (C,2) (B,3) (A,4) (CC,5) (AB,5) (AA,4) (AD,2) (AE,3)
F:(F,0) (E,1) (D,2) (C,3) (B,4) (A,5) (CC,6) (AB,6) (AA,5) (AD,3) (AE,4)
G:(G,0) (F,1) (E,2) (D,3) (C,4) (B,5) (A,6) (CC,7) (AB,7) (AA,6) (AD,4) (AE,5)
H:(H,0) (G,1) (F,2) (E,3) (D,4) (C,5) (B,6) (A,7) (CC,8) (AB,8) (AA,7) (AD,5) (AE,6)
I:(I,0) (H,1) (G,2) (F,3) (E,4) (D,5) (C,6) (B,7) (A,8) (CC,9) (AB,9) (AA,8) (AD,6) (AE,7)
J:(J,0) (I,1) (H,2) (G,3) (F,4) (E,5) (D,6) (C,7) (B,8) (A,9) (CC,10) (AB,10) (AA,9) (AD,7) (AE,8)
K:(K,0) (J,1) (I,2) (H,3) (G,4) (F,5) (E,6) (D,7) (C,8) (B,9) (A,10) (CC,11) (AB,11) (AA,10) (AD,8) (AE,9)
L:(L,0) (K,1) (J,2) (I,3) (H,4) (G,5) (F,6) (E,7) (D,8) (C,9) (B,10) (A,11) (CC,12) (AB,12) (AA,11) (AD,9) (AE,10)
M:(M,0) (L,1) (K,2) (J,3) (I,4) (H,5) (G,6) (F,7) (E,8) (D,9) (C,10) (B,11) (A,12) (CC,13) (AB,13) (AA,12) (AD,10) (AE,11)
-----
A:(A,0) (CC,1) (AB,1) (AA,0) (AD,-2) (AE,-1)
AA:(AA,0) (AD,-2) (AE,-1) (AB,0) (CC,-16)
AB:(AB,0) (AA,-1) (CC,-17) (AD,-3) (AE,-2)
AD:(AD,0) (AE,1) (AB,2) (AA,1) (CC,-14)
AE:(AE,0) (AB,1) (AA,0) (CC,-16) (AD,-2)
B:(B,0) (A,1) (CC,2) (AB,2) (AA,1) (AD,-1) (AE,0)
C:(C,0) (B,1) (A,2) (CC,3) (AB,3) (AA,2) (AD,0) (AE,1)
CC:(CC,0) (AB,0) (AA,-1) (AD,-3) (AE,-2)
D:(D,0) (C,1) (B,2) (A,3) (CC,4) (AB,4) (AA,3) (AD,1) (AE,2)
E:(E,0) (D,1) (C,2) (B,3) (A,4) (CC,5) (AB,5) (AA,4) (AD,2) (AE,3)
F:(F,0) (E,1) (D,2) (C,3) (B,4) (A,5) (CC,6) (AB,6) (AA,5) (AD,3) (AE,4)
G:(G,0) (F,1) (E,2) (D,3) (C,4) (B,5) (A,6) (CC,7) (AB,7) (AA,6) (AD,4) (AE,5)
H:(H,0) (G,1) (F,2) (E,3) (D,4) (C,5) (B,6) (A,7) (CC,8) (AB,8) (AA,7) (AD,5) (AE,6)
I:(I,0) (H,1) (G,2) (F,3) (E,4) (D,5) (C,6) (B,7) (A,8) (CC,9) (AB,9) (AA,8) (AD,6) (AE,7)
J:(J,0) (I,1) (H,2) (G,3) (F,4) (E,5) (D,6) (C,7) (B,8) (A,9) (CC,10) (AB,10) (AA,9) (AD,7) (AE,8)
K:(K,0) (J,1) (I,2) (H,3) (G,4) (F,5) (E,6) (D,7) (C,8) (B,9) (A,10) (CC,11) (AB,11) (AA,10) (AD,8) (AE,9)
L:(L,0) (K,1) (J,2) (I,3) (H,4) (G,5) (F,6) (E,7) (D,8) (C,9) (B,10) (A,11) (CC,12) (AB,12) (AA,11) (AD,9) (AE,10)
M:(M,0) (L,1) (K,2) (J,3) (I,4) (H,5) (G,6) (F,7) (E,8) (D,9) (C,10) (B,11) (A,12) (CC,13) (AB,13) (AA,12) (AD,10) (AE,11)
-----
A:(A,0) (CC,1) (AB,1) (AA,0) (AD,-2) (AE,-1)
AA:(AA,0) (AD,-2) (AE,-1) (AB,0) (CC,-16)
AB:(AB,0) (AA,-1) (CC,-17) (AD,-3) (AE,-2)
AD:(AD,0) (AE,1) (AB,2) (AA,1) (CC,-15)
AE:(AE,0) (AB,1) (AA,0) (CC,-16) (AD,-2)
B:(B,0) (A,1) (CC,2) (AB,2) (AA,1) (AD,-1) (AE,0)
C:(C,0) (B,1) (A,2) (CC,3) (AB,3) (AA,2) (AD,0) (AE,1)
CC:(CC,0) (AB,0) (AA,-1) (AD,-3) (AE,-2)
D:(D,0) (C,1) (B,2) (A,3) (CC,4) (AB,4) (AA,3) (AD,1) (AE,2)
E:(E,0) (D,1) (C,2) (B,3) (A,4) (CC,5) (AB,5) (AA,4) (AD,2) (AE,3)
F:(F,0) (E,1) (D,2) (C,3) (B,4) (A,5) (CC,6) (AB,6) (AA,5) (AD,3) (AE,4)
G:(G,0) (F,1) (E,2) (D,3) (C,4) (B,5) (A,6) (CC,7) (AB,7) (AA,6) (AD,4) (AE,5)
H:(H,0) (G,1) (F,2) (E,3) (D,4) (C,5) (B,6) (A,7) (CC,8) (AB,8) (AA,7) (AD,5) (AE,6)
I:(I,0) (H,1) (G,2) (F,3) (E,4) (D,5) (C,6) (B,7) (A,8) (CC,9) (AB,9) (AA,8) (AD,6) (AE,7)
J:(J,0) (I,1) (H,2) (G,3) (F,4) (E,5) (D,6) (C,7) (B,8) (A,9) (CC,10) (AB,10) (AA,9) (AD,7) (AE,8)
K:(K,0) (J,1) (I,2) (H,3) (G,4) (F,5) (E,6) (D,7) (C,8) (B,9) (A,10) (CC,11) (AB,11) (AA,10) (AD,8) (AE,9)
L:(L,0) (K,1) (J,2) (I,3) (H,4) (G,5) (F,6) (E,7) (D,8) (C,9) (B,10) (A,11) (CC,12) (AB,12) (AA,11) (AD,9) (AE,10)
M:(M,0) (L,1) (K,2) (J,3) (I,4) (H,5) (G,6) (F,7) (E,8) (D,9) (C,10) (B,11) (A,12) (CC,13) (AB,13) (AA,12) (AD,10) (AE,11)
-----
A:(A,0) (CC,1) (AB,1) (AA,0) (AD,-2) (AE,-1)
AA:(AA,0) (AD,-2) (AE,-1) (AB,0) (CC,-17)
AB:(AB,0) (AA,-1) (CC,-18) (AD,-3) (AE,-2)
AD:(AD,0) (AE,1) (AB,2) (AA,1) (CC,-15)
AE:(AE,0) (AB,1) (AA,0) (CC,-17) (AD,-2)
B:(B,0) (A,1) (CC,2) (AB,2) (AA,1) (AD,-1) (AE,0)
C:(C,0) (B,1) (A,2) (CC,3) (AB,3) (AA,2) (AD,0) (AE,1)
CC:(CC,0) (AB,0) (AA,-1) (AD,-3) (AE,-2)
D:(D,0) (C,1) (B,2) (A,3) (CC,4) (AB,4) (AA,3) (AD,1) (AE,2)
E:(E,0) (D,1) (C,2) (B,3) (A,4) (CC,5) (AB,5) (AA,4) (AD,2) (AE,3)
F:(F,0) (E,1) (D,2) (C,3) (B,4) (A,5) (CC,6) (AB,6) (AA,5) (AD,3) (AE,4)
G:(G,0) (F,1) (E,2) (D,3) (C,4) (B,5) (A,6) (CC,7) (AB,7) (AA,6) (AD,4) (AE,5)
H:(H,0) (G,1) (F,2) (E,3) (D,4) (C,5) (B,6) (A,7) (CC,8) (AB,8) (AA,7) (AD,5) (AE,6)
I:(I,0) (H,1) (G,2) (F,3) (E,4) (D,5) (C,6) (B,7) (A,8) (CC,9) (AB,9) (AA,8) (AD,6) (AE,7)
J:(J,0) (I,1) (H,2) (G,3) (F,4) (E,5) (D,6) (C,7) (B,8) (A,9) (CC,10) (AB,10) (AA,9) (AD,7) (AE,8)
K:(K,0) (J,1) (I,2) (H,3) (G,4) (F,5) (E,6) (D,7) (C,8) (B,9) (A,10) (CC,11) (AB,11) (AA,10) (AD,8) (AE,9)
L:(L,0) (K,1) (J,2) (I,3) (H,4) (G,5) (F,6) (E,7) (D,8) (C,9) (B,10) (A,11) (CC,12) (AB,12) (AA,11) (AD,9) (AE,10)
M:(M,0) (L,1) (K,2) (J,3) (I,4) (H,5) (G,6) (F,7) (E,8) (D,9) (C,10) (B,11) (A,12) (CC,13) (AB,13) (AA,12) (AD,10) (AE,11)
-----
A:(A,0) (CC,1) (AB,1) (AA,0) (AD,-2) (AE,-1)
AA:(AA,0) (AD,-2) (AE,-1) (AB,0) (CC,-17)
AB:(AB,0) (AA,-1) (CC,-18) (AD,-3) (AE,-2)
AD:(AD,0) (AE,1) (AB,2) (AA,1) (CC,-16)
AE:(AE,0) (AB,1) (AA,0) (CC,-17) (AD,-2)
B:(B,0) (A,1) (CC,2) (AB,2) (AA,1) (AD,-1) (AE,0)
C:(C,0) (B,1) (A,2) (CC,3) (AB,3) (AA,2) (AD,0) (AE,1)
CC:(CC,0) (AB,0) (AA,-1) (AD,-3) (AE,-2)
D:(D,0) (C,1) (B,2) (A,3) (CC,4) (AB,4) (AA,3) (AD,1) (AE,2)
E:(E,0) (D,1) (C,2) (B,3) (A,4) (CC,5) (AB,5) (AA,4) (AD,2) (AE,3)
F:(F,0) (E,1) (D,2) (C,3) (B,4) (A,5) (CC,6) (AB,6) (AA,5) (AD,3) (AE,4)
G:(G,0) (F,1) (E,2) (D,3) (C,4) (B,5) (A,6) (CC,7) (AB,7) (AA,6) (AD,4) (AE,5)
H:(H,0) (G,1) (F,2) (E,3) (D,4) (C,5) (B,6) (A,7) (CC,8) (AB,8) (AA,7) (AD,5) (AE,6)
I:(I,0) (H,1) (G,2) (F,3) (E,4) (D,5) (C,6) (B,7) (A,8) (CC,9) (AB,9) (AA,8) (AD,6) (AE,7)
J:(J,0) (I,1) (H,2) (G,3) (F,4) (E,5) (D,6) (C,7) (B,8) (A,9) (CC,10) (AB,10) (AA,9) (AD,7) (AE,8)
K:(K,0) (J,1) (I,2) (H,3) (G,4) (F,5) (E,6) (D,7) (C,8) (B,9) (A,10) (CC,11) (AB,11) (AA,10) (AD,8) (AE,9)
L:(L,0) (K,1) (J,2) (I,3) (H,4) (G,5) (F,6) (E,7) (D,8) (C,9) (B,10) (A,11) (CC,12) (AB,12) (AA,11) (AD,9) (AE,10)
M:(M,0) (L,1) (K,2) (J,3) (I,4) (H,5) (G,6) (F,7) (E,8) (D,9) (C,10) (B,11) (A,12) (CC,13) (AB,13) (AA,12) (AD,10) (AE,11)
-----
A:(A,0) (CC,1) (AB,1) (AA,0) (AD,-2) (AE,-1)
AA:(AA,0) (AD,-2) (AE,-1) (AB,0) (CC,-18)
AB:(AB,0) (AA,-1) (CC,-19) (AD,-3) (AE,-2)
AD:(AD,0) (AE,1) (AB,2) (AA,1) (CC,-16)
AE:(AE,0) (AB,1) (AA,0) (CC,-18) (AD,-2)
B:(B,0) (A,1) (CC,2) (AB,2) (AA,1) (AD,-1) (AE,0)
C:(C,0) (B,1) (A,2) (CC,3) (AB,3) (AA,2) (AD,0) (AE,1)
CC:(CC,0) (AB,0) (AA,-1) (AD,-3) (AE,-2)
D:(D,0) (C,1) (B,2) (A,3) (CC,4) (AB,4) (AA,3) (AD,1) (AE,2)
E:(E,0) (D,1) (C,2) (B,3) (A,4) (CC,5) (AB,5) (AA,4) (AD,2) (AE,3)
F:(F,0) (E,1) (D,2) (C,3) (B,4) (A,5) (CC,6) (AB,6) (AA,5) (AD,3) (AE,4)
G:(G,0) (F,1) (E,2) (D,3) (C,4) (B,5) (A,6) (CC,7) (AB,7) (AA,6) (AD,4) (AE,5)
H:(H,0) (G,1) (F,2) (E,3) (D,4) (C,5) (B,6) (A,7) (CC,8) (AB,8) (AA,7) (AD,5) (AE,6)
I:(I,0) (H,1) (G,2) (F,3) (E,4) (D,5) (C,6) (B,7) (A,8) (CC,9) (AB,9) (AA,8) (AD,6) (AE,7)
J:(J,0) (I,1) (H,2) (G,3) (F,4) (E,5) (D,6) (C,7) (B,8) (A,9) (CC,10) (AB,10) (AA,9) (AD,7) (AE,8)
K:(K,0) (J,1) (I,2) (H,3) (G,4) (F,5) (E,6) (D,7) (C,8) (B,9) (A,10) (CC,11) (AB,11) (AA,10) (AD,8) (AE,9)
L:(L,0) (K,1) (J,2) (I,3) (H,4) (G,5) (F,6) (E,7) (D,8) (C,9) (B,10) (A,11) (CC,12) (AB,12) (AA,11) (AD,9) (AE,10)
M:(M,0) (L,1) (K,2) (J,3) (I,4) (H,5) (G,6) (F,7) (E,8) (D,9) (C,10) (B,11) (A,12) (CC,13) (AB,13) (AA,12) (AD,10) (AE,11)
-----
A:(A,0) (CC,1) (AB,1) (AA,0) (AD,-2) (AE,-1)
AA:(AA,0) (AD,-2) (AE,-1) (AB,0) (CC,-18)
AB:(AB,0) (AA,-1) (CC,-19) (AD,-3) (AE,-2)
AD:(AD,0) (AE,1) (AB,2) (AA,1) (CC,-17)
AE:(AE,0) (AB,1) (AA,0) (CC,-18) (AD,-2)
B:(B,0) (A,1) (CC,2) (AB,2) (AA,1) (AD,-1) (AE,0)
C:(C,0) (B,1) (A,2) (CC,3) (AB,3) (AA,2) (AD,0) (AE,1)
CC:(CC,0) (AB,0) (AA,-1) (AD,-3) (AE,-2)
D:(D,0) (C,1) (B,2) (A,3) (CC,4) (AB,4) (AA,3) (AD,1) (AE,2)
E:(E,0) (D,1) (C,2) (B,3) (A,4) (CC,5) (AB,5) (AA,4) (AD,2) (AE,3)
F:(F,0) (E,1) (D,2) (C,3) (B,4) (A,5) (CC,6) (AB,6) (AA,5) (AD,3) (AE,4)
G:(G,0) (F,1) (E,2) (D,3) (C,4) (B,5) (A,6) (CC,7) (AB,7) (AA,6) (AD,4) (AE,5)
H:(H,0) (G,1) (F,2) (E,3) (D,4) (C,5) (B,6) (A,7) (CC,8) (AB,8) (AA,7) (AD,5) (AE,6)
I:(I,0) (H,1) (G,2) (F,3) (E,4) (D,5) (C,6) (B,7) (A,8) (CC,9) (AB,9) (AA,8) (AD,6) (AE,7)
J:(J,0) (I,1) (H,2) (G,3) (F,4) (E,5) (D,6) (C,7) (B,8) (A,9) (CC,10) (AB,10) (AA,9) (AD,7) (AE,8)
K:(K,0) (J,1) (I,2) (H,3) (G,4) (F,5) (E,6) (D,7) (C,8) (B,9) (A,10) (CC,11) (AB,11) (AA,10) (AD,8) (AE,9)
L:(L,0) (K,1) (J,2) (I,3) (H,4) (G,5) (F,6) (E,7) (D,8) (C,9) (B,10) (A,11) (CC,12) (AB,12) (AA,11) (AD,9) (AE,10)
M:(M,0) (L,1) (K,2) (J,3) (I,4) (H,5) (G,6) (F,7) (E,8) (D,9) (C,10) (B,11) (A,12) (CC,13) (AB,13) (AA,12) (AD,10) (AE,11)
-----
A:(A,0) (CC,1) (AB,1) (AA,0) (AD,-2) (AE,-1)
AA:(AA,0) (AD,-2) (AE,-1) (AB,0) (CC,-19)
AB:(AB,0) (AA,-1) (CC,-20) (AD,-3) (AE,-2)
AD:(AD,0) (AE,1) (AB,2) (AA,1) (CC,-17)
AE:(AE,0) (AB,1) (AA,0) (CC,-19) (AD,-2)
B:(B,0) (A,1) (CC,2) (AB,2) (AA,1) (AD,-1) (AE,0)
C:(C,0) (B,1) (A,2) (CC,3) (AB,3) (AA,2) (AD,0) (AE,1)
CC:(CC,0) (AB,0) (AA,-1) (AD,-3) (AE,-2)
D:(D,0) (C,1) (B,2) (A,3) (CC,4) (AB,4) (AA,3) (AD,1) (AE,2)
E:(E,0) (D,1) (C,2) (B,3) (A,4) (CC,5) (AB,5) (AA,4) (AD,2) (AE,3)
F:(F,0) (E,1) (D,2) (C,3) (B,4) (A,5) (CC,6) (AB,6) (AA,5) (AD,3) (AE,4)
G:(G,0) (F,1) (E,2) (D,3) (C,4) (B,5) (A,6) (CC,7) (AB,7) (AA,6) (AD,4) (AE,5)
H:(H,0) (G,1) (F,2) (E,3) (D,4) (C,5) (B,6) (A,7) (CC,8) (AB,8) (AA,7) (AD,5) (AE,6)
I:(I,0) (H,1) (G,2) (F,3) (E,4) (D,5) (C,6) (B,7) (A,8) (CC,9) (AB,9) (AA,8) (AD,6) (AE,7)
J:(J,0) (I,1) (H,2) (G,3) (F,4) (E,5) (D,6) (C,7) (B,8) (A,9) (CC,10) (AB,10) (AA,9) (AD,7) (AE,8)
K:(K,0) (J,1) (I,2) (H,3) (G,4) (F,5) (E,6) (D,7) (C,8) (B,9) (A,10) (CC,11) (AB,11) (AA,10) (AD,8) (AE,9)
L:(L,0) (K,1) (J,2) (I,3) (H,4) (G,5) (F,6) (E,7) (D,8) (C,9) (B,10) (A,11) (CC,12) (AB,12) (AA,11) (AD,9) (AE,10)
M:(M,0) (L,1) (K,2) (J,3) (I,4) (H,5) (G,6) (F,7) (E,8) (D,9) (C,10) (B,11) (A,12) (CC,13) (AB,13) (AA,12) (AD,10) (AE,11)
-----
A:(A,0) (CC,1) (AB,1) (AA,0) (AD,-2) (AE,-1)
AA:(AA,0) (AD,-2) (AE,-1) (AB,0) (CC,-19)
AB:(AB,0) (AA,-1) (CC,-20) (AD,-3) (AE,-2)
AD:(AD,0) (AE,1) (AB,2) (AA,1) (CC,-18)
AE:(AE,0) (AB,1) (AA,0) (CC,-19) (AD,-2)
B:(B,0) (A,1) (CC,2) (AB,2) (AA,1) (AD,-1) (AE,0)
C:(C,0) (B,1) (A,2) (CC,3) (AB,3) (AA,2) (AD,0) (AE,1)
CC:(CC,0) (AB,0) (AA,-1) (AD,-3) (AE,-2)
D:(D,0) (C,1) (B,2) (A,3) (CC,4) (AB,4) (AA,3) (AD,1) (AE,2)
E:(E,0) (D,1) (C,2) (B,3) (A,4) (CC,5) (AB,5) (AA,4) (AD,2) (AE,3)
F:(F,0) (E,1) (D,2) (C,3) (B,4) (A,5) (CC,6) (AB,6) (AA,5) (AD,3) (AE,4)
G:(G,0) (F,1) (E,2) (D,3) (C,4) (B,5) (A,6) (CC,7) (AB,7) (AA,6) (AD,4) (AE,5)
H:(H,0) (G,1) (F,2) (E,3) (D,4) (C,5) (B,6) (A,7) (CC,8) (AB,8) (AA,7) (AD,5) (AE,6)
I:(I,0) (H,1) (G,2) (F,3) (E,4) (D,5) (C,6) (B,7) (A,8) (CC,9) (AB,9) (AA,8) (AD,6) (AE,7)
J:(J,0) (I,1) (H,2) (G,3) (F,4) (E,5) (D,6) (C,7) (B,8) (A,9) (CC,10) (AB,10) (AA,9) (AD,7) (AE,8)
K:(K,0) (J,1) (I,2) (H,3) (G,4) (F,5) (E,6) (D,7) (C,8) (B,9) (A,10) (CC,11) (AB,11) (AA,10) (AD,8) (AE,9)
L:(L,0) (K,1) (J,2) (I,3) (H,4) (G,5) (F,6) (E,7) (D,8) (C,9) (B,10) (A,11) (CC,12) (AB,12) (AA,11) (AD,9) (AE,10)
M:(M,0) (L,1) (K,2) (J,3) (I,4) (H,5) (G,6) (F,7) (E,8) (D,9) (C,10) (B,11) (A,12) (CC,13) (AB,13) (AA,12) (AD,10) (AE,11)
-----
A:(A,0) (CC,1) (AB,1) (AA,0) (AD,-2) (AE,-1)
AA:(AA,0) (AD,-2) (AE,-1) (AB,0) (CC,-20)
AB:(AB,0) (AA,-1) (CC,-21) (AD,-3) (AE,-2)
AD:(AD,0) (AE,1) (AB,2) (AA,1) (CC,-18)
AE:(AE,0) (AB,1) (AA,0) (CC,-20) (AD,-2)
B:(B,0) (A,1) (CC,2) (AB,2) (AA,1) (AD,-1) (AE,0)
C:(C,0) (B,1) (A,2) (CC,3) (AB,3) (AA,2) (AD,0) (AE,1)
CC:(CC,0) (AB,0) (AA,-1) (AD,-3) (AE,-2)
D:(D,0) (C,1) (B,2) (A,3) (CC,4) (AB,4) (AA,3) (AD,1) (AE,2)
E:(E,0) (D,1) (C,2) (B,3) (A,4) (CC,5) (AB,5) (AA,4) (AD,2) (AE,3)
F:(F,0) (E,1) (D,2) (C,3) (B,4) (A,5) (CC,6) (AB,6) (AA,5) (AD,3) (AE,4)
G:(G,0) (F,1) (E,2) (D,3) (C,4) (B,5) (A,6) (CC,7) (AB,7) (AA,6) (AD,4) (AE,5)
H:(H,0) (G,1) (F,2) (E,3) (D,4) (C,5) (B,6) (A,7) (CC,8) (AB,8) (AA,7) (AD,5) (AE,6)
I:(I,0) (H,1) (G,2) (F,3) (E,4) (D,5) (C,6) (B,7) (A,8) (CC,9) (AB,9) (AA,8) (AD,6) (AE,7)
J:(J,0) (I,1) (H,2) (G,3) (F,4) (E,5) (D,6) (C,7) (B,8) (A,9) (CC,10) (AB,10) (AA,9) (AD,7) (AE,8)
K:(K,0) (J,1) (I,2) (H,3) (G,4) (F,5) (E,6) (D,7) (C,8) (B,9) (A,10) (CC,11) (AB,11) (AA,10) (AD,8) (AE,9)
L:(L,0) (K,1) (J,2) (I,3) (H,4) (G,5) (F,6) (E,7) (D,8) (C,9) (B,10) (A,11) (CC,12) (AB,12) (AA,11) (AD,9) (AE,10)
M:(M,0) (L,1) (K,2) (J,3) (I,4) (H,5) (G,6) (F,7) (E,8) (D,9) (C,10) (B,11) (A,12) (CC,13) (AB,13) (AA,12) (AD,10) (AE,11)
-----
A:(A,0) (CC,1) (AB,1) (AA,0) (AD,-2) (AE,-1)
AA:(AA,0) (AD,-2) (AE,-1) (AB,0) (CC,-20)
AB:(AB,0) (AA,-1) (CC,-21) (AD,-3) (AE,-2)
AD:(AD,0) (AE,1) (AB,2) (AA,1) (CC,-19)
AE:(AE,0) (AB,1) (AA,0) (CC,-20) (AD,-2)
B:(B,0) (A,1) (CC,2) (AB,2) (AA,1) (AD,-1) (AE,0)
C:(C,0) (B,1) (A,2) (CC,3) (AB,3) (AA,2) (AD,0) (AE,1)
CC:(CC,0) (AB,0) (AA,-1) (AD,-3) (AE,-2)
D:(D,0) (C,1) (B,2) (A,3) (CC,4) (AB,4) (AA,3) (AD,1) (AE,2)
E:(E,0) (D,1) (C,2) (B,3) (A,4) (CC,5) (AB,5) (AA,4) (AD,2) (AE,3)
F:(F,0) (E,1) (D,2) (C,3) (B,4) (A,5) (CC,6) (AB,6) (AA,5) (AD,3) (AE,4)
G:(G,0) (F,1) (E,2) (D,3) (C,4) (B,5) (A,6) (CC,7) (AB,7) (AA,6) (AD,4) (AE,5)
H:(H,0) (G,1) (F,2) (E,3) (D,4) (C,5) (B,6) (A,7) (CC,8) (AB,8) (AA,7) (AD,5) (AE,6)
I:(I,0) (H,1) (G,2) (F,3) (E,4) (D,5) (C,6) (B,7) (A,8) (CC,9) (AB,9) (AA,8) (AD,6) (AE,7)
J:(J,0) (I,1) (H,2) (G,3) (F,4) (E,5) (D,6) (C,7) (B,8) (A,9) (CC,10) (AB,10) (AA,9) (AD,7) (AE,8)
K:(K,0) (J,1) (I,2) (H,3) (G,4) (F,5) (E,6) (D,7) (C,8) (B,9) (A,10) (CC,11) (AB,11) (AA,10) (AD,8) (AE,9)
L:(L,0) (K,1) (J,2) (I,3) (H,4) (G,5) (F,6) (E,7) (D,8) (C,9) (B,10) (A,11) (CC,12) (AB,12) (AA,11) (AD,9) (AE,10)
M:(M,0) (L,1) (K,2) (J,3) (I,4) (H,5) (G,6) (F,7) (E,8) (D,9) (C,10) (B,11) (A,12) (CC,13) (AB,13) (AA,12) (AD,10) (AE,11)
-----
A:(A,0) (CC,1) (AB,1) (AA,0) (AD,-2) (AE,-1)
AA:(AA,0) (AD,-2) (AE,-1) (AB,0) (CC,-21)
AB:(AB,0) (AA,-1) (CC,-22) (AD,-3) (AE,-2)
AD:(AD,0) (AE,1) (AB,2) (AA,1) (CC,-19)
AE:(AE,0) (AB,1) (AA,0) (CC,-21) (AD,-2)
B:(B,0) (A,1) (CC,2) (AB,2) (AA,1) (AD,-1) (AE,0)
C:(C,0) (B,1) (A,2) (CC,3) (AB,3) (AA,2) (AD,0) (AE,1)
CC:(CC,0) (AB,0) (AA,-1) (AD,-3) (AE,-2)
D:(D,0) (C,1) (B,2) (A,3) (CC,4) (AB,4) (AA,3) (AD,1) (AE,2)
E:(E,0) (D,1) (C,2) (B,3) (A,4) (CC,5) (AB,5) (AA,4) (AD,2) (AE,3)
F:(F,0) (E,1) (D,2) (C,3) (B,4) (A,5) (CC,6) (AB,6) (AA,5) (AD,3) (AE,4)
G:(G,0) (F,1) (E,2) (D,3) (C,4) (B,5) (A,6) (CC,7) (AB,7) (AA,6) (AD,4) (AE,5)
H:(H,0) (G,1) (F,2) (E,3) (D,4) (C,5) (B,6) (A,7) (CC,8) (AB,8) (AA,7) (AD,5) (AE,6)
I:(I,0) (H,1) (G,2) (F,3) (E,4) (D,5) (C,6) (B,7) (A,8) (CC,9) (AB,9) (AA,8) (AD,6) (AE,7)
J:(J,0) (I,1) (H,2) (G,3) (F,4) (E,5) (D,6) (C,7) (B,8) (A,9) (CC,10) (AB,10) (AA,9) (AD,7) (AE,8)
K:(K,0) (J,1) (I,2) (H,3) (G,4) (F,5) (E,6) (D,7) (C,8) (B,9) (A,10) (CC,11) (AB,11) (AA,10) (AD,8) (AE,9)
L:(L,0) (K,1) (J,2) (I,3) (H,4) (G,5) (F,6) (E,7) (D,8) (C,9) (B,10) (A,11) (CC,12) (AB,12) (AA,11) (AD,9) (AE,10)
M:(M,0) (L,1) (K,2) (J,3) (I,4) (H,5) (G,6) (F,7) (E,8) (D,9) (C,10) (B,11) (A,12) (CC,13) (AB,13) (AA,12) (AD,10) (AE,11)
-----
A:(A,0) (CC,1) (AB,1) (AA,0) (AD,-2) (AE,-1)
AA:(AA,0) (AD,-2) (AE,-1) (AB,0) (CC,-21)
AB:(AB,0) (AA,-1) (CC,-22) (AD,-3) (AE,-2)
AD:(AD,0) (AE,1) (AB,2) (AA,1) (CC,-20)
AE:(AE,0) (AB,1) (AA,0) (CC,-21) (AD,-2)
B:(B,0) (A,1) (CC,2) (AB,2) (AA,1) (AD,-1) (AE,0)
C:(C,0) (B,1) (A,2) (CC,3) (AB,3) (AA,2) (AD,0) (AE,1)
CC:(CC,0) (AB,0) (AA,-1) (AD,-3) (AE,-2)
D:(D,0) (C,1) (B,2) (A,3) (CC,4) (AB,4) (AA,3) (AD,1) (AE,2)
E:(E,0) (D,1) (C,2) (B,3) (A,4) (CC,5) (AB,5) (AA,4) (AD,2) (AE,3)
F:(F,0) (E,1) (D,2) (C,3) (B,4) (A,5) (CC,6) (AB,6) (AA,5) (AD,3) (AE,4)
G:(G,0) (F,1) (E,2) (D,3) (C,4) (B,5) (A,6) (CC,7) (AB,7) (AA,6) (AD,4) (AE,5)
H:(H,0) (G,1) (F,2) (E,3) (D,4) (C,5) (B,6) (A,7) (CC,8) (AB,8) (AA,7) (AD,5) (AE,6)
I:(I,0) (H,1) (G,2) (F,3) (E,4) (D,5) (C,6) (B,7) (A,8) (CC,9) (AB,9) (AA,8) (AD,6) (AE,7)
J:(J,0) (I,1) (H,2) (G,3) (F,4) (E,5) (D,6) (C,7) (B,8) (A,9) (CC,10) (AB,10) (AA,9) (AD,7) (AE,8)
K:(K,0) (J,1) (I,2) (H,3) (G,4) (F,5) (E,6) (D,7) (C,8) (B,9) (A,10) (CC,11) (AB,11) (AA,10) (AD,8) (AE,9)
L:(L,0) (K,1) (J,2) (I,3) (H,4) (G,5) (F,6) (E,7) (D,8) (C,9) (B,10) (A,11) (CC,12) (AB,12) (AA,11) (AD,9) (AE,10)
M:(M,0) (L,1) (K,2) (J,3) (I,4) (H,5) (G,6) (F,7) (E,8) (D,9) (C,10) (B,11) (A,12) (CC,13) (AB,13) (AA,12) (AD,10) (AE,11)
-----
A:(A,0) (CC,1) (AB,1) (AA,0) (AD,-2) (AE,-1)
AA:(AA,0) (AD,-2) (AE,-1) (AB,0) (CC,-22)
AB:(AB,0) (AA,-1) (CC,-23) (AD,-3) (AE,-2)
AD:(AD,0) (AE,1) (AB,2) (AA,1) (CC,-20)
AE:(AE,0) (AB,1) (AA,0) (CC,-22) (AD,-2)
B:(B,0) (A,1) (CC,2) (AB,2) (AA,1) (AD,-1) (AE,0)
C:(C,0) (B,1) (A,2) (CC,3) (AB,3) (AA,2) (AD,0) (AE,1)
CC:(CC,0) (AB,0) (AA,-1) (AD,-3) (AE,-2)
D:(D,0) (C,1) (B,2) (A,3) (CC,4) (AB,4) (AA,3) (AD,1) (AE,2)
E:(E,0) (D,1) (C,2) (B,3) (A,4) (CC,5) (AB,5) (AA,4) (AD,2) (AE,3)
F:(F,0) (E,1) (D,2) (C,3) (B,4) (A,5) (CC,6) (AB,6) (AA,5) (AD,3) (AE,4)
G:(G,0) (F,1) (E,2) (D,3) (C,4) (B,5) (A,6) (CC,7) (AB,7) (AA,6) (AD,4) (AE,5)
H:(H,0) (G,1) (F,2) (E,3) (D,4) (C,5) (B,6) (A,7) (CC,8) (AB,8) (AA,7) (AD,5) (AE,6)
I:(I,0) (H,1) (G,2) (F,3) (E,4) (D,5) (C,6) (B,7) (A,8) (CC,9) (AB,9) (AA,8) (AD,6) (AE,7)
J:(J,0) (I,1) (H,2) (G,3) (F,4) (E,5) (D,6) (C,7) (B,8) (A,9) (CC,10) (AB,10) (AA,9) (AD,7) (AE,8)
K:(K,0) (J,1) (I,2) (H,3) (G,4) (F,5) (E,6) (D,7) (C,8) (B,9) (A,10) (CC,11) (AB,11) (AA,10) (AD,8) (AE,9)
L:(L,0) (K,1) (J,2) (I,3) (H,4) (G,5) (F,6) (E,7) (D,8) (C,9) (B,10) (A,11) (CC,12) (AB,12) (AA,11) (AD,9) (AE,10)
M:(M,0) (L,1) (K,2) (J,3) (I,4) (H,5) (G,6) (F,7) (E,8) (D,9) (C,10) (B,11) (A,12) (CC,13) (AB,13) (AA,12) (AD,10) (AE,11)
-----
A:(A,0) (CC,1) (AB,1) (AA,0) (AD,-2) (AE,-1)
AA:(AA,0) (AD,-2) (AE,-1) (AB,0) (CC,-22)
AB:(AB,0) (AA,-1) (CC,-23) (AD,-3) (AE,-2)
AD:(AD,0) (AE,1) (AB,2) (AA,1) (CC,-21)
AE:(AE,0) (AB,1) (AA,0) (CC,-22) (AD,-2)
B:(B,0) (A,1) (CC,2) (AB,2) (AA,1) (AD,-1) (AE,0)
C:(C,0) (B,1) (A,2) (CC,3) (AB,3) (AA,2) (AD,0) (AE,1)
CC:(CC,0) (AB,0) (AA,-1) (AD,-3) (AE,-2)
D:(D,0) (C,1) (B,2) (A,3) (CC,4) (AB,4) (AA,3) (AD,1) (AE,2)
E:(E,0) (D,1) (C,2) (B,3) (A,4) (CC,5) (AB,5) (AA,4) (AD,2) (AE,3)
F:(F,0) (E,1) (D,2) (C,3) (B,4) (A,5) (CC,6) (AB,6) (AA,5) (AD,3) (AE,4)
G:(G,0) (F,1) (E,2) (D,3) (C,4) (B,5) (A,6) (CC,7) (AB,7) (AA,6) (AD,4) (AE,5)
H:(H,0) (G,1) (F,2) (E,3) (D,4) (C,5) (B,6) (A,7) (CC,8) (AB,8) (AA,7) (AD,5) (AE,6)
I:(I,0) (H,1) (G,2) (F,3) (E,4) (D,5) (C,6) (B,7) (A,8) (CC,9) (AB,9) (AA,8) (AD,6) (AE,7)
J:(J,0) (I,1) (H,2) (G,3) (F,4) (E,5) (D,6) (C,7) (B,8) (A,9) (CC,10) (AB,10) (AA,9) (AD,7) (AE,8)
K:(K,0) (J,1) (I,2) (H,3) (G,4) (F,5) (E,6) (D,7) (C,8) (B,9) (A,10) (CC,11) (AB,11) (AA,10) (AD,8) (AE,9)
L:(L,0) (K,1) (J,2) (I,3) (H,4) (G,5) (F,6) (E,7) (D,8) (C,9) (B,10) (A,11) (CC,12) (AB,12) (AA,11) (AD,9) (AE,10)
M:(M,0) (L,1) (K,2) (J,3) (I,4) (H,5) (G,6) (F,7) (E,8) (D,9) (C,10) (B,11) (A,12) (CC,13) (AB,13) (AA,12) (AD,10) (AE,11)
-----
A:(A,0) (CC,1) (AB,1) (AA,0) (AD,-2) (AE,-1)
AA:(AA,0) (AD,-2) (AE,-1) (AB,0) (CC,-23)
AB:(AB,0) (AA,-1) (CC,-24) (AD,-3) (AE,-2)
AD:(AD,0) (AE,1) (AB,2) (AA,1) (CC,-21)
AE:(AE,0) (AB,1) (AA,0) (CC,-23) (AD,-2)
B:(B,0) (A,1) (CC,2) (AB,2) (AA,1) (AD,-1) (AE,0)
C:(C,0) (B,1) (A,2) (CC,3) (AB,3) (AA,2) (AD,0) (AE,1)
CC:(CC,0) (AB,0) (AA,-1) (AD,-3) (AE,-2)
D:(D,0) (C,1) (B,2) (A,3) (CC,4) (AB,4) (AA,3) (AD,1) (AE,2)
E:(E,0) (D,1) (C,2) (B,3) (A,4) (CC,5) (AB,5) (AA,4) (AD,2) (AE,3)
F:(F,0) (E,1) (D,2) (C,3) (B,4) (A,5) (CC,6) (AB,6) (AA,5) (AD,3) (AE,4)
G:(G,0) (F,1) (E,2) (D,3) (C,4) (B,5) (A,6) (CC,7) (AB,7) (AA,6) (AD,4) (AE,5)
H:(H,0) (G,1) (F,2) (E,3) (D,4) (C,5) (B,6) (A,7) (CC,8) (AB,8) (AA,7) (AD,5) (AE,6)
I:(I,0) (H,1) (G,2) (F,3) (E,4) (D,5) (C,6) (B,7) (A,8) (CC,9) (AB,9) (AA,8) (AD,6) (AE,7)
J:(J,0) (I,1) (H,2) (G,3) (F,4) (E,5) (D,6) (C,7) (B,8) (A,9) (CC,10) (AB,10) (AA,9) (AD,7) (AE,8)
K:(K,0) (J,1) (I,2) (H,3) (G,4) (F,5) (E,6) (D,7) (C,8) (B,9) (A,10) (CC,11) (AB,11) (AA,10) (AD,8) (AE,9)
L:(L,0) (K,1) (J,2) (I,3) (H,4) (G,5) (F,6) (E,7) (D,8) (C,9) (B,10) (A,11) (CC,12) (AB,12) (AA,11) (AD,9) (AE,10)
M:(M,0) (L,1) (K,2) (J,3) (I,4) (H,5) (G,6) (F,7) (E,8) (D,9) (C,10) (B,11) (A,12) (CC,13) (AB,13) (AA,12) (AD,10) (AE,11)
-----
A:(A,0) (CC,1) (AB,1) (AA,0) (AD,-2) (AE,-1)
AA:(AA,0) (AD,-2) (AE,-1) (AB,0) (CC,-23)
AB:(AB,0) (AA,-1) (CC,-24) (AD,-3) (AE,-2)
AD:(AD,0) (AE,1) (AB,2) (AA,1) (CC,-22)
AE:(AE,0) (AB,1) (AA,0) (CC,-23) (AD,-2)
B:(B,0) (A,1) (CC,2) (AB,2) (AA,1) (AD,-1) (AE,0)
C:(C,0) (B,1) (A,2) (CC,3) (AB,3) (AA,2) (AD,0) (AE,1)
CC:(CC,0) (AB,0) (AA,-1) (AD,-3) (AE,-2)
D:(D,0) (C,1) (B,2) (A,3) (CC,4) (AB,4) (AA,3) (AD,1) (AE,2)
E:(E,0) (D,1) (C,2) (B,3) (A,4) (CC,5) (AB,5) (AA,4) (AD,2) (AE,3)
F:(F,0) (E,1) (D,2) (C,3) (B,4) (A,5) (CC,6) (AB,6) (AA,5) (AD,3) (AE,4)
G:(G,0) (F,1) (E,2) (D,3) (C,4) (B,5) (A,6) (CC,7) (AB,7) (AA,6) (AD,4) (AE,5)
H:(H,0) (G,1) (F,2) (E,3) (D,4) (C,5) (B,6) (A,7) (CC,8) (AB,8) (AA,7) (AD,5) (AE,6)
I:(I,0) (H,1) (G,2) (F,3) (E,4) (D,5) (C,6) (B,7) (A,8) (CC,9) (AB,9) (AA,8) (AD,6) (AE,7)
J:(J,0) (I,1) (H,2) (G,3) (F,4) (E,5) (D,6) (C,7) (B,8) (A,9) (CC,10) (AB,10) (AA,9) (AD,7) (AE,8)
K:(K,0) (J,1) (I,2) (H,3) (G,4) (F,5) (E,6) (D,7) (C,8) (B,9) (A,10) (CC,11) (AB,11) (AA,10) (AD,8) (AE,9)
L:(L,0) (K,1) (J,2) (I,3) (H,4) (G,5) (F,6) (E,7) (D,8) (C,9) (B,10) (A,11) (CC,12) (AB,12) (AA,11) (AD,9) (AE,10)
M:(M,0) (L,1) (K,2) (J,3) (I,4) (H,5) (G,6) (F,7) (E,8) (D,9) (C,10) (B,11) (A,12) (CC,13) (AB,13) (AA,12) (AD,10) (AE,11)
-----
A:(A,0) (CC,1) (AB,1) (AA,0) (AD,-2) (AE,-1)
AA:(AA,0) (AD,-2) (AE,-1) (AB,0) (CC,-24)
AB:(AB,0) (AA,-1) (CC,-25) (AD,-3) (AE,-2)
AD:(AD,0) (AE,1) (AB,2) (AA,1) (CC,-22)
AE:(AE,0) (AB,1) (AA,0) (CC,-24) (AD,-2)
B:(B,0) (A,1) (CC,2) (AB,2) (AA,1) (AD,-1) (AE,0)
C:(C,0) (B,1) (A,2) (CC,3) (AB,3) (AA,2) (AD,0) (AE,1)
CC:(CC,0) (AB,0) (AA,-1) (AD,-3) (AE,-2)
D:(D,0) (C,1) (B,2) (A,3) (CC,4) (AB,4) (AA,3) (AD,1) (AE,2)
E:(E,0) (D,1) (C,2) (B,3) (A,4) (CC,5) (AB,5) (AA,4) (AD,2) (AE,3)
F:(F,0) (E,1) (D,2) (C,3) (B,4) (A,5) (CC,6) (AB,6) (AA,5) (AD,3) (AE,4)
G:(G,0) (F,1) (E,2) (D,3) (C,4) (B,5) (A,6) (CC,7) (AB,7) (AA,6) (AD,4) (AE,5)
H:(H,0) (G,1) (F,2) (E,3) (D,4) (C,5) (B,6) (A,7) (CC,8) (AB,8) (AA,7) (AD,5) (AE,6)
I:(I,0) (H,1) (G,2) (F,3) (E,4) (D,5) (C,6) (B,7) (A,8) (CC,9) (AB,9) (AA,8) (AD,6) (AE,7)
J:(J,0) (I,1) (H,2) (G,3) (F,4) (E,5) (D,6) (C,7) (B,8) (A,9) (CC,10) (AB,10) (AA,9) (AD,7) (AE,8)
K:(K,0) (J,1) (I,2) (H,3) (G,4) (F,5) (E,6) (D,7) (C,8) (B,9) (A,10) (CC,11) (AB,11) (AA,10) (AD,8) (AE,9)
L:(L,0) (K,1) (J,2) (I,3) (H,4) (G,5) (F,6) (E,7) (D,8) (C,9) (B,10) (A,11) (CC,12) (AB,12) (AA,11) (AD,9) (AE,10)
M:(M,0) (L,1) (K,2) (J,3) (I,4) (H,5) (G,6) (F,7) (E,8) (D,9) (C,10) (B,11) (A,12) (CC,13) (AB,13) (AA,12) (AD,10) (AE,11)
-----
A:(A,0) (CC,1) (AB,1) (AA,0) (AD,-2) (AE,-1)
AA:(AA,0) (AD,-2) (AE,-1) (AB,0) (CC,-24)
AB:(AB,0) (AA,-1) (CC,-25) (AD,-3) (AE,-2)
AD:(AD,0) (AE,1) (AB,2) (AA,1) (CC,-23)
AE:(AE,0) (AB,1) (AA,0) (CC,-24) (AD,-2)
B:(B,0) (A,1) (CC,2) (AB,2) (AA,1) (AD,-1) (AE,0)
C:(C,0) (B,1) (A,2) (CC,3) (AB,3) (AA,2) (AD,0) (AE,1)
CC:(CC,0) (AB,0) (AA,-1) (AD,-3) (AE,-2)
D:(D,0) (C,1) (B,2) (A,3) (CC,4) (AB,4) (AA,3) (AD,1) (AE,2)
E:(E,0) (D,1) (C,2) (B,3) (A,4) (CC,5) (AB,5) (AA,4) (AD,2) (AE,3)
F:(F,0) (E,1) (D,2) (C,3) (B,4) (A,5) (CC,6) (AB,6) (AA,5) (AD,3) (AE,4)
G:(G,0) (F,1) (E,2) (D,3) (C,4) (B,5) (A,6) (CC,7) (AB,7) (AA,6) (AD,4) (AE,5)
H:(H,0) (G,1) (F,2) (E,3) (D,4) (C,5) (B,6) (A,7) (CC,8) (AB,8) (AA,7) (AD,5) (AE,6)
I:(I,0) (H,1) (G,2) (F,3) (E,4) (D,5) (C,6) (B,7) (A,8) (CC,9) (AB,9) (AA,8) (AD,6) (AE,7)
J:(J,0) (I,1) (H,2) (G,3) (F,4) (E,5) (D,6) (C,7) (B,8) (A,9) (CC,10) (AB,10) (AA,9) (AD,7) (AE,8)
K:(K,0) (J,1) (I,2) (H,3) (G,4) (F,5) (E,6) (D,7) (C,8) (B,9) (A,10) (CC,11) (AB,11) (AA,10) (AD,8) (AE,9)
L:(L,0) (K,1) (J,2) (I,3) (H,4) (G,5) (F,6) (E,7) (D,8) (C,9) (B,10) (A,11) (CC,12) (AB,12) (AA,11) (AD,9) (AE,10)
M:(M,0) (L,1) (K,2) (J,3) (I,4) (H,5) (G,6) (F,7) (E,8) (D,9) (C,10) (B,11) (A,12) (CC,13) (AB,13) (AA,12) (AD,10) (AE,11)
-----
A:(A,0) (CC,1) (AB,1) (AA,0) (AD,-2) (AE,-1)
AA:(AA,0) (AD,-2) (AE,-1) (AB,0) (CC,-25)
AB:(AB,0) (AA,-1) (CC,-26) (AD,-3) (AE,-2)
AD:(AD,0) (AE,1) (AB,2) (AA,1) (CC,-23)
AE:(AE,0) (AB,1) (AA,0) (CC,-25) (AD,-2)
B:(B,0) (A,1) (CC,2) (AB,2) (AA,1) (AD,-1) (AE,0)
C:(C,0) (B,1) (A,2) (CC,3) (AB,3) (AA,2) (AD,0) (AE,1)
CC:(CC,0) (AB,0) (AA,-1) (AD,-3) (AE,-2)
D:(D,0) (C,1) (B,2) (A,3) (CC,4) (AB,4) (AA,3) (AD,1) (AE,2)
E:(E,0) (D,1) (C,2) (B,3) (A,4) (CC,5) (AB,5) (AA,4) (AD,2) (AE,3)
F:(F,0) (E,1) (D,2) (C,3) (B,4) (A,5) (CC,6) (AB,6) (AA,5) (AD,3) (AE,4)
G:(G,0) (F,1) (E,2) (D,3) (C,4) (B,5) (A,6) (CC,7) (AB,7) (AA,6) (AD,4) (AE,5)
H:(H,0) (G,1) (F,2) (E,3) (D,4) (C,5) (B,6) (A,7) (CC,8) (AB,8) (AA,7) (AD,5) (AE,6)
I:(I,0) (H,1) (G,2) (F,3) (E,4) (D,5) (C,6) (B,7) (A,8) (CC,9) (AB,9) (AA,8) (AD,6) (AE,7)
J:(J,0) (I,1) (H,2) (G,3) (F,4) (E,5) (D,6) (C,7) (B,8) (A,9) (CC,10) (AB,10) (AA,9) (AD,7) (AE,8)
K:(K,0) (J,1) (I,2) (H,3) (G,4) (F,5) (E,6) (D,7) (C,8) (B,9) (A,10) (CC,11) (AB,11) (AA,10) (AD,8) (AE,9)
L:(L,0) (K,1) (J,2) (I,3) (H,4) (G,5) (F,6) (E,7) (D,8) (C,9) (B,10) (A,11) (CC,12) (AB,12) (AA,11) (AD,9) (AE,10)
M:(M,0) (L,1) (K,2) (J,3) (I,4) (H,5) (G,6) (F,7) (E,8) (D,9) (C,10) (B,11) (A,12) (CC,13) (AB,13) (AA,12) (AD,10) (AE,11)
-----
A:(A,0) (CC,1) (AB,1) (AA,0) (AD,-2) (AE,-1)
AA:(AA,0) (AD,-2) (AE,-1) (AB,0) (CC,-25)
AB:(AB,0) (AA,-1) (CC,-26) (AD,-3) (AE,-2)
AD:(AD,0) (AE,1) (AB,2) (AA,1) (CC,-24)
AE:(AE,0) (AB,1) (AA,0) (CC,-25) (AD,-2)
B:(B,0) (A,1) (CC,2) (AB,2) (AA,1) (AD,-1) (AE,0)
C:(C,0) (B,1) (A,2) (CC,3) (AB,3) (AA,2) (AD,0) (AE,1)
CC:(CC,0) (AB,0) (AA,-1) (AD,-3) (AE,-2)
D:(D,0) (C,1) (B,2) (A,3) (CC,4) (AB,4) (AA,3) (AD,1) (AE,2)
E:(E,0) (D,1) (C,2) (B,3) (A,4) (CC,5) (AB,5) (AA,4) (AD,2) (AE,3)
F:(F,0) (E,1) (D,2) (C,3) (B,4) (A,5) (CC,6) (AB,6) (AA,5) (AD,3) (AE,4)
G:(G,0) (F,1) (E,2) (D,3) (C,4) (B,5) (A,6) (CC,7) (AB,7) (AA,6) (AD,4) (AE,5)
H:(H,0) (G,1) (F,2) (E,3) (D,4) (C,5) (B,6) (A,7) (CC,8) (AB,8) (AA,7) (AD,5) (AE,6)
I:(I,0) (H,1) (G,2) (F,3) (E,4) (D,5) (C,6) (B,7) (A,8) (CC,9) (AB,9) (AA,8) (AD,6) (AE,7)
J:(J,0) (I,1) (H,2) (G,3) (F,4) (E,5) (D,6) (C,7) (B,8) (A,9) (CC,10) (AB,10) (AA,9) (AD,7) (AE,8)
K:(K,0) (J,1) (I,2) (H,3) (G,4) (F,5) (E,6) (D,7) (C,8) (B,9) (A,10) (CC,11) (AB,11) (AA,10) (AD,8) (AE,9)
L:(L,0) (K,1) (J,2) (I,3) (H,4) (G,5) (F,6) (E,7) (D,8) (C,9) (B,10) (A,11) (CC,12) (AB,12) (AA,11) (AD,9) (AE,10)
M:(M,0) (L,1) (K,2) (J,3) (I,4) (H,5) (G,6) (F,7) (E,8) (D,9) (C,10) (B,11) (A,12) (CC,13) (AB,13) (AA,12) (AD,10) (AE,11)
-----
A:(A,0) (CC,1) (AB,1) (AA,0) (AD,-2) (AE,-1)
AA:(AA,0) (AD,-2) (AE,-1) (AB,0) (CC,-26)
AB:(AB,0) (AA,-1) (CC,-27) (AD,-3) (AE,-2)
AD:(AD,0) (AE,1) (AB,2) (AA,1) (CC,-24)
AE:(AE,0) (AB,1) (AA,0) (CC,-26) (AD,-2)
B:(B,0) (A,1) (CC,2) (AB,2) (AA,1) (AD,-1) (AE,0)
C:(C,0) (B,1) (A,2) (CC,3) (AB,3) (AA,2) (AD,0) (AE,1)
CC:(CC,0) (AB,0) (AA,-1) (AD,-3) (AE,-2)
D:(D,0) (C,1) (B,2) (A,3) (CC,4) (AB,4) (AA,3) (AD,1) (AE,2)
E:(E,0) (D,1) (C,2) (B,3) (A,4) (CC,5) (AB,5) (AA,4) (AD,2) (AE,3)
F:(F,0) (E,1) (D,2) (C,3) (B,4) (A,5) (CC,6) (AB,6) (AA,5) (AD,3) (AE,4)
G:(G,0) (F,1) (E,2) (D,3) (C,4) (B,5) (A,6) (CC,7) (AB,7) (AA,6) (AD,4) (AE,5)
H:(H,0) (G,1) (F,2) (E,3) (D,4) (C,5) (B,6) (A,7) (CC,8) (AB,8) (AA,7) (AD,5) (AE,6)
I:(I,0) (H,1) (G,2) (F,3) (E,4) (D,5) (C,6) (B,7) (A,8) (CC,9) (AB,9) (AA,8) (AD,6) (AE,7)
J:(J,0) (I,1) (H,2) (G,3) (F,4) (E,5) (D,6) (C,7) (B,8) (A,9) (CC,10) (AB,10) (AA,9) (AD,7) (AE,8)
K:(K,0) (J,1) (I,2) (H,3) (G,4) (F,5) (E,6) (D,7) (C,8) (B,9) (A,10) (CC,11) (AB,11) (AA,10) (AD,8) (AE,9)
L:(L,0) (K,1) (J,2) (I,3) (H,4) (G,5) (F,6) (E,7) (D,8) (C,9) (B,10) (A,11) (CC,12) (AB,12) (AA,11) (AD,9) (AE,10)
M:(M,0) (L,1) (K,2) (J,3) (I,4) (H,5) (G,6) (F,7) (E,8) (D,9) (C,10) (B,11) (A,12) (CC,13) (AB,13) (AA,12) (AD,10) (AE,11)
-----
A:(A,0) (CC,1) (AB,1) (AA,0) (AD,-2) (AE,-1)
AA:(AA,0) (AD,-2) (AE,-1) (AB,0) (CC,-26)
AB:(AB,0) (AA,-1) (CC,-27) (AD,-3) (AE,-2)
AD:(AD,0) (AE,1) (AB,2) (AA,1) (CC,-25)
AE:(AE,0) (AB,1) (AA,0) (CC,-26) (AD,-2)
B:(B,0) (A,1) (CC,2) (AB,2) (AA,1) (AD,-1) (AE,0)
C:(C,0) (B,1) (A,2) (CC,3) (AB,3) (AA,2) (AD,0) (AE,1)
CC:(CC,0) (AB,0) (AA,-1) (AD,-3) (AE,-2)
D:(D,0) (C,1) (B,2) (A,3) (CC,4) (AB,4) (AA,3) (AD,1) (AE,2)
E:(E,0) (D,1) (C,2) (B,3) (A,4) (CC,5) (AB,5) (AA,4) (AD,2) (AE,3)
F:(F,0) (E,1) (D,2) (C,3) (B,4) (A,5) (CC,6) (AB,6) (AA,5) (AD,3) (AE,4)
G:(G,0) (F,1) (E,2) (D,3) (C,4) (B,5) (A,6) (CC,7) (AB,7) (AA,6) (AD,4) (AE,5)
H:(H,0) (G,1) (F,2) (E,3) (D,4) (C,5) (B,6) (A,7) (CC,8) (AB,8) (AA,7) (AD,5) (AE,6)
I:(I,0) (H,1) (G,2) (F,3) (E,4) (D,5) (C,6) (B,7) (A,8) (CC,9) (AB,9) (AA,8) (AD,6) (AE,7)
J:(J,0) (I,1) (H,2) (G,3) (F,4) (E,5) (D,6) (C,7) (B,8) (A,9) (CC,10) (AB,10) (AA,9) (AD,7) (AE,8)
K:(K,0) (J,1) (I,2) (H,3) (G,4) (F,5) (E,6) (D,7) (C,8) (B,9) (A,10) (CC,11) (AB,11) (AA,10) (AD,8) (AE,9)
L:(L,0) (K,1) (J,2) (I,3) (H,4) (G,5) (F,6) (E,7) (D,8) (C,9) (B,10) (A,11) (CC,12) (AB,12) (AA,11) (AD,9) (AE,10)
M:(M,0) (L,1) (K,2) (J,3) (I,4) (H,5) (G,6) (F,7) (E,8) (D,9) (C,10) (B,11) (A,12) (CC,13) (AB,13) (AA,12) (AD,10) (AE,11)
-----
A:(A,0) (CC,1) (AB,1) (AA,0) (AD,-2) (AE,-1)
AA:(AA,0) (AD,-2) (AE,-1) (AB,0) (CC,-27)
AB:(AB,0) (AA,-1) (CC,-28) (AD,-3) (AE,-2)
AD:(AD,0) (AE,1) (AB,2) (AA,1) (CC,-25)
AE:(AE,0) (AB,1) (AA,0) (CC,-27) (AD,-2)
B:(B,0) (A,1) (CC,2) (AB,2) (AA,1) (AD,-1) (AE,0)
C:(C,0) (B,1) (A,2) (CC,3) (AB,3) (AA,2) (AD,0) (AE,1)
CC:(CC,0) (AB,0) (AA,-1) (AD,-3) (AE,-2)
D:(D,0) (C,1) (B,2) (A,3) (CC,4) (AB,4) (AA,3) (AD,1) (AE,2)
E:(E,0) (D,1) (C,2) (B,3) (A,4) (CC,5) (AB,5) (AA,4) (AD,2) (AE,3)
F:(F,0) (E,1) (D,2) (C,3) (B,4) (A,5) (CC,6) (AB,6) (AA,5) (AD,3) (AE,4)
G:(G,0) (F,1) (E,2) (D,3) (C,4) (B,5) (A,6) (CC,7) (AB,7) (AA,6) (AD,4) (AE,5)
H:(H,0) (G,1) (F,2) (E,3) (D,4) (C,5) (B,6) (A,7) (CC,8) (AB,8) (AA,7) (AD,5) (AE,6)
I:(I,0) (H,1) (G,2) (F,3) (E,4) (D,5) (C,6) (B,7) (A,8) (CC,9) (AB,9) (AA,8) (AD,6) (AE,7)
J:(J,0) (I,1) (H,2) (G,3) (F,4) (E,5) (D,6) (C,7) (B,8) (A,9) (CC,10) (AB,10) (AA,9) (AD,7) (AE,8)
K:(K,0) (J,1) (I,2) (H,3) (G,4) (F,5) (E,6) (D,7) (C,8) (B,9) (A,10) (CC,11) (AB,11) (AA,10) (AD,8) (AE,9)
L:(L,0) (K,1) (J,2) (I,3) (H,4) (G,5) (F,6) (E,7) (D,8) (C,9) (B,10) (A,11) (CC,12) (AB,12) (AA,11) (AD,9) (AE,10)
M:(M,0) (L,1) (K,2) (J,3) (I,4) (H,5) (G,6) (F,7) (E,8) (D,9) (C,10) (B,11) (A,12) (CC,13) (AB,13) (AA,12) (AD,10) (AE,11)
-----
A:(A,0) (CC,1) (AB,1) (AA,0) (AD,-2) (AE,-1)
AA:(AA,0) (AD,-2) (AE,-1) (AB,0) (CC,-27)
AB:(AB,0) (AA,-1) (CC,-28) (AD,-3) (AE,-2)
AD:(AD,0) (AE,1) (AB,2) (AA,1) (CC,-26)
AE:(AE,0) (AB,1) (AA,0) (CC,-27) (AD,-2)
B:(B,0) (A,1) (CC,2) (AB,2) (AA,1) (AD,-1) (AE,0)
C:(C,0) (B,1) (A,2) (CC,3) (AB,3) (AA,2) (AD,0) (AE,1)
CC:(CC,0) (AB,0) (AA,-1) (AD,-3) (AE,-2)
D:(D,0) (C,1) (B,2) (A,3) (CC,4) (AB,4) (AA,3) (AD,1) (AE,2)
E:(E,0) (D,1) (C,2) (B,3) (A,4) (CC,5) (AB,5) (AA,4) (AD,2) (AE,3)
F:(F,0) (E,1) (D,2) (C,3) (B,4) (A,5) (CC,6) (AB,6) (AA,5) (AD,3) (AE,4)
G:(G,0) (F,1) (E,2) (D,3) (C,4) (B,5) (A,6) (CC,7) (AB,7) (AA,6) (AD,4) (AE,5)
H:(H,0) (G,1) (F,2) (E,3) (D,4) (C,5) (B,6) (A,7) (CC,8) (AB,8) (AA,7) (AD,5) (AE,6)
I:(I,0) (H,1) (G,2) (F,3) (E,4) (D,5) (C,6) (B,7) (A,8) (CC,9) (AB,9) (AA,8) (AD,6) (AE,7)
J:(J,0) (I,1) (H,2) (G,3) (F,4) (E,5) (D,6) (C,7) (B,8) (A,9) (CC,10) (AB,10) (AA,9) (AD,7) (AE,8)
K:(K,0) (J,1) (I,2) (H,3) (G,4) (F,5) (E,6) (D,7) (C,8) (B,9) (A,10) (CC,11) (AB,11) (AA,10) (AD,8) (AE,9)
L:(L,0) (K,1) (J,2) (I,3) (H,4) (G,5) (F,6) (E,7) (D,8) (C,9) (B,10) (A,11) (CC,12) (AB,12) (AA,11) (AD,9) (AE,10)
M:(M,0) (L,1) (K,2) (J,3) (I,4) (H,5) (G,6) (F,7) (E,8) (D,9) (C,10) (B,11) (A,12) (CC,13) (AB,13) (AA,12) (AD,10) (AE,11)
-----
A:(A,0) (CC,1) (AB,1) (AA,0) (AD,-2) (AE,-1)
AA:(AA,0) (AD,-2) (AE,-1) (AB,0) (CC,-28)
AB:(AB,0) (AA,-1) (CC,-29) (AD,-3) (AE,-2)
AD:(AD,0) (AE,1) (AB,2) (AA,1) (CC,-26)
AE:(AE,0) (AB,1) (AA,0) (CC,-28) (AD,-2)
B:(B,0) (A,1) (CC,2) (AB,2) (AA,1) (AD,-1) (AE,0)
C:(C,0) (B,1) (A,2) (CC,3) (AB,3) (AA,2) (AD,0) (AE,1)
CC:(CC,0) (AB,0) (AA,-1) (AD,-3) (AE,-2)
D:(D,0) (C,1) (B,2) (A,3) (CC,4) (AB,4) (AA,3) (AD,1) (AE,2)
E:(E,0) (D,1) (C,2) (B,3) (A,4) (CC,5) (AB,5) (AA,4) (AD,2) (AE,3)
F:(F,0) (E,1) (D,2) (C,3) (B,4) (A,5) (CC,6) (AB,6) (AA,5) (AD,3) (AE,4)
G:(G,0) (F,1) (E,2) (D,3) (C,4) (B,5) (A,6) (CC,7) (AB,7) (AA,6) (AD,4) (AE,5)
H:(H,0) (G,1) (F,2) (E,3) (D,4) (C,5) (B,6) (A,7) (CC,8) (AB,8) (AA,7) (AD,5) (AE,6)
I:(I,0) (H,1) (G,2) (F,3) (E,4) (D,5) (C,6) (B,7) (A,8) (CC,9) (AB,9) (AA,8) (AD,6) (AE,7)
J:(J,0) (I,1) (H,2) (G,3) (F,4) (E,5) (D,6) (C,7) (B,8) (A,9) (CC,10) (AB,10) (AA,9) (AD,7) (AE,8)
K:(K,0) (J,1) (I,2) (H,3) (G,4) (F,5) (E,6) (D,7) (C,8) (B,9) (A,10) (CC,11) (AB,11) (AA,10) (AD,8) (AE,9)
L:(L,0) (K,1) (J,2) (I,3) (H,4) (G,5) (F,6) (E,7) (D,8) (C,9) (B,10) (A,11) (CC,12) (AB,12) (AA,11) (AD,9) (AE,10)
M:(M,0) (L,1) (K,2) (J,3) (I,4) (H,5) (G,6) (F,7) (E,8) (D,9) (C,10) (B,11) (A,12) (CC,13) (AB,13) (AA,12) (AD,10) (AE,11)
-----
A:(A,0) (CC,1) (AB,1) (AA,0) (AD,-2) (AE,-1)
AA:(AA,0) (AD,-2) (AE,-1) (AB,0) (CC,-28)
AB:(AB,0) (AA,-1) (CC,-29) (AD,-3) (AE,-2)
AD:(AD,0) (AE,1) (AB,2) (AA,1) (CC,-27)
AE:(AE,0) (AB,1) (AA,0) (CC,-28) (AD,-2)
B:(B,0) (A,1) (CC,2) (AB,2) (AA,1) (AD,-1) (AE,0)
C:(C,0) (B,1) (A,2) (CC,3) (AB,3) (AA,2) (AD,0) (AE,1)
CC:(CC,0) (AB,0) (AA,-1) (AD,-3) (AE,-2)
D:(D,0) (C,1) (B,2) (A,3) (CC,4) (AB,4) (AA,3) (AD,1) (AE,2)
E:(E,0) (D,1) (C,2) (B,3) (A,4) (CC,5) (AB,5) (AA,4) (AD,2) (AE,3)
F:(F,0) (E,1) (D,2) (C,3) (B,4) (A,5) (CC,6) (AB,6) (AA,5) (AD,3) (AE,4)
G:(G,0) (F,1) (E,2) (D,3) (C,4) (B,5) (A,6) (CC,7) (AB,7) (AA,6) (AD,4) (AE,5)
H:(H,0) (G,1) (F,2) (E,3) (D,4) (C,5) (B,6) (A,7) (CC,8) (AB,8) (AA,7) (AD,5) (AE,6)
I:(I,0) (H,1) (G,2) (F,3) (E,4) (D,5) (C,6) (B,7) (A,8) (CC,9) (AB,9) (AA,8) (AD,6) (AE,7)
J:(J,0) (I,1) (H,2) (G,3) (F,4) (E,5) (D,6) (C,7) (B,8) (A,9) (CC,10) (AB,10) (AA,9) (AD,7) (AE,8)
K:(K,0) (J,1) (I,2) (H,3) (G,4) (F,5) (E,6) (D,7) (C,8) (B,9) (A,10) (CC,11) (AB,11) (AA,10) (AD,8) (AE,9)
L:(L,0) (K,1) (J,2) (I,3) (H,4) (G,5) (F,6) (E,7) (D,8) (C,9) (B,10) (A,11) (CC,12) (AB,12) (AA,11) (AD,9) (AE,10)
M:(M,0) (L,1) (K,2) (J,3) (I,4) (H,5) (G,6) (F,7) (E,8) (D,9) (C,10) (B,11) (A,12) (CC,13) (AB,13) (AA,12) (AD,10) (AE,11)
-----
A:(A,0) (CC,1) (AB,1) (AA,0) (AD,-2) (AE,-1)
AA:(AA,0) (AD,-2) (AE,-1) (AB,0) (CC,-29)
AB:(AB,0) (AA,-1) (CC,-30) (AD,-3) (AE,-2)
AD:(AD,0) (AE,1) (AB,2) (AA,1) (CC,-27)
AE:(AE,0) (AB,1) (AA,0) (CC,-29) (AD,-2)
B:(B,0) (A,1) (CC,2) (AB,2) (AA,1) (AD,-1) (AE,0)
C:(C,0) (B,1) (A,2) (CC,3) (AB,3) (AA,2) (AD,0) (AE,1)
CC:(CC,0) (AB,0) (AA,-1) (AD,-3) (AE,-2)
D:(D,0) (C,1) (B,2) (A,3) (CC,4) (AB,4) (AA,3) (AD,1) (AE,2)
E:(E,0) (D,1) (C,2) (B,3) (A,4) (CC,5) (AB,5) (AA,4) (AD,2) (AE,3)
F:(F,0) (E,1) (D,2) (C,3) (B,4) (A,5) (CC,6) (AB,6) (AA,5) (AD,3) (AE,4)
G:(G,0) (F,1) (E,2) (D,3) (C,4) (B,5) (A,6) (CC,7) (AB,7) (AA,6) (AD,4) (AE,5)
H:(H,0) (G,1) (F,2) (E,3) (D,4) (C,5) (B,6) (A,7) (CC,8) (AB,8) (AA,7) (AD,5) (AE,6)
I:(I,0) (H,1) (G,2) (F,3) (E,4) (D,5) (C,6) (B,7) (A,8) (CC,9) (AB,9) (AA,8) (AD,6) (AE,7)
J:(J,0) (I,1) (H,2) (G,3) (F,4) (E,5) (D,6) (C,7) (B,8) (A,9) (CC,10) (AB,10) (AA,9) (AD,7) (AE,8)
K:(K,0) (J,1) (I,2) (H,3) (G,4) (F,5) (E,6) (D,7) (C,8) (B,9) (A,10) (CC,11) (AB,11) (AA,10) (AD,8) (AE,9)
L:(L,0) (K,1) (J,2) (I,3) (H,4) (G,5) (F,6) (E,7) (D,8) (C,9) (B,10) (A,11) (CC,12) (AB,12) (AA,11) (AD,9) (AE,10)
M:(M,0) (L,1) (K,2) (J,3) (I,4) (H,5) (G,6) (F,7) (E,8) (D,9) (C,10) (B,11) (A,12) (CC,13) (AB,13) (AA,12) (AD,10) (AE,11)
-----
A:(A,0) (CC,1) (AB,1) (AA,0) (AD,-2) (AE,-1)
AA:(AA,0) (AD,-2) (AE,-1) (AB,0) (CC,-29)
AB:(AB,0) (AA,-1) (CC,-30) (AD,-3) (AE,-2)
AD:(AD,0) (AE,1) (AB,2) (AA,1) (CC,-28)
AE:(AE,0) (AB,1) (AA,0) (CC,-29) (AD,-2)
B:(B,0) (A,1) (CC,2) (AB,2) (AA,1) (AD,-1) (AE,0)
C:(C,0) (B,1) (A,2) (CC,3) (AB,3) (AA,2) (AD,0) (AE,1)
CC:(CC,0) (AB,0) (AA,-1) (AD,-3) (AE,-2)
D:(D,0) (C,1) (B,2) (A,3) (CC,4) (AB,4) (AA,3) (AD,1) (AE,2)
E:(E,0) (D,1) (C,2) (B,3) (A,4) (CC,5) (AB,5) (AA,4) (AD,2) (AE,3)
F:(F,0) (E,1) (D,2) (C,3) (B,4) (A,5) (CC,6) (AB,6) (AA,5) (AD,3) (AE,4)
G:(G,0) (F,1) (E,2) (D,3) (C,4) (B,5) (A,6) (CC,7) (AB,7) (AA,6) (AD,4) (AE,5)
H:(H,0) (G,1) (F,2) (E,3) (D,4) (C,5) (B,6) (A,7) (CC,8) (AB,8) (AA,7) (AD,5) (AE,6)
I:(I,0) (H,1) (G,2) (F,3) (E,4) (D,5) (C,6) (B,7) (A,8) (CC,9) (AB,9) (AA,8) (AD,6) (AE,7)
J:(J,0) (I,1) (H,2) (G,3) (F,4) (E,5) (D,6) (C,7) (B,8) (A,9) (CC,10) (AB,10) (AA,9) (AD,7) (AE,8)
K:(K,0) (J,1) (I,2) (H,3) (G,4) (F,5) (E,6) (D,7) (C,8) (B,9) (A,10) (CC,11) (AB,11) (AA,10) (AD,8) (AE,9)
L:(L,0) (K,1) (J,2) (I,3) (H,4) (G,5) (F,6) (E,7) (D,8) (C,9) (B,10) (A,11) (CC,12) (AB,12) (AA,11) (AD,9) (AE,10)
M:(M,0) (L,1) (K,2) (J,3) (I,4) (H,5) (G,6) (F,7) (E,8) (D,9) (C,10) (B,11) (A,12) (CC,13) (AB,13) (AA,12) (AD,10) (AE,11)
-----
A:(A,0) (CC,1) (AB,1) (AA,0) (AD,-2) (AE,-1)
AA:(AA,0) (AD,-2) (AE,-1) (AB,0) (CC,-30)
AB:(AB,0) (AA,-1) (CC,-31) (AD,-3) (AE,-2)
AD:(AD,0) (AE,1) (AB,2) (AA,1) (CC,-28)
AE:(AE,0) (AB,1) (AA,0) (CC,-30) (AD,-2)
B:(B,0) (A,1) (CC,2) (AB,2) (AA,1) (AD,-1) (AE,0)
C:(C,0) (B,1) (A,2) (CC,3) (AB,3) (AA,2) (AD,0) (AE,1)
CC:(CC,0) (AB,0) (AA,-1) (AD,-3) (AE,-2)
D:(D,0) (C,1) (B,2) (A,3) (CC,4) (AB,4) (AA,3) (AD,1) (AE,2)
E:(E,0) (D,1) (C,2) (B,3) (A,4) (CC,5) (AB,5) (AA,4) (AD,2) (AE,3)
F:(F,0) (E,1) (D,2) (C,3) (B,4) (A,5) (CC,6) (AB,6) (AA,5) (AD,3) (AE,4)
G:(G,0) (F,1) (E,2) (D,3) (C,4) (B,5) (A,6) (CC,7) (AB,7) (AA,6) (AD,4) (AE,5)
H:(H,0) (G,1) (F,2) (E,3) (D,4) (C,5) (B,6) (A,7) (CC,8) (AB,8) (AA,7) (AD,5) (AE,6)
I:(I,0) (H,1) (G,2) (F,3) (E,4) (D,5) (C,6) (B,7) (A,8) (CC,9) (AB,9) (AA,8) (AD,6) (AE,7)
J:(J,0) (I,1) (H,2) (G,3) (F,4) (E,5) (D,6) (C,7) (B,8) (A,9) (CC,10) (AB,10) (AA,9) (AD,7) (AE,8)
K:(K,0) (J,1) (I,2) (H,3) (G,4) (F,5) (E,6) (D,7) (C,8) (B,9) (A,10) (CC,11) (AB,11) (AA,10) (AD,8) (AE,9)
L:(L,0) (K,1) (J,2) (I,3) (H,4) (G,5) (F,6) (E,7) (D,8) (C,9) (B,10) (A,11) (CC,12) (AB,12) (AA,11) (AD,9) (AE,10)
M:(M,0) (L,1) (K,2) (J,3) (I,4) (H,5) (G,6) (F,7) (E,8) (D,9) (C,10) (B,11) (A,12) (CC,13) (AB,13) (AA,12) (AD,10) (AE,11)
-----
A:(A,0) (CC,1) (AB,1) (AA,0) (AD,-2) (AE,-1)
AA:(AA,0) (AD,-2) (AE,-1) (AB,0) (CC,-30)
AB:(AB,0) (AA,-1) (CC,-31) (AD,-3) (AE,-2)
AD:(AD,0) (AE,1) (AB,2) (AA,1) (CC,-29)
AE:(AE,0) (AB,1) (AA,0) (CC,-30) (AD,-2)
B:(B,0) (A,1) (CC,2) (AB,2) (AA,1) (AD,-1) (AE,0)
C:(C,0) (B,1) (A,2) (CC,3) (AB,3) (AA,2) (AD,0) (AE,1)
CC:(CC,0) (AB,0) (AA,-1) (AD,-3) (AE,-2)
D:(D,0) (C,1) (B,2) (A,3) (CC,4) (AB,4) (AA,3) (AD,1) (AE,2)
E:(E,0) (D,1) (C,2) (B,3) (A,4) (CC,5) (AB,5) (AA,4) (AD,2) (AE,3)
F:(F,0) (E,1) (D,2) (C,3) (B,4) (A,5) (CC,6) (AB,6) (AA,5) (AD,3) (AE,4)
G:(G,0) (F,1) (E,2) (D,3) (C,4) (B,5) (A,6) (CC,7) (AB,7) (AA,6) (AD,4) (AE,5)
H:(H,0) (G,1) (F,2) (E,3) (D,4) (C,5) (B,6) (A,7) (CC,8) (AB,8) (AA,7) (AD,5) (AE,6)
I:(I,0) (H,1) (G,2) (F,3) (E,4) (D,5) (C,6) (B,7) (A,8) (CC,9) (AB,9) (AA,8) (AD,6) (AE,7)
J:(J,0) (I,1) (H,2) (G,3) (F,4) (E,5) (D,6) (C,7) (B,8) (A,9) (CC,10) (AB,10) (AA,9) (AD,7) (AE,8)
K:(K,0) (J,1) (I,2) (H,3) (G,4) (F,5) (E,6) (D,7) (C,8) (B,9) (A,10) (CC,11) (AB,11) (AA,10) (AD,8) (AE,9)
L:(L,0) (K,1) (J,2) (I,3) (H,4) (G,5) (F,6) (E,7) (D,8) (C,9) (B,10) (A,11) (CC,12) (AB,12) (AA,11) (AD,9) (AE,10)
M:(M,0) (L,1) (K,2) (J,3) (I,4) (H,5) (G,6) (F,7) (E,8) (D,9) (C,10) (B,11) (A,12) (CC,13) (AB,13) (AA,12) (AD,10) (AE,11)
-----
A:(A,0) (CC,1) (AB,1) (AA,0) (AD,-2) (AE,-1)
AA:(AA,0) (AD,-2) (AE,-1) (AB,0) (CC,-31)
AB:(AB,0) (AA,-1) (CC,-32) (AD,-3) (AE,-2)
AD:(AD,0) (AE,1) (AB,2) (AA,1) (CC,-29)
AE:(AE,0) (AB,1) (AA,0) (CC,-31) (AD,-2)
B:(B,0) (A,1) (CC,2) (AB,2) (AA,1) (AD,-1) (AE,0)
C:(C,0) (B,1) (A,2) (CC,3) (AB,3) (AA,2) (AD,0) (AE,1)
CC:(CC,0) (AB,0) (AA,-1) (AD,-3) (AE,-2)
D:(D,0) (C,1) (B,2) (A,3) (CC,4) (AB,4) (AA,3) (AD,1) (AE,2)
E:(E,0) (D,1) (C,2) (B,3) (A,4) (CC,5) (AB,5) (AA,4) (AD,2) (AE,3)
F:(F,0) (E,1) (D,2) (C,3) (B,4) (A,5) (CC,6) (AB,6) (AA,5) (AD,3) (AE,4)
G:(G,0) (F,1) (E,2) (D,3) (C,4) (B,5) (A,6) (CC,7) (AB,7) (AA,6) (AD,4) (AE,5)
H:(H,0) (G,1) (F,2) (E,3) (D,4) (C,5) (B,6) (A,7) (CC,8) (AB,8) (AA,7) (AD,5) (AE,6)
I:(I,0) (H,1) (G,2) (F,3) (E,4) (D,5) (C,6) (B,7) (A,8) (CC,9) (AB,9) (AA,8) (AD,6) (AE,7)
J:(J,0) (I,1) (H,2) (G,3) (F,4) (E,5) (D,6) (C,7) (B,8) (A,9) (CC,10) (AB,10) (AA,9) (AD,7) (AE,8)
K:(K,0) (J,1) (I,2) (H,3) (G,4) (F,5) (E,6) (D,7) (C,8) (B,9) (A,10) (CC,11) (AB,11) (AA,10) (AD,8) (AE,9)
L:(L,0) (K,1) (J,2) (I,3) (H,4) (G,5) (F,6) (E,7) (D,8) (C,9) (B,10) (A,11) (CC,12) (AB,12) (AA,11) (AD,9) (AE,10)
M:(M,0) (L,1) (K,2) (J,3) (I,4) (H,5) (G,6) (F,7) (E,8) (D,9) (C,10) (B,11) (A,12) (CC,13) (AB,13) (AA,12) (AD,10) (AE,11)
-----
A:(A,0) (CC,1) (AB,1) (AA,0) (AD,-2) (AE,-1)
AA:(AA,0) (AD,-2) (AE,-1) (AB,0) (CC,-31)
AB:(AB,0) (AA,-1) (CC,-32) (AD,-3) (AE,-2)
AD:(AD,0) (AE,1) (AB,2) (AA,1) (CC,-30)
AE:(AE,0) (AB,1) (AA,0) (CC,-31) (AD,-2)
B:(B,0) (A,1) (CC,2) (AB,2) (AA,1) (AD,-1) (AE,0)
C:(C,0) (B,1) (A,2) (CC,3) (AB,3) (AA,2) (AD,0) (AE,1)
CC:(CC,0) (AB,0) (AA,-1) (AD,-3) (AE,-2)
D:(D,0) (C,1) (B,2) (A,3) (CC,4) (AB,4) (AA,3) (AD,1) (AE,2)
E:(E,0) (D,1) (C,2) (B,3) (A,4) (CC,5) (AB,5) (AA,4) (AD,2) (AE,3)
F:(F,0) (E,1) (D,2) (C,3) (B,4) (A,5) (CC,6) (AB,6) (AA,5) (AD,3) (AE,4)
G:(G,0) (F,1) (E,2) (D,3) (C,4) (B,5) (A,6) (CC,7) (AB,7) (AA,6) (AD,4) (AE,5)
H:(H,0) (G,1) (F,2) (E,3) (D,4) (C,5) (B,6) (A,7) (CC,8) (AB,8) (AA,7) (AD,5) (AE,6)
I:(I,0) (H,1) (G,2) (F,3) (E,4) (D,5) (C,6) (B,7) (A,8) (CC,9) (AB,9) (AA,8) (AD,6) (AE,7)
J:(J,0) (I,1) (H,2) (G,3) (F,4) (E,5) (D,6) (C,7) (B,8) (A,9) (CC,10) (AB,10) (AA,9) (AD,7) (AE,8)
K:(K,0) (J,1) (I,2) (H,3) (G,4) (F,5) (E,6) (D,7) (C,8) (B,9) (A,10) (CC,11) (AB,11) (AA,10) (AD,8) (AE,9)
L:(L,0) (K,1) (J,2) (I,3) (H,4) (G,5) (F,6) (E,7) (D,8) (C,9) (B,10) (A,11) (CC,12) (AB,12) (AA,11) (AD,9) (AE,10)
M:(M,0) (L,1) (K,2) (J,3) (I,4) (H,5) (G,6) (F,7) (E,8) (D,9) (C,10) (B,11) (A,12) (CC,13) (AB,13) (AA,12) (AD,10) (AE,11)
-----
A:(A,0) (CC,1) (AB,1) (AA,0) (AD,-2) (AE,-1)
AA:(AA,0) (AD,-2) (AE,-1) (AB,0) (CC,-32)
AB:(AB,0) (AA,-1) (CC,-33) (AD,-3) (AE,-2)
AD:(AD,0) (AE,1) (AB,2) (AA,1) (CC,-30)
AE:(AE,0) (AB,1) (AA,0) (CC,-32) (AD,-2)
B:(B,0) (A,1) (CC,2) (AB,2) (AA,1) (AD,-1) (AE,0)
C:(C,0) (B,1) (A,2) (CC,3) (AB,3) (AA,2) (AD,0) (AE,1)
CC:(CC,0) (AB,0) (AA,-1) (AD,-3) (AE,-2)
D:(D,0) (C,1) (B,2) (A,3) (CC,4) (AB,4) (AA,3) (AD,1) (AE,2)
E:(E,0) (D,1) (C,2) (B,3) (A,4) (CC,5) (AB,5) (AA,4) (AD,2) (AE,3)
F:(F,0) (E,1) (D,2) (C,3) (B,4) (A,5) (CC,6) (AB,6) (AA,5) (AD,3) (AE,4)
G:(G,0) (F,1) (E,2) (D,3) (C,4) (B,5) (A,6) (CC,7) (AB,7) (AA,6) (AD,4) (AE,5)
H:(H,0) (G,1) (F,2) (E,3) (D,4) (C,5) (B,6) (A,7) (CC,8) (AB,8) (AA,7) (AD,5) (AE,6)
I:(I,0) (H,1) (G,2) (F,3) (E,4) (D,5) (C,6) (B,7) (A,8) (CC,9) (AB,9) (AA,8) (AD,6) (AE,7)
J:(J,0) (I,1) (H,2) (G,3) (F,4) (E,5) (D,6) (C,7) (B,8) (A,9) (CC,10) (AB,10) (AA,9) (AD,7) (AE,8)
K:(K,0) (J,1) (I,2) (H,3) (G,4) (F,5) (E,6) (D,7) (C,8) (B,9) (A,10) (CC,11) (AB,11) (AA,10) (AD,8) (AE,9)
L:(L,0) (K,1) (J,2) (I,3) (H,4) (G,5) (F,6) (E,7) (D,8) (C,9) (B,10) (A,11) (CC,12) (AB,12) (AA,11) (AD,9) (AE,10)
M:(M,0) (L,1) (K,2) (J,3) (I,4) (H,5) (G,6) (F,7) (E,8) (D,9) (C,10) (B,11) (A,12) (CC,13) (AB,13) (AA,12) (AD,10) (AE,11)
-----
A:(A,0) (CC,1) (AB,1) (AA,0) (AD,-2) (AE,-1)
AA:(AA,0) (AD,-2) (AE,-1) (AB,0) (CC,-32)
AB:(AB,0) (AA,-1) (CC,-33) (AD,-3) (AE,-2)
AD:(AD,0) (AE,1) (AB,2) (AA,1) (CC,-31)
AE:(AE,0) (AB,1) (AA,0) (CC,-32) (AD,-2)
B:(B,0) (A,1) (CC,2) (AB,2) (AA,1) (AD,-1) (AE,0)
C:(C,0) (B,1) (A,2) (CC,3) (AB,3) (AA,2) (AD,0) (AE,1)
CC:(CC,0) (AB,0) (AA,-1) (AD,-3) (AE,-2)
D:(D,0) (C,1) (B,2) (A,3) (CC,4) (AB,4) (AA,3) (AD,1) (AE,2)
E:(E,0) (D,1) (C,2) (B,3) (A,4) (CC,5) (AB,5) (AA,4) (AD,2) (AE,3)
F:(F,0) (E,1) (D,2) (C,3) (B,4) (A,5) (CC,6) (AB,6) (AA,5) (AD,3) (AE,4)
G:(G,0) (F,1) (E,2) (D,3) (C,4) (B,5) (A,6) (CC,7) (AB,7) (AA,6) (AD,4) (AE,5)
H:(H,0) (G,1) (F,2) (E,3) (D,4) (C,5) (B,6) (A,7) (CC,8) (AB,8) (AA,7) (AD,5) (AE,6)
I:(I,0) (H,1) (G,2) (F,3) (E,4) (D,5) (C,6) (B,7) (A,8) (CC,9) (AB,9) (AA,8) (AD,6) (AE,7)
J:(J,0) (I,1) (H,2) (G,3) (F,4) (E,5) (D,6) (C,7) (B,8) (A,9) (CC,10) (AB,10) (AA,9) (AD,7) (AE,8)
K:(K,0) (J,1) (I,2) (H,3) (G,4) (F,5) (E,6) (D,7) (C,8) (B,9) (A,10) (CC,11) (AB,11) (AA,10) (AD,8) (AE,9)
L:(L,0) (K,1) (J,2) (I,3) (H,4) (G,5) (F,6) (E,7) (D,8) (C,9) (B,10) (A,11) (CC,12) (AB,12) (AA,11) (AD,9) (AE,10)
M:(M,0) (L,1) (K,2) (J,3) (I,4) (H,5) (G,6) (F,7) (E,8) (D,9) (C,10) (B,11) (A,12) (CC,13) (AB,13) (AA,12) (AD,10) (AE,11)
-----
A:(A,0) (CC,1) (AB,1) (AA,0) (AD,-2) (AE,-1)
AA:(AA,0) (AD,-2) (AE,-1) (AB,0) (CC,-33)
AB:(AB,0) (AA,-1) (CC,-34) (AD,-3) (AE,-2)
AD:(AD,0) (AE,1) (AB,2) (AA,1) (CC,-31)
AE:(AE,0) (AB,1) (AA,0) (CC,-33) (AD,-2)
B:(B,0) (A,1) (CC,2) (AB,2) (AA,1) (AD,-1) (AE,0)
C:(C,0) (B,1) (A,2) (CC,3) (AB,3) (AA,2) (AD,0) (AE,1)
CC:(CC,0) (AB,0) (AA,-1) (AD,-3) (AE,-2)
D:(D,0) (C,1) (B,2) (A,3) (CC,4) (AB,4) (AA,3) (AD,1) (AE,2)
E:(E,0) (D,1) (C,2) (B,3) (A,4) (CC,5) (AB,5) (AA,4) (AD,2) (AE,3)
F:(F,0) (E,1) (D,2) (C,3) (B,4) (A,5) (CC,6) (AB,6) (AA,5) (AD,3) (AE,4)
G:(G,0) (F,1) (E,2) (D,3) (C,4) (B,5) (A,6) (CC,7) (AB,7) (AA,6) (AD,4) (AE,5)
H:(H,0) (G,1) (F,2) (E,3) (D,4) (C,5) (B,6) (A,7) (CC,8) (AB,8) (AA,7) (AD,5) (AE,6)
I:(I,0) (H,1) (G,2) (F,3) (E,4) (D,5) (C,6) (B,7) (A,8) (CC,9) (AB,9) (AA,8) (AD,6) (AE,7)
J:(J,0) (I,1) (H,2) (G,3) (F,4) (E,5) (D,6) (C,7) (B,8) (A,9) (CC,10) (AB,10) (AA,9) (AD,7) (AE,8)
K:(K,0) (J,1) (I,2) (H,3) (G,4) (F,5) (E,6) (D,7) (C,8) (B,9) (A,10) (CC,11) (AB,11) (AA,10) (AD,8) (AE,9)
L:(L,0) (K,1) (J,2) (I,3) (H,4) (G,5) (F,6) (E,7) (D,8) (C,9) (B,10) (A,11) (CC,12) (AB,12) (AA,11) (AD,9) (AE,10)
M:(M,0) (L,1) (K,2) (J,3) (I,4) (H,5) (G,6) (F,7) (E,8) (D,9) (C,10) (B,11) (A,12) (CC,13) (AB,13) (AA,12) (AD,10) (AE,11)
-----
A:(A,0) (CC,1) (AB,1) (AA,0) (AD,-2) (AE,-1)
AA:(AA,0) (AD,-2) (AE,-1) (AB,0) (CC,-33)
AB:(AB,0) (AA,-1) (CC,-34) (AD,-3) (AE,-2)
AD:(AD,0) (AE,1) (AB,2) (AA,1) (CC,-32)
AE:(AE,0) (AB,1) (AA,0) (CC,-33) (AD,-2)
B:(B,0) (A,1) (CC,2) (AB,2) (AA,1) (AD,-1) (AE,0)
C:(C,0) (B,1) (A,2) (CC,3) (AB,3) (AA,2) (AD,0) (AE,1)
CC:(CC,0) (AB,0) (AA,-1) (AD,-3) (AE,-2)
D:(D,0) (C,1) (B,2) (A,3) (CC,4) (AB,4) (AA,3) (AD,1) (AE,2)
E:(E,0) (D,1) (C,2) (B,3) (A,4) (CC,5) (AB,5) (AA,4) (AD,2) (AE,3)
F:(F,0) (E,1) (D,2) (C,3) (B,4) (A,5) (CC,6) (AB,6) (AA,5) (AD,3) (AE,4)
G:(G,0) (F,1) (E,2) (D,3) (C,4) (B,5) (A,6) (CC,7) (AB,7) (AA,6) (AD,4) (AE,5)
H:(H,0) (G,1) (F,2) (E,3) (D,4) (C,5) (B,6) (A,7) (CC,8) (AB,8) (AA,7) (AD,5) (AE,6)
I:(I,0) (H,1) (G,2) (F,3) (E,4) (D,5) (C,6) (B,7) (A,8) (CC,9) (AB,9) (AA,8) (AD,6) (AE,7)
J:(J,0) (I,1) (H,2) (G,3) (F,4) (E,5) (D,6) (C,7) (B,8) (A,9) (CC,10) (AB,10) (AA,9) (AD,7) (AE,8)
K:(K,0) (J,1) (I,2) (H,3) (G,4) (F,5) (E,6) (D,7) (C,8) (B,9) (A,10) (CC,11) (AB,11) (AA,10) (AD,8) (AE,9)
L:(L,0) (K,1) (J,2) (I,3) (H,4) (G,5) (F,6) (E,7) (D,8) (C,9) (B,10) (A,11) (CC,12) (AB,12) (AA,11) (AD,9) (AE,10)
M:(M,0) (L,1) (K,2) (J,3) (I,4) (H,5) (G,6) (F,7) (E,8) (D,9) (C,10) (B,11) (A,12) (CC,13) (AB,13) (AA,12) (AD,10) (AE,11)
-----
A:(A,0) (CC,1) (AB,1) (AA,0) (AD,-2) (AE,-1)
AA:(AA,0) (AD,-2) (AE,-1) (AB,0) (CC,-34)
AB:(AB,0) (AA,-1) (CC,-35) (AD,-3) (AE,-2)
AD:(AD,0) (AE,1) (AB,2) (AA,1) (CC,-32)
AE:(AE,0) (AB,1) (AA,0) (CC,-34) (AD,-2)
B:(B,0) (A,1) (CC,2) (AB,2) (AA,1) (AD,-1) (AE,0)
C:(C,0) (B,1) (A,2) (CC,3) (AB,3) (AA,2) (AD,0) (AE,1)
CC:(CC,0) (AB,0) (AA,-1) (AD,-3) (AE,-2)
D:(D,0) (C,1) (B,2) (A,3) (CC,4) (AB,4) (AA,3) (AD,1) (AE,2)
E:(E,0) (D,1) (C,2) (B,3) (A,4) (CC,5) (AB,5) (AA,4) (AD,2) (AE,3)
F:(F,0) (E,1) (D,2) (C,3) (B,4) (A,5) (CC,6) (AB,6) (AA,5) (AD,3) (AE,4)
G:(G,0) (F,1) (E,2) (D,3) (C,4) (B,5) (A,6) (CC,7) (AB,7) (AA,6) (AD,4) (AE,5)
H:(H,0) (G,1) (F,2) (E,3) (D,4) (C,5) (B,6) (A,7) (CC,8) (AB,8) (AA,7) (AD,5) (AE,6)
I:(I,0) (H,1) (G,2) (F,3) (E,4) (D,5) (C,6) (B,7) (A,8) (CC,9) (AB,9) (AA,8) (AD,6) (AE,7)
J:(J,0) (I,1) (H,2) (G,3) (F,4) (E,5) (D,6) (C,7) (B,8) (A,9) (CC,10) (AB,10) (AA,9) (AD,7) (AE,8)
K:(K,0) (J,1) (I,2) (H,3) (G,4) (F,5) (E,6) (D,7) (C,8) (B,9) (A,10) (CC,11) (AB,11) (AA,10) (AD,8) (AE,9)
L:(L,0) (K,1) (J,2) (I,3) (H,4) (G,5) (F,6) (E,7) (D,8) (C,9) (B,10) (A,11) (CC,12) (AB,12) (AA,11) (AD,9) (AE,10)
M:(M,0) (L,1) (K,2) (J,3) (I,4) (H,5) (G,6) (F,7) (E,8) (D,9) (C,10) (B,11) (A,12) (CC,13) (AB,13) (AA,12) (AD,10) (AE,11)
-----
A:(A,0) (CC,1) (AB,1) (AA,0) (AD,-2) (AE,-1)
AA:(AA,0) (AD,-2) (AE,-1) (AB,0) (CC,-34)
AB:(AB,0) (AA,-1) (CC,-35) (AD,-3) (AE,-2)
AD:(AD,0) (AE,1) (AB,2) (AA,1) (CC,-33)
AE:(AE,0) (AB,1) (AA,0) (CC,-34) (AD,-2)
B:(B,0) (A,1) (CC,2) (AB,2) (AA,1) (AD,-1) (AE,0)
C:(C,0) (B,1) (A,2) (CC,3) (AB,3) (AA,2) (AD,0) (AE,1)
CC:(CC,0) (AB,0) (AA,-1) (AD,-3) (AE,-2)
D:(D,0) (C,1) (B,2) (A,3) (CC,4) (AB,4) (AA,3) (AD,1) (AE,2)
E:(E,0) (D,1) (C,2) (B,3) (A,4) (CC,5) (AB,5) (AA,4) (AD,2) (AE,3)
F:(F,0) (E,1) (D,2) (C,3) (B,4) (A,5) (CC,6) (AB,6) (AA,5) (AD,3) (AE,4)
G:(G,0) (F,1) (E,2) (D,3) (C,4) (B,5) (A,6) (CC,7) (AB,7) (AA,6) (AD,4) (AE,5)
H:(H,0) (G,1) (F,2) (E,3) (D,4) (C,5) (B,6) (A,7) (CC,8) (AB,8) (AA,7) (AD,5) (AE,6)
I:(I,0) (H,1) (G,2) (F,3) (E,4) (D,5) (C,6) (B,7) (A,8) (CC,9) (AB,9) (AA,8) (AD,6) (AE,7)
J:(J,0) (I,1) (H,2) (G,3) (F,4) (E,5) (D,6) (C,7) (B,8) (A,9) (CC,10) (AB,10) (AA,9) (AD,7) (AE,8)
K:(K,0) (J,1) (I,2) (H,3) (G,4) (F,5) (E,6) (D,7) (C,8) (B,9) (A,10) (CC,11) (AB,11) (AA,10) (AD,8) (AE,9)
L:(L,0) (K,1) (J,2) (I,3) (H,4) (G,5) (F,6) (E,7) (D,8) (C,9) (B,10) (A,11) (CC,12) (AB,12) (AA,11) (AD,9) (AE,10)
M:(M,0) (L,1) (K,2) (J,3) (I,4) (H,5) (G,6) (F,7) (E,8) (D,9) (C,10) (B,11) (A,12) (CC,13) (AB,13) (AA,12) (AD,10) (AE,11)
-----
A:(A,0) (CC,1) (AB,1) (AA,0) (AD,-2) (AE,-1)
AA:(AA,0) (AD,-2) (AE,-1) (AB,0) (CC,-35)
AB:(AB,0) (AA,-1) (CC,-36) (AD,-3) (AE,-2)
AD:(AD,0) (AE,1) (AB,2) (AA,1) (CC,-33)
AE:(AE,0) (AB,1) (AA,0) (CC,-35) (AD,-2)
B:(B,0) (A,1) (CC,2) (AB,2) (AA,1) (AD,-1) (AE,0)
C:(C,0) (B,1) (A,2) (CC,3) (AB,3) (AA,2) (AD,0) (AE,1)
CC:(CC,0) (AB,0) (AA,-1) (AD,-3) (AE,-2)
D:(D,0) (C,1) (B,2) (A,3) (CC,4) (AB,4) (AA,3) (AD,1) (AE,2)
E:(E,0) (D,1) (C,2) (B,3) (A,4) (CC,5) (AB,5) (AA,4) (AD,2) (AE,3)
F:(F,0) (E,1) (D,2) (C,3) (B,4) (A,5) (CC,6) (AB,6) (AA,5) (AD,3) (AE,4)
G:(G,0) (F,1) (E,2) (D,3) (C,4) (B,5) (A,6) (CC,7) (AB,7) (AA,6) (AD,4) (AE,5)
H:(H,0) (G,1) (F,2) (E,3) (D,4) (C,5) (B,6) (A,7) (CC,8) (AB,8) (AA,7) (AD,5) (AE,6)
I:(I,0) (H,1) (G,2) (F,3) (E,4) (D,5) (C,6) (B,7) (A,8) (CC,9) (AB,9) (AA,8) (AD,6) (AE,7)
J:(J,0) (I,1) (H,2) (G,3) (F,4) (E,5) (D,6) (C,7) (B,8) (A,9) (CC,10) (AB,10) (AA,9) (AD,7) (AE,8)
K:(K,0) (J,1) (I,2) (H,3) (G,4) (F,5) (E,6) (D,7) (C,8) (B,9) (A,10) (CC,11) (AB,11) (AA,10) (AD,8) (AE,9)
L:(L,0) (K,1) (J,2) (I,3) (H,4) (G,5) (F,6) (E,7) (D,8) (C,9) (B,10) (A,11) (CC,12) (AB,12) (AA,11) (AD,9) (AE,10)
M:(M,0) (L,1) (K,2) (J,3) (I,4) (H,5) (G,6) (F,7) (E,8) (D,9) (C,10) (B,11) (A,12) (CC,13) (AB,13) (AA,12) (AD,10) (AE,11)
-----
A:(A,0) (CC,1) (AB,1) (AA,0) (AD,-2) (AE,-1)
AA:(AA,0) (AD,-2) (AE,-1) (AB,0) (CC,-35)
AB:(AB,0) (AA,-1) (CC,-36) (AD,-3) (AE,-2)
AD:(AD,0) (AE,1) (AB,2) (AA,1) (CC,-34)
AE:(AE,0) (AB,1) (AA,0) (CC,-35) (AD,-2)
B:(B,0) (A,1) (CC,2) (AB,2) (AA,1) (AD,-1) (AE,0)
C:(C,0) (B,1) (A,2) (CC,3) (AB,3) (AA,2) (AD,0) (AE,1)
CC:(CC,0) (AB,0) (AA,-1) (AD,-3) (AE,-2)
D:(D,0) (C,1) (B,2) (A,3) (CC,4) (AB,4) (AA,3) (AD,1) (AE,2)
E:(E,0) (D,1) (C,2) (B,3) (A,4) (CC,5) (AB,5) (AA,4) (AD,2) (AE,3)
F:(F,0) (E,1) (D,2) (C,3) (B,4) (A,5) (CC,6) (AB,6) (AA,5) (AD,3) (AE,4)
G:(G,0) (F,1) (E,2) (D,3) (C,4) (B,5) (A,6) (CC,7) (AB,7) (AA,6) (AD,4) (AE,5)
H:(H,0) (G,1) (F,2) (E,3) (D,4) (C,5) (B,6) (A,7) (CC,8) (AB,8) (AA,7) (AD,5) (AE,6)
I:(I,0) (H,1) (G,2) (F,3) (E,4) (D,5) (C,6) (B,7) (A,8) (CC,9) (AB,9) (AA,8) (AD,6) (AE,7)
J:(J,0) (I,1) (H,2) (G,3) (F,4) (E,5) (D,6) (C,7) (B,8) (A,9) (CC,10) (AB,10) (AA,9) (AD,7) (AE,8)
K:(K,0) (J,1) (I,2) (H,3) (G,4) (F,5) (E,6) (D,7) (C,8) (B,9) (A,10) (CC,11) (AB,11) (AA,10) (AD,8) (AE,9)
L:(L,0) (K,1) (J,2) (I,3) (H,4) (G,5) (F,6) (E,7) (D,8) (C,9) (B,10) (A,11) (CC,12) (AB,12) (AA,11) (AD,9) (AE,10)
M:(M,0) (L,1) (K,2) (J,3) (I,4) (H,5) (G,6) (F,7) (E,8) (D,9) (C,10) (B,11) (A,12) (CC,13) (AB,13) (AA,12) (AD,10) (AE,11)
-----
A:(A,0) (CC,1) (AB,1) (AA,0) (AD,-2) (AE,-1)
AA:(AA,0) (AD,-2) (AE,-1) (AB,0) (CC,-36)
AB:(AB,0) (AA,-1) (CC,-37) (AD,-3) (AE,-2)
AD:(AD,0) (AE,1) (AB,2) (AA,1) (CC,-34)
AE:(AE,0) (AB,1) (AA,0) (CC,-36) (AD,-2)
B:(B,0) (A,1) (CC,2) (AB,2) (AA,1) (AD,-1) (AE,0)
C:(C,0) (B,1) (A,2) (CC,3) (AB,3) (AA,2) (AD,0) (AE,1)
CC:(CC,0) (AB,0) (AA,-1) (AD,-3) (AE,-2)
D:(D,0) (C,1) (B,2) (A,3) (CC,4) (AB,4) (AA,3) (AD,1) (AE,2)
E:(E,0) (D,1) (C,2) (B,3) (A,4) (CC,5) (AB,5) (AA,4) (AD,2) (AE,3)
F:(F,0) (E,1) (D,2) (C,3) (B,4) (A,5) (CC,6) (AB,6) (AA,5) (AD,3) (AE,4)
G:(G,0) (F,1) (E,2) (D,3) (C,4) (B,5) (A,6) (CC,7) (AB,7) (AA,6) (AD,4) (AE,5)
H:(H,0) (G,1) (F,2) (E,3) (D,4) (C,5) (B,6) (A,7) (CC,8) (AB,8) (AA,7) (AD,5) (AE,6)
I:(I,0) (H,1) (G,2) (F,3) (E,4) (D,5) (C,6) (B,7) (A,8) (CC,9) (AB,9) (AA,8) (AD,6) (AE,7)
J:(J,0) (I,1) (H,2) (G,3) (F,4) (E,5) (D,6) (C,7) (B,8) (A,9) (CC,10) (AB,10) (AA,9) (AD,7) (AE,8)
K:(K,0) (J,1) (I,2) (H,3) (G,4) (F,5) (E,6) (D,7) (C,8) (B,9) (A,10) (CC,11) (AB,11) (AA,10) (AD,8) (AE,9)
L:(L,0) (K,1) (J,2) (I,3) (H,4) (G,5) (F,6) (E,7) (D,8) (C,9) (B,10) (A,11) (CC,12) (AB,12) (AA,11) (AD,9) (AE,10)
M:(M,0) (L,1) (K,2) (J,3) (I,4) (H,5) (G,6) (F,7) (E,8) (D,9) (C,10) (B,11) (A,12) (CC,13) (AB,13) (AA,12) (AD,10) (AE,11)
-----
A:(A,0) (CC,1) (AB,1) (AA,0) (AD,-2) (AE,-1)
AA:(AA,0) (AD,-2) (AE,-1) (AB,0) (CC,-36)
AB:(AB,0) (AA,-1) (CC,-37) (AD,-3) (AE,-2)
AD:(AD,0) (AE,1) (AB,2) (AA,1) (CC,-35)
AE:(AE,0) (AB,1) (AA,0) (CC,-36) (AD,-2)
B:(B,0) (A,1) (CC,2) (AB,2) (AA,1) (AD,-1) (AE,0)
C:(C,0) (B,1) (A,2) (CC,3) (AB,3) (AA,2) (AD,0) (AE,1)
CC:(CC,0) (AB,0) (AA,-1) (AD,-3) (AE,-2)
D:(D,0) (C,1) (B,2) (A,3) (CC,4) (AB,4) (AA,3) (AD,1) (AE,2)
E:(E,0) (D,1) (C,2) (B,3) (A,4) (CC,5) (AB,5) (AA,4) (AD,2) (AE,3)
F:(F,0) (E,1) (D,2) (C,3) (B,4) (A,5) (CC,6) (AB,6) (AA,5) (AD,3) (AE,4)
G:(G,0) (F,1) (E,2) (D,3) (C,4) (B,5) (A,6) (CC,7) (AB,7) (AA,6) (AD,4) (AE,5)
H:(H,0) (G,1) (F,2) (E,3) (D,4) (C,5) (B,6) (A,7) (CC,8) (AB,8) (AA,7) (AD,5) (AE,6)
I:(I,0) (H,1) (G,2) (F,3) (E,4) (D,5) (C,6) (B,7) (A,8) (CC,9) (AB,9) (AA,8) (AD,6) (AE,7)
J:(J,0) (I,1) (H,2) (G,3) (F,4) (E,5) (D,6) (C,7) (B,8) (A,9) (CC,10) (AB,10) (AA,9) (AD,7) (AE,8)
K:(K,0) (J,1) (I,2) (H,3) (G,4) (F,5) (E,6) (D,7) (C,8) (B,9) (A,10) (CC,11) (AB,11) (AA,10) (AD,8) (AE,9)
L:(L,0) (K,1) (J,2) (I,3) (H,4) (G,5) (F,6) (E,7) (D,8) (C,9) (B,10) (A,11) (CC,12) (AB,12) (AA,11) (AD,9) (AE,10)
M:(M,0) (L,1) (K,2) (J,3) (I,4) (H,5) (G,6) (F,7) (E,8) (D,9) (C,10) (B,11) (A,12) (CC,13) (AB,13) (AA,12) (AD,10) (AE,11)
-----
A:(A,0) (CC,1) (AB,1) (AA,0) (AD,-2) (AE,-1)
AA:(AA,0) (AD,-2) (AE,-1) (AB,0) (CC,-37)
AB:(AB,0) (AA,-1) (CC,-38) (AD,-3) (AE,-2)
AD:(AD,0) (AE,1) (AB,2) (AA,1) (CC,-35)
AE:(AE,0) (AB,1) (AA,0) (CC,-37) (AD,-2)
B:(B,0) (A,1) (CC,2) (AB,2) (AA,1) (AD,-1) (AE,0)
C:(C,0) (B,1) (A,2) (CC,3) (AB,3) (AA,2) (AD,0) (AE,1)
CC:(CC,0) (AB,0) (AA,-1) (AD,-3) (AE,-2)
D:(D,0) (C,1) (B,2) (A,3) (CC,4) (AB,4) (AA,3) (AD,1) (AE,2)
E:(E,0) (D,1) (C,2) (B,3) (A,4) (CC,5) (AB,5) (AA,4) (AD,2) (AE,3)
F:(F,0) (E,1) (D,2) (C,3) (B,4) (A,5) (CC,6) (AB,6) (AA,5) (AD,3) (AE,4)
G:(G,0) (F,1) (E,2) (D,3) (C,4) (B,5) (A,6) (CC,7) (AB,7) (AA,6) (AD,4) (AE,5)
H:(H,0) (G,1) (F,2) (E,3) (D,4) (C,5) (B,6) (A,7) (CC,8) (AB,8) (AA,7) (AD,5) (AE,6)
I:(I,0) (H,1) (G,2) (F,3) (E,4) (D,5) (C,6) (B,7) (A,8) (CC,9) (AB,9) (AA,8) (AD,6) (AE,7)
J:(J,0) (I,1) (H,2) (G,3) (F,4) (E,5) (D,6) (C,7) (B,8) (A,9) (CC,10) (AB,10) (AA,9) (AD,7) (AE,8)
K:(K,0) (J,1) (I,2) (H,3) (G,4) (F,5) (E,6) (D,7) (C,8) (B,9) (A,10) (CC,11) (AB,11) (AA,10) (AD,8) (AE,9)
L:(L,0) (K,1) (J,2) (I,3) (H,4) (G,5) (F,6) (E,7) (D,8) (C,9) (B,10) (A,11) (CC,12) (AB,12) (AA,11) (AD,9) (AE,10)
M:(M,0) (L,1) (K,2) (J,3) (I,4) (H,5) (G,6) (F,7) (E,8) (D,9) (C,10) (B,11) (A,12) (CC,13) (AB,13) (AA,12) (AD,10) (AE,11)
-----
A:(A,0) (CC,1) (AB,1) (AA,0) (AD,-2) (AE,-1)
AA:(AA,0) (AD,-2) (AE,-1) (AB,0) (CC,-37)
AB:(AB,0) (AA,-1) (CC,-38) (AD,-3) (AE,-2)
AD:(AD,0) (AE,1) (AB,2) (AA,1) (CC,-36)
AE:(AE,0) (AB,1) (AA,0) (CC,-37) (AD,-2)
B:(B,0) (A,1) (CC,2) (AB,2) (AA,1) (AD,-1) (AE,0)
C:(C,0) (B,1) (A,2) (CC,3) (AB,3) (AA,2) (AD,0) (AE,1)
CC:(CC,0) (AB,0) (AA,-1) (AD,-3) (AE,-2)
D:(D,0) (C,1) (B,2) (A,3) (CC,4) (AB,4) (AA,3) (AD,1) (AE,2)
E:(E,0) (D,1) (C,2) (B,3) (A,4) (CC,5) (AB,5) (AA,4) (AD,2) (AE,3)
F:(F,0) (E,1) (D,2) (C,3) (B,4) (A,5) (CC,6) (AB,6) (AA,5) (AD,3) (AE,4)
G:(G,0) (F,1) (E,2) (D,3) (C,4) (B,5) (A,6) (CC,7) (AB,7) (AA,6) (AD,4) (AE,5)
H:(H,0) (G,1) (F,2) (E,3) (D,4) (C,5) (B,6) (A,7) (CC,8) (AB,8) (AA,7) (AD,5) (AE,6)
I:(I,0) (H,1) (G,2) (F,3) (E,4) (D,5) (C,6) (B,7) (A,8) (CC,9) (AB,9) (AA,8) (AD,6) (AE,7)
J:(J,0) (I,1) (H,2) (G,3) (F,4) (E,5) (D,6) (C,7) (B,8) (A,9) (CC,10) (AB,10) (AA,9) (AD,7) (AE,8)
K:(K,0) (J,1) (I,2) (H,3) (G,4) (F,5) (E,6) (D,7) (C,8) (B,9) (A,10) (CC,11) (AB,11) (AA,10) (AD,8) (AE,9)
L:(L,0) (K,1) (J,2) (I,3) (H,4) (G,5) (F,6) (E,7) (D,8) (C,9) (B,10) (A,11) (CC,12) (AB,12) (AA,11) (AD,9) (AE,10)
M:(M,0) (L,1) (K,2) (J,3) (I,4) (H,5) (G,6) (F,7) (E,8) (D,9) (C,10) (B,11) (A,12) (CC,13) (AB,13) (AA,12) (AD,10) (AE,11)
-----
A:(A,0) (CC,1) (AB,1) (AA,0) (AD,-2) (AE,-1)
AA:(AA,0) (AD,-2) (AE,-1) (AB,0) (CC,-38)
AB:(AB,0) (AA,-1) (CC,-39) (AD,-3) (AE,-2)
AD:(AD,0) (AE,1) (AB,2) (AA,1) (CC,-36)
AE:(AE,0) (AB,1) (AA,0) (CC,-38) (AD,-2)
B:(B,0) (A,1) (CC,2) (AB,2) (AA,1) (AD,-1) (AE,0)
C:(C,0) (B,1) (A,2) (CC,3) (AB,3) (AA,2) (AD,0) (AE,1)
CC:(CC,0) (AB,0) (AA,-1) (AD,-3) (AE,-2)
D:(D,0) (C,1) (B,2) (A,3) (CC,4) (AB,4) (AA,3) (AD,1) (AE,2)
E:(E,0) (D,1) (C,2) (B,3) (A,4) (CC,5) (AB,5) (AA,4) (AD,2) (AE,3)
F:(F,0) (E,1) (D,2) (C,3) (B,4) (A,5) (CC,6) (AB,6) (AA,5) (AD,3) (AE,4)
G:(G,0) (F,1) (E,2) (D,3) (C,4) (B,5) (A,6) (CC,7) (AB,7) (AA,6) (AD,4) (AE,5)
H:(H,0) (G,1) (F,2) (E,3) (D,4) (C,5) (B,6) (A,7) (CC,8) (AB,8) (AA,7) (AD,5) (AE,6)
I:(I,0) (H,1) (G,2) (F,3) (E,4) (D,5) (C,6) (B,7) (A,8) (CC,9) (AB,9) (AA,8) (AD,6) (AE,7)
J:(J,0) (I,1) (H,2) (G,3) (F,4) (E,5) (D,6) (C,7) (B,8) (A,9) (CC,10) (AB,10) (AA,9) (AD,7) (AE,8)
K:(K,0) (J,1) (I,2) (H,3) (G,4) (F,5) (E,6) (D,7) (C,8) (B,9) (A,10) (CC,11) (AB,11) (AA,10) (AD,8) (AE,9)
L:(L,0) (K,1) (J,2) (I,3) (H,4) (G,5) (F,6) (E,7) (D,8) (C,9) (B,10) (A,11) (CC,12) (AB,12) (AA,11) (AD,9) (AE,10)
M:(M,0) (L,1) (K,2) (J,3) (I,4) (H,5) (G,6) (F,7) (E,8) (D,9) (C,10) (B,11) (A,12) (CC,13) (AB,13) (AA,12) (AD,10) (AE,11)
-----
A:(A,0) (CC,1) (AB,1) (AA,0) (AD,-2) (AE,-1)
AA:(AA,0) (AD,-2) (AE,-1) (AB,0) (CC,-38)
AB:(AB,0) (AA,-1) (CC,-39) (AD,-3) (AE,-2)
AD:(AD,0) (AE,1) (AB,2) (AA,1) (CC,-37)
AE:(AE,0) (AB,1) (AA,0) (CC,-38) (AD,-2)
B:(B,0) (A,1) (CC,2) (AB,2) (AA,1) (AD,-1) (AE,0)
C:(C,0) (B,1) (A,2) (CC,3) (AB,3) (AA,2) (AD,0) (AE,1)
CC:(CC,0) (AB,0) (AA,-1) (AD,-3) (AE,-2)
D:(D,0) (C,1) (B,2) (A,3) (CC,4) (AB,4) (AA,3) (AD,1) (AE,2)
E:(E,0) (D,1) (C,2) (B,3) (A,4) (CC,5) (AB,5) (AA,4) (AD,2) (AE,3)
F:(F,0) (E,1) (D,2) (C,3) (B,4) (A,5) (CC,6) (AB,6) (AA,5) (AD,3) (AE,4)
G:(G,0) (F,1) (E,2) (D,3) (C,4) (B,5) (A,6) (CC,7) (AB,7) (AA,6) (AD,4) (AE,5)
H:(H,0) (G,1) (F,2) (E,3) (D,4) (C,5) (B,6) (A,7) (CC,8) (AB,8) (AA,7) (AD,5) (AE,6)
I:(I,0) (H,1) (G,2) (F,3) (E,4) (D,5) (C,6) (B,7) (A,8) (CC,9) (AB,9) (AA,8) (AD,6) (AE,7)
J:(J,0) (I,1) (H,2) (G,3) (F,4) (E,5) (D,6) (C,7) (B,8) (A,9) (CC,10) (AB,10) (AA,9) (AD,7) (AE,8)
K:(K,0) (J,1) (I,2) (H,3) (G,4) (F,5) (E,6) (D,7) (C,8) (B,9) (A,10) (CC,11) (AB,11) (AA,10) (AD,8) (AE,9)
L:(L,0) (K,1) (J,2) (I,3) (H,4) (G,5) (F,6) (E,7) (D,8) (C,9) (B,10) (A,11) (CC,12) (AB,12) (AA,11) (AD,9) (AE,10)
M:(M,0) (L,1) (K,2) (J,3) (I,4) (H,5) (G,6) (F,7) (E,8) (D,9) (C,10) (B,11) (A,12) (CC,13) (AB,13) (AA,12) (AD,10) (AE,11)
-----
A:(A,0) (CC,1) (AB,1) (AA,0) (AD,-2) (AE,-1)
AA:(AA,0) (AD,-2) (AE,-1) (AB,0) (CC,-39)
AB:(AB,0) (AA,-1) (CC,-40) (AD,-3) (AE,-2)
AD:(AD,0) (AE,1) (AB,2) (AA,1) (CC,-37)
AE:(AE,0) (AB,1) (AA,0) (CC,-39) (AD,-2)
B:(B,0) (A,1) (CC,2) (AB,2) (AA,1) (AD,-1) (AE,0)
C:(C,0) (B,1) (A,2) (CC,3) (AB,3) (AA,2) (AD,0) (AE,1)
CC:(CC,0) (AB,0) (AA,-1) (AD,-3) (AE,-2)
D:(D,0) (C,1) (B,2) (A,3) (CC,4) (AB,4) (AA,3) (AD,1) (AE,2)
E:(E,0) (D,1) (C,2) (B,3) (A,4) (CC,5) (AB,5) (AA,4) (AD,2) (AE,3)
F:(F,0) (E,1) (D,2) (C,3) (B,4) (A,5) (CC,6) (AB,6) (AA,5) (AD,3) (AE,4)
G:(G,0) (F,1) (E,2) (D,3) (C,4) (B,5) (A,6) (CC,7) (AB,7) (AA,6) (AD,4) (AE,5)
H:(H,0) (G,1) (F,2) (E,3) (D,4) (C,5) (B,6) (A,7) (CC,8) (AB,8) (AA,7) (AD,5) (AE,6)
I:(I,0) (H,1) (G,2) (F,3) (E,4) (D,5) (C,6) (B,7) (A,8) (CC,9) (AB,9) (AA,8) (AD,6) (AE,7)
J:(J,0) (I,1) (H,2) (G,3) (F,4) (E,5) (D,6) (C,7) (B,8) (A,9) (CC,10) (AB,10) (AA,9) (AD,7) (AE,8)
K:(K,0) (J,1) (I,2) (H,3) (G,4) (F,5) (E,6) (D,7) (C,8) (B,9) (A,10) (CC,11) (AB,11) (AA,10) (AD,8) (AE,9)
L:(L,0) (K,1) (J,2) (I,3) (H,4) (G,5) (F,6) (E,7) (D,8) (C,9) (B,10) (A,11) (CC,12) (AB,12) (AA,11) (AD,9) (AE,10)
M:(M,0) (L,1) (K,2) (J,3) (I,4) (H,5) (G,6) (F,7) (E,8) (D,9) (C,10) (B,11) (A,12) (CC,13) (AB,13) (AA,12) (AD,10) (AE,11)
-----
A:(A,0) (CC,1) (AB,1) (AA,0) (AD,-2) (AE,-1)
AA:(AA,0) (AD,-2) (AE,-1) (AB,0) (CC,-39)
AB:(AB,0) (AA,-1) (CC,-40) (AD,-3) (AE,-2)
AD:(AD,0) (AE,1) (AB,2) (AA,1) (CC,-38)
AE:(AE,0) (AB,1) (AA,0) (CC,-39) (AD,-2)
B:(B,0) (A,1) (CC,2) (AB,2) (AA,1) (AD,-1) (AE,0)
C:(C,0) (B,1) (A,2) (CC,3) (AB,3) (AA,2) (AD,0) (AE,1)
CC:(CC,0) (AB,0) (AA,-1) (AD,-3) (AE,-2)
D:(D,0) (C,1) (B,2) (A,3) (CC,4) (AB,4) (AA,3) (AD,1) (AE,2)
E:(E,0) (D,1) (C,2) (B,3) (A,4) (CC,5) (AB,5) (AA,4) (AD,2) (AE,3)
F:(F,0) (E,1) (D,2) (C,3) (B,4) (A,5) (CC,6) (AB,6) (AA,5) (AD,3) (AE,4)
G:(G,0) (F,1) (E,2) (D,3) (C,4) (B,5) (A,6) (CC,7) (AB,7) (AA,6) (AD,4) (AE,5)
H:(H,0) (G,1) (F,2) (E,3) (D,4) (C,5) (B,6) (A,7) (CC,8) (AB,8) (AA,7) (AD,5) (AE,6)
I:(I,0) (H,1) (G,2) (F,3) (E,4) (D,5) (C,6) (B,7) (A,8) (CC,9) (AB,9) (AA,8) (AD,6) (AE,7)
J:(J,0) (I,1) (H,2) (G,3) (F,4) (E,5) (D,6) (C,7) (B,8) (A,9) (CC,10) (AB,10) (AA,9) (AD,7) (AE,8)
K:(K,0) (J,1) (I,2) (H,3) (G,4) (F,5) (E,6) (D,7) (C,8) (B,9) (A,10) (CC,11) (AB,11) (AA,10) (AD,8) (AE,9)
L:(L,0) (K,1) (J,2) (I,3) (H,4) (G,5) (F,6) (E,7) (D,8) (C,9) (B,10) (A,11) (CC,12) (AB,12) (AA,11) (AD,9) (AE,10)
M:(M,0) (L,1) (K,2) (J,3) (I,4) (H,5) (G,6) (F,7) (E,8) (D,9) (C,10) (B,11) (A,12) (CC,13) (AB,13) (AA,12) (AD,10) (AE,11)
-----
A:(A,0) (CC,1) (AB,1) (AA,0) (AD,-2) (AE,-1)
AA:(AA,0) (AD,-2) (AE,-1) (AB,0) (CC,-40)
AB:(AB,0) (AA,-1) (CC,-41) (AD,-3) (AE,-2)
AD:(AD,0) (AE,1) (AB,2) (AA,1) (CC,-38)
AE:(AE,0) (AB,1) (AA,0) (CC,-40) (AD,-2)
B:(B,0) (A,1) (CC,2) (AB,2) (AA,1) (AD,-1) (AE,0)
C:(C,0) (B,1) (A,2) (CC,3) (AB,3) (AA,2) (AD,0) (AE,1)
CC:(CC,0) (AB,0) (AA,-1) (AD,-3) (AE,-2)
D:(D,0) (C,1) (B,2) (A,3) (CC,4) (AB,4) (AA,3) (AD,1) (AE,2)
E:(E,0) (D,1) (C,2) (B,3) (A,4) (CC,5) (AB,5) (AA,4) (AD,2) (AE,3)
F:(F,0) (E,1) (D,2) (C,3) (B,4) (A,5) (CC,6) (AB,6) (AA,5) (AD,3) (AE,4)
G:(G,0) (F,1) (E,2) (D,3) (C,4) (B,5) (A,6) (CC,7) (AB,7) (AA,6) (AD,4) (AE,5)
H:(H,0) (G,1) (F,2) (E,3) (D,4) (C,5) (B,6) (A,7) (CC,8) (AB,8) (AA,7) (AD,5) (AE,6)
I:(I,0) (H,1) (G,2) (F,3) (E,4) (D,5) (C,6) (B,7) (A,8) (CC,9) (AB,9) (AA,8) (AD,6) (AE,7)
J:(J,0) (I,1) (H,2) (G,3) (F,4) (E,5) (D,6) (C,7) (B,8) (A,9) (CC,10) (AB,10) (AA,9) (AD,7) (AE,8)
K:(K,0) (J,1) (I,2) (H,3) (G,4) (F,5) (E,6) (D,7) (C,8) (B,9) (A,10) (CC,11) (AB,11) (AA,10) (AD,8) (AE,9)
L:(L,0) (K,1) (J,2) (I,3) (H,4) (G,5) (F,6) (E,7) (D,8) (C,9) (B,10) (A,11) (CC,12) (AB,12) (AA,11) (AD,9) (AE,10)
M:(M,0) (L,1) (K,2) (J,3) (I,4) (H,5) (G,6) (F,7) (E,8) (D,9) (C,10) (B,11) (A,12) (CC,13) (AB,13) (AA,12) (AD,10) (AE,11)
-----
A:(A,0) (CC,1) (AB,1) (AA,0) (AD,-2) (AE,-1)
AA:(AA,0) (AD,-2) (AE,-1) (AB,0) (CC,-40)
AB:(AB,0) (AA,-1) (CC,-41) (AD,-3) (AE,-2)
AD:(AD,0) (AE,1) (AB,2) (AA,1) (CC,-39)
AE:(AE,0) (AB,1) (AA,0) (CC,-40) (AD,-2)
B:(B,0) (A,1) (CC,2) (AB,2) (AA,1) (AD,-1) (AE,0)
C:(C,0) (B,1) (A,2) (CC,3) (AB,3) (AA,2) (AD,0) (AE,1)
CC:(CC,0) (AB,0) (AA,-1) (AD,-3) (AE,-2)
D:(D,0) (C,1) (B,2) (A,3) (CC,4) (AB,4) (AA,3) (AD,1) (AE,2)
E:(E,0) (D,1) (C,2) (B,3) (A,4) (CC,5) (AB,5) (AA,4) (AD,2) (AE,3)
F:(F,0) (E,1) (D,2) (C,3) (B,4) (A,5) (CC,6) (AB,6) (AA,5) (AD,3) (AE,4)
G:(G,0) (F,1) (E,2) (D,3) (C,4) (B,5) (A,6) (CC,7) (AB,7) (AA,6) (AD,4) (AE,5)
H:(H,0) (G,1) (F,2) (E,3) (D,4) (C,5) (B,6) (A,7) (CC,8) (AB,8) (AA,7) (AD,5) (AE,6)
I:(I,0) (H,1) (G,2) (F,3) (E,4) (D,5) (C,6) (B,7) (A,8) (CC,9) (AB,9) (AA,8) (AD,6) (AE,7)
J:(J,0) (I,1) (H,2) (G,3) (F,4) (E,5) (D,6) (C,7) (B,8) (A,9) (CC,10) (AB,10) (AA,9) (AD,7) (AE,8)
K:(K,0) (J,1) (I,2) (H,3) (G,4) (F,5) (E,6) (D,7) (C,8) (B,9) (A,10) (CC,11) (AB,11) (AA,10) (AD,8) (AE,9)
L:(L,0) (K,1) (J,2) (I,3) (H,4) (G,5) (F,6) (E,7) (D,8) (C,9) (B,10) (A,11) (CC,12) (AB,12) (AA,11) (AD,9) (AE,10)
M:(M,0) (L,1) (K,2) (J,3) (I,4) (H,5) (G,6) (F,7) (E,8) (D,9) (C,10) (B,11) (A,12) (CC,13) (AB,13) (AA,12) (AD,10) (AE,11)
-----
A:(A,0) (CC,1) (AB,1) (AA,0) (AD,-2) (AE,-1)
AA:(AA,0) (AD,-2) (AE,-1) (AB,0) (CC,-41)
AB:(AB,0) (AA,-1) (CC,-42) (AD,-3) (AE,-2)
AD:(AD,0) (AE,1) (AB,2) (AA,1) (CC,-39)
AE:(AE,0) (AB,1) (AA,0) (CC,-41) (AD,-2)
B:(B,0) (A,1) (CC,2) (AB,2) (AA,1) (AD,-1) (AE,0)
C:(C,0) (B,1) (A,2) (CC,3) (AB,3) (AA,2) (AD,0) (AE,1)
CC:(CC,0) (AB,0) (AA,-1) (AD,-3) (AE,-2)
D:(D,0) (C,1) (B,2) (A,3) (CC,4) (AB,4) (AA,3) (AD,1) (AE,2)
E:(E,0) (D,1) (C,2) (B,3) (A,4) (CC,5) (AB,5) (AA,4) (AD,2) (AE,3)
F:(F,0) (E,1) (D,2) (C,3) (B,4) (A,5) (CC,6) (AB,6) (AA,5) (AD,3) (AE,4)
G:(G,0) (F,1) (E,2) (D,3) (C,4) (B,5) (A,6) (CC,7) (AB,7) (AA,6) (AD,4) (AE,5)
H:(H,0) (G,1) (F,2) (E,3) (D,4) (C,5) (B,6) (A,7) (CC,8) (AB,8) (AA,7) (AD,5) (AE,6)
I:(I,0) (H,1) (G,2) (F,3) (E,4) (D,5) (C,6) (B,7) (A,8) (CC,9) (AB,9) (AA,8) (AD,6) (AE,7)
J:(J,0) (I,1) (H,2) (G,3) (F,4) (E,5) (D,6) (C,7) (B,8) (A,9) (CC,10) (AB,10) (AA,9) (AD,7) (AE,8)
K:(K,0) (J,1) (I,2) (H,3) (G,4) (F,5) (E,6) (D,7) (C,8) (B,9) (A,10) (CC,11) (AB,11) (AA,10) (AD,8) (AE,9)
L:(L,0) (K,1) (J,2) (I,3) (H,4) (G,5) (F,6) (E,7) (D,8) (C,9) (B,10) (A,11) (CC,12) (AB,12) (AA,11) (AD,9) (AE,10)
M:(M,0) (L,1) (K,2) (J,3) (I,4) (H,5) (G,6) (F,7) (E,8) (D,9) (C,10) (B,11) (A,12) (CC,13) (AB,13) (AA,12) (AD,10) (AE,11)
-----
A:(A,0) (CC,1) (AB,1) (AA,0) (AD,-2) (AE,-1)
AA:(AA,0) (AD,-2) (AE,-1) (AB,0) (CC,-41)
AB:(AB,0) (AA,-1) (CC,-42) (AD,-3) (AE,-2)
AD:(AD,0) (AE,1) (AB,2) (AA,1) (CC,-40)
AE:(AE,0) (AB,1) (AA,0) (CC,-41) (AD,-2)
B:(B,0) (A,1) (CC,2) (AB,2) (AA,1) (AD,-1) (AE,0)
C:(C,0) (B,1) (A,2) (CC,3) (AB,3) (AA,2) (AD,0) (AE,1)
CC:(CC,0) (AB,0) (AA,-1) (AD,-3) (AE,-2)
D:(D,0) (C,1) (B,2) (A,3) (CC,4) (AB,4) (AA,3) (AD,1) (AE,2)
E:(E,0) (D,1) (C,2) (B,3) (A,4) (CC,5) (AB,5) (AA,4) (AD,2) (AE,3)
F:(F,0) (E,1) (D,2) (C,3) (B,4) (A,5) (CC,6) (AB,6) (AA,5) (AD,3) (AE,4)
G:(G,0) (F,1) (E,2) (D,3) (C,4) (B,5) (A,6) (CC,7) (AB,7) (AA,6) (AD,4) (AE,5)
H:(H,0) (G,1) (F,2) (E,3) (D,4) (C,5) (B,6) (A,7) (CC,8) (AB,8) (AA,7) (AD,5) (AE,6)
I:(I,0) (H,1) (G,2) (F,3) (E,4) (D,5) (C,6) (B,7) (A,8) (CC,9) (AB,9) (AA,8) (AD,6) (AE,7)
J:(J,0) (I,1) (H,2) (G,3) (F,4) (E,5) (D,6) (C,7) (B,8) (A,9) (CC,10) (AB,10) (AA,9) (AD,7) (AE,8)
K:(K,0) (J,1) (I,2) (H,3) (G,4) (F,5) (E,6) (D,7) (C,8) (B,9) (A,10) (CC,11) (AB,11) (AA,10) (AD,8) (AE,9)
L:(L,0) (K,1) (J,2) (I,3) (H,4) (G,5) (F,6) (E,7) (D,8) (C,9) (B,10) (A,11) (CC,12) (AB,12) (AA,11) (AD,9) (AE,10)
M:(M,0) (L,1) (K,2) (J,3) (I,4) (H,5) (G,6) (F,7) (E,8) (D,9) (C,10) (B,11) (A,12) (CC,13) (AB,13) (AA,12) (AD,10) (AE,11)
-----
A:(A,0) (CC,1) (AB,1) (AA,0) (AD,-2) (AE,-1)
AA:(AA,0) (AD,-2) (AE,-1) (AB,0) (CC,-42)
AB:(AB,0) (AA,-1) (CC,-43) (AD,-3) (AE,-2)
AD:(AD,0) (AE,1) (AB,2) (AA,1) (CC,-40)
AE:(AE,0) (AB,1) (AA,0) (CC,-42) (AD,-2)
B:(B,0) (A,1) (CC,2) (AB,2) (AA,1) (AD,-1) (AE,0)
C:(C,0) (B,1) (A,2) (CC,3) (AB,3) (AA,2) (AD,0) (AE,1)
CC:(CC,0) (AB,0) (AA,-1) (AD,-3) (AE,-2)
D:(D,0) (C,1) (B,2) (A,3) (CC,4) (AB,4) (AA,3) (AD,1) (AE,2)
E:(E,0) (D,1) (C,2) (B,3) (A,4) (CC,5) (AB,5) (AA,4) (AD,2) (AE,3)
F:(F,0) (E,1) (D,2) (C,3) (B,4) (A,5) (CC,6) (AB,6) (AA,5) (AD,3) (AE,4)
G:(G,0) (F,1) (E,2) (D,3) (C,4) (B,5) (A,6) (CC,7) (AB,7) (AA,6) (AD,4) (AE,5)
H:(H,0) (G,1) (F,2) (E,3) (D,4) (C,5) (B,6) (A,7) (CC,8) (AB,8) (AA,7) (AD,5) (AE,6)
I:(I,0) (H,1) (G,2) (F,3) (E,4) (D,5) (C,6) (B,7) (A,8) (CC,9) (AB,9) (AA,8) (AD,6) (AE,7)
J:(J,0) (I,1) (H,2) (G,3) (F,4) (E,5) (D,6) (C,7) (B,8) (A,9) (CC,10) (AB,10) (AA,9) (AD,7) (AE,8)
K:(K,0) (J,1) (I,2) (H,3) (G,4) (F,5) (E,6) (D,7) (C,8) (B,9) (A,10) (CC,11) (AB,11) (AA,10) (AD,8) (AE,9)
L:(L,0) (K,1) (J,2) (I,3) (H,4) (G,5) (F,6) (E,7) (D,8) (C,9) (B,10) (A,11) (CC,12) (AB,12) (AA,11) (AD,9) (AE,10)
M:(M,0) (L,1) (K,2) (J,3) (I,4) (H,5) (G,6) (F,7) (E,8) (D,9) (C,10) (B,11) (A,12) (CC,13) (AB,13) (AA,12) (AD,10) (AE,11)
-----
A:(A,0) (CC,1) (AB,1) (AA,0) (AD,-2) (AE,-1)
AA:(AA,0) (AD,-2) (AE,-1) (AB,0) (CC,-42)
AB:(AB,0) (AA,-1) (CC,-43) (AD,-3) (AE,-2)
AD:(AD,0) (AE,1) (AB,2) (AA,1) (CC,-41)
AE:(AE,0) (AB,1) (AA,0) (CC,-42) (AD,-2)
B:(B,0) (A,1) (CC,2) (AB,2) (AA,1) (AD,-1) (AE,0)
C:(C,0) (B,1) (A,2) (CC,3) (AB,3) (AA,2) (AD,0) (AE,1)
CC:(CC,0) (AB,0) (AA,-1) (AD,-3) (AE,-2)
D:(D,0) (C,1) (B,2) (A,3) (CC,4) (AB,4) (AA,3) (AD,1) (AE,2)
E:(E,0) (D,1) (C,2) (B,3) (A,4) (CC,5) (AB,5) (AA,4) (AD,2) (AE,3)
F:(F,0) (E,1) (D,2) (C,3) (B,4) (A,5) (CC,6) (AB,6) (AA,5) (AD,3) (AE,4)
G:(G,0) (F,1) (E,2) (D,3) (C,4) (B,5) (A,6) (CC,7) (AB,7) (AA,6) (AD,4) (AE,5)
H:(H,0) (G,1) (F,2) (E,3) (D,4) (C,5) (B,6) (A,7) (CC,8) (AB,8) (AA,7) (AD,5) (AE,6)
I:(I,0) (H,1) (G,2) (F,3) (E,4) (D,5) (C,6) (B,7) (A,8) (CC,9) (AB,9) (AA,8) (AD,6) (AE,7)
J:(J,0) (I,1) (H,2) (G,3) (F,4) (E,5) (D,6) (C,7) (B,8) (A,9) (CC,10) (AB,10) (AA,9) (AD,7) (AE,8)
K:(K,0) (J,1) (I,2) (H,3) (G,4) (F,5) (E,6) (D,7) (C,8) (B,9) (A,10) (CC,11) (AB,11) (AA,10) (AD,8) (AE,9)
L:(L,0) (K,1) (J,2) (I,3) (H,4) (G,5) (F,6) (E,7) (D,8) (C,9) (B,10) (A,11) (CC,12) (AB,12) (AA,11) (AD,9) (AE,10)
M:(M,0) (L,1) (K,2) (J,3) (I,4) (H,5) (G,6) (F,7) (E,8) (D,9) (C,10) (B,11) (A,12) (CC,13) (AB,13) (AA,12) (AD,10) (AE,11)
-----
A:(A,0) (CC,1) (AB,1) (AA,0) (AD,-2) (AE,-1)
AA:(AA,0) (AD,-2) (AE,-1) (AB,0) (CC,-43)
AB:(AB,0) (AA,-1) (CC,-44) (AD,-3) (AE,-2)
AD:(AD,0) (AE,1) (AB,2) (AA,1) (CC,-41)
AE:(AE,0) (AB,1) (AA,0) (CC,-43) (AD,-2)
B:(B,0) (A,1) (CC,2) (AB,2) (AA,1) (AD,-1) (AE,0)
C:(C,0) (B,1) (A,2) (CC,3) (AB,3) (AA,2) (AD,0) (AE,1)
CC:(CC,0) (AB,0) (AA,-1) (AD,-3) (AE,-2)
D:(D,0) (C,1) (B,2) (A,3) (CC,4) (AB,4) (AA,3) (AD,1) (AE,2)
E:(E,0) (D,1) (C,2) (B,3) (A,4) (CC,5) (AB,5) (AA,4) (AD,2) (AE,3)
F:(F,0) (E,1) (D,2) (C,3) (B,4) (A,5) (CC,6) (AB,6) (AA,5) (AD,3) (AE,4)
G:(G,0) (F,1) (E,2) (D,3) (C,4) (B,5) (A,6) (CC,7) (AB,7) (AA,6) (AD,4) (AE,5)
H:(H,0) (G,1) (F,2) (E,3) (D,4) (C,5) (B,6) (A,7) (CC,8) (AB,8) (AA,7) (AD,5) (AE,6)
I:(I,0) (H,1) (G,2) (F,3) (E,4) (D,5) (C,6) (B,7) (A,8) (CC,9) (AB,9) (AA,8) (AD,6) (AE,7)
J:(J,0) (I,1) (H,2) (G,3) (F,4) (E,5) (D,6) (C,7) (B,8) (A,9) (CC,10) (AB,10) (AA,9) (AD,7) (AE,8)
K:(K,0) (J,1) (I,2) (H,3) (G,4) (F,5) (E,6) (D,7) (C,8) (B,9) (A,10) (CC,11) (AB,11) (AA,10) (AD,8) (AE,9)
L:(L,0) (K,1) (J,2) (I,3) (H,4) (G,5) (F,6) (E,7) (D,8) (C,9) (B,10) (A,11) (CC,12) (AB,12) (AA,11) (AD,9) (AE,10)
M:(M,0) (L,1) (K,2) (J,3) (I,4) (H,5) (G,6) (F,7) (E,8) (D,9) (C,10) (B,11) (A,12) (CC,13) (AB,13) (AA,12) (AD,10) (AE,11)
-----
A:(A,0) (CC,1) (AB,1) (AA,0) (AD,-2) (AE,-1)
AA:(AA,0) (AD,-2) (AE,-1) (AB,0) (CC,-43)
AB:(AB,0) (AA,-1) (CC,-44) (AD,-3) (AE,-2)
AD:(AD,0) (AE,1) (AB,2) (AA,1) (CC,-42)
AE:(AE,0) (AB,1) (AA,0) (CC,-43) (AD,-2)
B:(B,0) (A,1) (CC,2) (AB,2) (AA,1) (AD,-1) (AE,0)
C:(C,0) (B,1) (A,2) (CC,3) (AB,3) (AA,2) (AD,0) (AE,1)
CC:(CC,0) (AB,0) (AA,-1) (AD,-3) (AE,-2)
D:(D,0) (C,1) (B,2) (A,3) (CC,4) (AB,4) (AA,3) (AD,1) (AE,2)
E:(E,0) (D,1) (C,2) (B,3) (A,4) (CC,5) (AB,5) (AA,4) (AD,2) (AE,3)
F:(F,0) (E,1) (D,2) (C,3) (B,4) (A,5) (CC,6) (AB,6) (AA,5) (AD,3) (AE,4)
G:(G,0) (F,1) (E,2) (D,3) (C,4) (B,5) (A,6) (CC,7) (AB,7) (AA,6) (AD,4) (AE,5)
H:(H,0) (G,1) (F,2) (E,3) (D,4) (C,5) (B,6) (A,7) (CC,8) (AB,8) (AA,7) (AD,5) (AE,6)
I:(I,0) (H,1) (G,2) (F,3) (E,4) (D,5) (C,6) (B,7) (A,8) (CC,9) (AB,9) (AA,8) (AD,6) (AE,7)
J:(J,0) (I,1) (H,2) (G,3) (F,4) (E,5) (D,6) (C,7) (B,8) (A,9) (CC,10) (AB,10) (AA,9) (AD,7) (AE,8)
K:(K,0) (J,1) (I,2) (H,3) (G,4) (F,5) (E,6) (D,7) (C,8) (B,9) (A,10) (CC,11) (AB,11) (AA,10) (AD,8) (AE,9)
L:(L,0) (K,1) (J,2) (I,3) (H,4) (G,5) (F,6) (E,7) (D,8) (C,9) (B,10) (A,11) (CC,12) (AB,12) (AA,11) (AD,9) (AE,10)
M:(M,0) (L,1) (K,2) (J,3) (I,4) (H,5) (G,6) (F,7) (E,8) (D,9) (C,10) (B,11) (A,12) (CC,13) (AB,13) (AA,12) (AD,10) (AE,11)
-----
A:(A,0) (CC,1) (AB,1) (AA,0) (AD,-2) (AE,-1)
AA:(AA,0) (AD,-2) (AE,-1) (AB,0) (CC,-44)
AB:(AB,0) (AA,-1) (CC,-45) (AD,-3) (AE,-2)
AD:(AD,0) (AE,1) (AB,2) (AA,1) (CC,-42)
AE:(AE,0) (AB,1) (AA,0) (CC,-44) (AD,-2)
B:(B,0) (A,1) (CC,2) (AB,2) (AA,1) (AD,-1) (AE,0)
C:(C,0) (B,1) (A,2) (CC,3) (AB,3) (AA,2) (AD,0) (AE,1)
CC:(CC,0) (AB,0) (AA,-1) (AD,-3) (AE,-2)
D:(D,0) (C,1) (B,2) (A,3) (CC,4) (AB,4) (AA,3) (AD,1) (AE,2)
E:(E,0) (D,1) (C,2) (B,3) (A,4) (CC,5) (AB,5) (AA,4) (AD,2) (AE,3)
F:(F,0) (E,1) (D,2) (C,3) (B,4) (A,5) (CC,6) (AB,6) (AA,5) (AD,3) (AE,4)
G:(G,0) (F,1) (E,2) (D,3) (C,4) (B,5) (A,6) (CC,7) (AB,7) (AA,6) (AD,4) (AE,5)
H:(H,0) (G,1) (F,2) (E,3) (D,4) (C,5) (B,6) (A,7) (CC,8) (AB,8) (AA,7) (AD,5) (AE,6)
I:(I,0) (H,1) (G,2) (F,3) (E,4) (D,5) (C,6) (B,7) (A,8) (CC,9) (AB,9) (AA,8) (AD,6) (AE,7)
J:(J,0) (I,1) (H,2) (G,3) (F,4) (E,5) (D,6) (C,7) (B,8) (A,9) (CC,10) (AB,10) (AA,9) (AD,7) (AE,8)
K:(K,0) (J,1) (I,2) (H,3) (G,4) (F,5) (E,6) (D,7) (C,8) (B,9) (A,10) (CC,11) (AB,11) (AA,10) (AD,8) (AE,9)
L:(L,0) (K,1) (J,2) (I,3) (H,4) (G,5) (F,6) (E,7) (D,8) (C,9) (B,10) (A,11) (CC,12) (AB,12) (AA,11) (AD,9) (AE,10)
M:(M,0) (L,1) (K,2) (J,3) (I,4) (H,5) (G,6) (F,7) (E,8) (D,9) (C,10) (B,11) (A,12) (CC,13) (AB,13) (AA,12) (AD,10) (AE,11)
-----
A:(A,0) (CC,1) (AB,1) (AA,0) (AD,-2) (AE,-1)
AA:(AA,0) (AD,-2) (AE,-1) (AB,0) (CC,-44)
AB:(AB,0) (AA,-1) (CC,-45) (AD,-3) (AE,-2)
AD:(AD,0) (AE,1) (AB,2) (AA,1) (CC,-43)
AE:(AE,0) (AB,1) (AA,0) (CC,-44) (AD,-2)
B:(B,0) (A,1) (CC,2) (AB,2) (AA,1) (AD,-1) (AE,0)
C:(C,0) (B,1) (A,2) (CC,3) (AB,3) (AA,2) (AD,0) (AE,1)
CC:(CC,0) (AB,0) (AA,-1) (AD,-3) (AE,-2)
D:(D,0) (C,1) (B,2) (A,3) (CC,4) (AB,4) (AA,3) (AD,1) (AE,2)
E:(E,0) (D,1) (C,2) (B,3) (A,4) (CC,5) (AB,5) (AA,4) (AD,2) (AE,3)
F:(F,0) (E,1) (D,2) (C,3) (B,4) (A,5) (CC,6) (AB,6) (AA,5) (AD,3) (AE,4)
G:(G,0) (F,1) (E,2) (D,3) (C,4) (B,5) (A,6) (CC,7) (AB,7) (AA,6) (AD,4) (AE,5)
H:(H,0) (G,1) (F,2) (E,3) (D,4) (C,5) (B,6) (A,7) (CC,8) (AB,8) (AA,7) (AD,5) (AE,6)
I:(I,0) (H,1) (G,2) (F,3) (E,4) (D,5) (C,6) (B,7) (A,8) (CC,9) (AB,9) (AA,8) (AD,6) (AE,7)
J:(J,0) (I,1) (H,2) (G,3) (F,4) (E,5) (D,6) (C,7) (B,8) (A,9) (CC,10) (AB,10) (AA,9) (AD,7) (AE,8)
K:(K,0) (J,1) (I,2) (H,3) (G,4) (F,5) (E,6) (D,7) (C,8) (B,9) (A,10) (CC,11) (AB,11) (AA,10) (AD,8) (AE,9)
L:(L,0) (K,1) (J,2) (I,3) (H,4) (G,5) (F,6) (E,7) (D,8) (C,9) (B,10) (A,11) (CC,12) (AB,12) (AA,11) (AD,9) (AE,10)
M:(M,0) (L,1) (K,2) (J,3) (I,4) (H,5) (G,6) (F,7) (E,8) (D,9) (C,10) (B,11) (A,12) (CC,13) (AB,13) (AA,12) (AD,10) (AE,11)
-----
A:(A,0) (CC,1) (AB,1) (AA,0) (AD,-2) (AE,-1)
AA:(AA,0) (AD,-2) (AE,-1) (AB,0) (CC,-45)
AB:(AB,0) (AA,-1) (CC,-46) (AD,-3) (AE,-2)
AD:(AD,0) (AE,1) (AB,2) (AA,1) (CC,-43)
AE:(AE,0) (AB,1) (AA,0) (CC,-45) (AD,-2)
B:(B,0) (A,1) (CC,2) (AB,2) (AA,1) (AD,-1) (AE,0)
C:(C,0) (B,1) (A,2) (CC,3) (AB,3) (AA,2) (AD,0) (AE,1)
CC:(CC,0) (AB,0) (AA,-1) (AD,-3) (AE,-2)
D:(D,0) (C,1) (B,2) (A,3) (CC,4) (AB,4) (AA,3) (AD,1) (AE,2)
E:(E,0) (D,1) (C,2) (B,3) (A,4) (CC,5) (AB,5) (AA,4) (AD,2) (AE,3)
F:(F,0) (E,1) (D,2) (C,3) (B,4) (A,5) (CC,6) (AB,6) (AA,5) (AD,3) (AE,4)
G:(G,0) (F,1) (E,2) (D,3) (C,4) (B,5) (A,6) (CC,7) (AB,7) (AA,6) (AD,4) (AE,5)
H:(H,0) (G,1) (F,2) (E,3) (D,4) (C,5) (B,6) (A,7) (CC,8) (AB,8) (AA,7) (AD,5) (AE,6)
I:(I,0) (H,1) (G,2) (F,3) (E,4) (D,5) (C,6) (B,7) (A,8) (CC,9) (AB,9) (AA,8) (AD,6) (AE,7)
J:(J,0) (I,1) (H,2) (G,3) (F,4) (E,5) (D,6) (C,7) (B,8) (A,9) (CC,10) (AB,10) (AA,9) (AD,7) (AE,8)
K:(K,0) (J,1) (I,2) (H,3) (G,4) (F,5) (E,6) (D,7) (C,8) (B,9) (A,10) (CC,11) (AB,11) (AA,10) (AD,8) (AE,9)
L:(L,0) (K,1) (J,2) (I,3) (H,4) (G,5) (F,6) (E,7) (D,8) (C,9) (B,10) (A,11) (CC,12) (AB,12) (AA,11) (AD,9) (AE,10)
M:(M,0) (L,1) (K,2) (J,3) (I,4) (H,5) (G,6) (F,7) (E,8) (D,9) (C,10) (B,11) (A,12) (CC,13) (AB,13) (AA,12) (AD,10) (AE,11)
-----
A:(A,0) (CC,1) (AB,1) (AA,0) (AD,-2) (AE,-1)
AA:(AA,0) (AD,-2) (AE,-1) (AB,0) (CC,-45)
AB:(AB,0) (AA,-1) (CC,-46) (AD,-3) (AE,-2)
AD:(AD,0) (AE,1) (AB,2) (AA,1) (CC,-44)
AE:(AE,0) (AB,1) (AA,0) (CC,-45) (AD,-2)
B:(B,0) (A,1) (CC,2) (AB,2) (AA,1) (AD,-1) (AE,0)
C:(C,0) (B,1) (A,2) (CC,3) (AB,3) (AA,2) (AD,0) (AE,1)
CC:(CC,0) (AB,0) (AA,-1) (AD,-3) (AE,-2)
D:(D,0) (C,1) (B,2) (A,3) (CC,4) (AB,4) (AA,3) (AD,1) (AE,2)
E:(E,0) (D,1) (C,2) (B,3) (A,4) (CC,5) (AB,5) (AA,4) (AD,2) (AE,3)
F:(F,0) (E,1) (D,2) (C,3) (B,4) (A,5) (CC,6) (AB,6) (AA,5) (AD,3) (AE,4)
G:(G,0) (F,1) (E,2) (D,3) (C,4) (B,5) (A,6) (CC,7) (AB,7) (AA,6) (AD,4) (AE,5)
H:(H,0) (G,1) (F,2) (E,3) (D,4) (C,5) (B,6) (A,7) (CC,8) (AB,8) (AA,7) (AD,5) (AE,6)
I:(I,0) (H,1) (G,2) (F,3) (E,4) (D,5) (C,6) (B,7) (A,8) (CC,9) (AB,9) (AA,8) (AD,6) (AE,7)
J:(J,0) (I,1) (H,2) (G,3) (F,4) (E,5) (D,6) (C,7) (B,8) (A,9) (CC,10) (AB,10) (AA,9) (AD,7) (AE,8)
K:(K,0) (J,1) (I,2) (H,3) (G,4) (F,5) (E,6) (D,7) (C,8) (B,9) (A,10) (CC,11) (AB,11) (AA,10) (AD,8) (AE,9)
L:(L,0) (K,1) (J,2) (I,3) (H,4) (G,5) (F,6) (E,7) (D,8) (C,9) (B,10) (A,11) (CC,12) (AB,12) (AA,11) (AD,9) (AE,10)
M:(M,0) (L,1) (K,2) (J,3) (I,4) (H,5) (G,6) (F,7) (E,8) (D,9) (C,10) (B,11) (A,12) (CC,13) (AB,13) (AA,12) (AD,10) (AE,11)
-----
A:(A,0) (CC,1) (AB,1) (AA,0) (AD,-2) (AE,-1)
AA:(AA,0) (AD,-2) (AE,-1) (AB,0) (CC,-46)
AB:(AB,0) (AA,-1) (CC,-47) (AD,-3) (AE,-2)
AD:(AD,0) (AE,1) (AB,2) (AA,1) (CC,-44)
AE:(AE,0) (AB,1) (AA,0) (CC,-46) (AD,-2)
B:(B,0) (A,1) (CC,2) (AB,2) (AA,1) (AD,-1) (AE,0)
C:(C,0) (B,1) (A,2) (CC,3) (AB,3) (AA,2) (AD,0) (AE,1)
CC:(CC,0) (AB,0) (AA,-1) (AD,-3) (AE,-2)
D:(D,0) (C,1) (B,2) (A,3) (CC,4) (AB,4) (AA,3) (AD,1) (AE,2)
E:(E,0) (D,1) (C,2) (B,3) (A,4) (CC,5) (AB,5) (AA,4) (AD,2) (AE,3)
F:(F,0) (E,1) (D,2) (C,3) (B,4) (A,5) (CC,6) (AB,6) (AA,5) (AD,3) (AE,4)
G:(G,0) (F,1) (E,2) (D,3) (C,4) (B,5) (A,6) (CC,7) (AB,7) (AA,6) (AD,4) (AE,5)
H:(H,0) (G,1) (F,2) (E,3) (D,4) (C,5) (B,6) (A,7) (CC,8) (AB,8) (AA,7) (AD,5) (AE,6)
I:(I,0) (H,1) (G,2) (F,3) (E,4) (D,5) (C,6) (B,7) (A,8) (CC,9) (AB,9) (AA,8) (AD,6) (AE,7)
J:(J,0) (I,1) (H,2) (G,3) (F,4) (E,5) (D,6) (C,7) (B,8) (A,9) (CC,10) (AB,10) (AA,9) (AD,7) (AE,8)
K:(K,0) (J,1) (I,2) (H,3) (G,4) (F,5) (E,6) (D,7) (C,8) (B,9) (A,10) (CC,11) (AB,11) (AA,10) (AD,8) (AE,9)
L:(L,0) (K,1) (J,2) (I,3) (H,4) (G,5) (F,6) (E,7) (D,8) (C,9) (B,10) (A,11) (CC,12) (AB,12) (AA,11) (AD,9) (AE,10)
M:(M,0) (L,1) (K,2) (J,3) (I,4) (H,5) (G,6) (F,7) (E,8) (D,9) (C,10) (B,11) (A,12) (CC,13) (AB,13) (AA,12) (AD,10) (AE,11)
-----
A:(A,0) (CC,1) (AB,1) (AA,0) (AD,-2) (AE,-1)
AA:(AA,0) (AD,-2) (AE,-1) (AB,0) (CC,-46)
AB:(AB,0) (AA,-1) (CC,-47) (AD,-3) (AE,-2)
AD:(AD,0) (AE,1) (AB,2) (AA,1) (CC,-45)
AE:(AE,0) (AB,1) (AA,0) (CC,-46) (AD,-2)
B:(B,0) (A,1) (CC,2) (AB,2) (AA,1) (AD,-1) (AE,0)
C:(C,0) (B,1) (A,2) (CC,3) (AB,3) (AA,2) (AD,0) (AE,1)
CC:(CC,0) (AB,0) (AA,-1) (AD,-3) (AE,-2)
D:(D,0) (C,1) (B,2) (A,3) (CC,4) (AB,4) (AA,3) (AD,1) (AE,2)
E:(E,0) (D,1) (C,2) (B,3) (A,4) (CC,5) (AB,5) (AA,4) (AD,2) (AE,3)
F:(F,0) (E,1) (D,2) (C,3) (B,4) (A,5) (CC,6) (AB,6) (AA,5) (AD,3) (AE,4)
G:(G,0) (F,1) (E,2) (D,3) (C,4) (B,5) (A,6) (CC,7) (AB,7) (AA,6) (AD,4) (AE,5)
H:(H,0) (G,1) (F,2) (E,3) (D,4) (C,5) (B,6) (A,7) (CC,8) (AB,8) (AA,7) (AD,5) (AE,6)
I:(I,0) (H,1) (G,2) (F,3) (E,4) (D,5) (C,6) (B,7) (A,8) (CC,9) (AB,9) (AA,8) (AD,6) (AE,7)
J:(J,0) (I,1) (H,2) (G,3) (F,4) (E,5) (D,6) (C,7) (B,8) (A,9) (CC,10) (AB,10) (AA,9) (AD,7) (AE,8)
K:(K,0) (J,1) (I,2) (H,3) (G,4) (F,5) (E,6) (D,7) (C,8) (B,9) (A,10) (CC,11) (AB,11) (AA,10) (AD,8) (AE,9)
L:(L,0) (K,1) (J,2) (I,3) (H,4) (G,5) (F,6) (E,7) (D,8) (C,9) (B,10) (A,11) (CC,12) (AB,12) (AA,11) (AD,9) (AE,10)
M:(M,0) (L,1) (K,2) (J,3) (I,4) (H,5) (G,6) (F,7) (E,8) (D,9) (C,10) (B,11) (A,12) (CC,13) (AB,13) (AA,12) (AD,10) (AE,11)
-----
A:(A,0) (CC,1) (AB,1) (AA,0) (AD,-2) (AE,-1)
AA:(AA,0) (AD,-2) (AE,-1) (AB,0) (CC,-47)
AB:(AB,0) (AA,-1) (CC,-48) (AD,-3) (AE,-2)
AD:(AD,0) (AE,1) (AB,2) (AA,1) (CC,-45)
AE:(AE,0) (AB,1) (AA,0) (CC,-47) (AD,-2)
B:(B,0) (A,1) (CC,2) (AB,2) (AA,1) (AD,-1) (AE,0)
C:(C,0) (B,1) (A,2) (CC,3) (AB,3) (AA,2) (AD,0) (AE,1)
CC:(CC,0) (AB,0) (AA,-1) (AD,-3) (AE,-2)
D:(D,0) (C,1) (B,2) (A,3) (CC,4) (AB,4) (AA,3) (AD,1) (AE,2)
E:(E,0) (D,1) (C,2) (B,3) (A,4) (CC,5) (AB,5) (AA,4) (AD,2) (AE,3)
F:(F,0) (E,1) (D,2) (C,3) (B,4) (A,5) (CC,6) (AB,6) (AA,5) (AD,3) (AE,4)
G:(G,0) (F,1) (E,2) (D,3) (C,4) (B,5) (A,6) (CC,7) (AB,7) (AA,6) (AD,4) (AE,5)
H:(H,0) (G,1) (F,2) (E,3) (D,4) (C,5) (B,6) (A,7) (CC,8) (AB,8) (AA,7) (AD,5) (AE,6)
I:(I,0) (H,1) (G,2) (F,3) (E,4) (D,5) (C,6) (B,7) (A,8) (CC,9) (AB,9) (AA,8) (AD,6) (AE,7)
J:(J,0) (I,1) (H,2) (G,3) (F,4) (E,5) (D,6) (C,7) (B,8) (A,9) (CC,10) (AB,10) (AA,9) (AD,7) (AE,8)
K:(K,0) (J,1) (I,2) (H,3) (G,4) (F,5) (E,6) (D,7) (C,8) (B,9) (A,10) (CC,11) (AB,11) (AA,10) (AD,8) (AE,9)
L:(L,0) (K,1) (J,2) (I,3) (H,4) (G,5) (F,6) (E,7) (D,8) (C,9) (B,10) (A,11) (CC,12) (AB,12) (AA,11) (AD,9) (AE,10)
M:(M,0) (L,1) (K,2) (J,3) (I,4) (H,5) (G,6) (F,7) (E,8) (D,9) (C,10) (B,11) (A,12) (CC,13) (AB,13) (AA,12) (AD,10) (AE,11)
-----
A:(A,0) (CC,1) (AB,1) (AA,0) (AD,-2) (AE,-1)
AA:(AA,0) (AD,-2) (AE,-1) (AB,0) (CC,-47)
AB:(AB,0) (AA,-1) (CC,-48) (AD,-3) (AE,-2)
AD:(AD,0) (AE,1) (AB,2) (AA,1) (CC,-46)
AE:(AE,0) (AB,1) (AA,0) (CC,-47) (AD,-2)
B:(B,0) (A,1) (CC,2) (AB,2) (AA,1) (AD,-1) (AE,0)
C:(C,0) (B,1) (A,2) (CC,3) (AB,3) (AA,2) (AD,0) (AE,1)
CC:(CC,0) (AB,0) (AA,-1) (AD,-3) (AE,-2)
D:(D,0) (C,1) (B,2) (A,3) (CC,4) (AB,4) (AA,3) (AD,1) (AE,2)
E:(E,0) (D,1) (C,2) (B,3) (A,4) (CC,5) (AB,5) (AA,4) (AD,2) (AE,3)
F:(F,0) (E,1) (D,2) (C,3) (B,4) (A,5) (CC,6) (AB,6) (AA,5) (AD,3) (AE,4)
G:(G,0) (F,1) (E,2) (D,3) (C,4) (B,5) (A,6) (CC,7) (AB,7) (AA,6) (AD,4) (AE,5)
H:(H,0) (G,1) (F,2) (E,3) (D,4) (C,5) (B,6) (A,7) (CC,8) (AB,8) (AA,7) (AD,5) (AE,6)
I:(I,0) (H,1) (G,2) (F,3) (E,4) (D,5) (C,6) (B,7) (A,8) (CC,9) (AB,9) (AA,8) (AD,6) (AE,7)
J:(J,0) (I,1) (H,2) (G,3) (F,4) (E,5) (D,6) (C,7) (B,8) (A,9) (CC,10) (AB,10) (AA,9) (AD,7) (AE,8)
K:(K,0) (J,1) (I,2) (H,3) (G,4) (F,5) (E,6) (D,7) (C,8) (B,9) (A,10) (CC,11) (AB,11) (AA,10) (AD,8) (AE,9)
L:(L,0) (K,1) (J,2) (I,3) (H,4) (G,5) (F,6) (E,7) (D,8) (C,9) (B,10) (A,11) (CC,12) (AB,12) (AA,11) (AD,9) (AE,10)
M:(M,0) (L,1) (K,2) (J,3) (I,4) (H,5) (G,6) (F,7) (E,8) (D,9) (C,10) (B,11) (A,12) (CC,13) (AB,13) (AA,12) (AD,10) (AE,11)
-----
A:(A,0) (CC,1) (AB,1) (AA,0) (AD,-2) (AE,-1)
AA:(AA,0) (AD,-2) (AE,-1) (AB,0) (CC,-48)
AB:(AB,0) (AA,-1) (CC,-49) (AD,-3) (AE,-2)
AD:(AD,0) (AE,1) (AB,2) (AA,1) (CC,-46)
AE:(AE,0) (AB,1) (AA,0) (CC,-48) (AD,-2)
B:(B,0) (A,1) (CC,2) (AB,2) (AA,1) (AD,-1) (AE,0)
C:(C,0) (B,1) (A,2) (CC,3) (AB,3) (AA,2) (AD,0) (AE,1)
CC:(CC,0) (AB,0) (AA,-1) (AD,-3) (AE,-2)
D:(D,0) (C,1) (B,2) (A,3) (CC,4) (AB,4) (AA,3) (AD,1) (AE,2)
E:(E,0) (D,1) (C,2) (B,3) (A,4) (CC,5) (AB,5) (AA,4) (AD,2) (AE,3)
F:(F,0) (E,1) (D,2) (C,3) (B,4) (A,5) (CC,6) (AB,6) (AA,5) (AD,3) (AE,4)
G:(G,0) (F,1) (E,2) (D,3) (C,4) (B,5) (A,6) (CC,7) (AB,7) (AA,6) (AD,4) (AE,5)
H:(H,0) (G,1) (F,2) (E,3) (D,4) (C,5) (B,6) (A,7) (CC,8) (AB,8) (AA,7) (AD,5) (AE,6)
I:(I,0) (H,1) (G,2) (F,3) (E,4) (D,5) (C,6) (B,7) (A,8) (CC,9) (AB,9) (AA,8) (AD,6) (AE,7)
J:(J,0) (I,1) (H,2) (G,3) (F,4) (E,5) (D,6) (C,7) (B,8) (A,9) (CC,10) (AB,10) (AA,9) (AD,7) (AE,8)
K:(K,0) (J,1) (I,2) (H,3) (G,4) (F,5) (E,6) (D,7) (C,8) (B,9) (A,10) (CC,11) (AB,11) (AA,10) (AD,8) (AE,9)
L:(L,0) (K,1) (J,2) (I,3) (H,4) (G,5) (F,6) (E,7) (D,8) (C,9) (B,10) (A,11) (CC,12) (AB,12) (AA,11) (AD,9) (AE,10)
M:(M,0) (L,1) (K,2) (J,3) (I,4) (H,5) (G,6) (F,7) (E,8) (D,9) (C,10) (B,11) (A,12) (CC,13) (AB,13) (AA,12) (AD,10) (AE,11)
-----
A:(A,0) (CC,1) (AB,1) (AA,0) (AD,-2) (AE,-1)
AA:(AA,0) (AD,-2) (AE,-1) (AB,0) (CC,-48)
AB:(AB,0) (AA,-1) (CC,-49) (AD,-3) (AE,-2)
AD:(AD,0) (AE,1) (AB,2) (AA,1) (CC,-47)
AE:(AE,0) (AB,1) (AA,0) (CC,-48) (AD,-2)
B:(B,0) (A,1) (CC,2) (AB,2) (AA,1) (AD,-1) (AE,0)
C:(C,0) (B,1) (A,2) (CC,3) (AB,3) (AA,2) (AD,0) (AE,1)
CC:(CC,0) (AB,0) (AA,-1) (AD,-3) (AE,-2)
D:(D,0) (C,1) (B,2) (A,3) (CC,4) (AB,4) (AA,3) (AD,1) (AE,2)
E:(E,0) (D,1) (C,2) (B,3) (A,4) (CC,5) (AB,5) (AA,4) (AD,2) (AE,3)
F:(F,0) (E,1) (D,2) (C,3) (B,4) (A,5) (CC,6) (AB,6) (AA,5) (AD,3) (AE,4)
G:(G,0) (F,1) (E,2) (D,3) (C,4) (B,5) (A,6) (CC,7) (AB,7) (AA,6) (AD,4) (AE,5)
H:(H,0) (G,1) (F,2) (E,3) (D,4) (C,5) (B,6) (A,7) (CC,8) (AB,8) (AA,7) (AD,5) (AE,6)
I:(I,0) (H,1) (G,2) (F,3) (E,4) (D,5) (C,6) (B,7) (A,8) (CC,9) (AB,9) (AA,8) (AD,6) (AE,7)
J:(J,0) (I,1) (H,2) (G,3) (F,4) (E,5) (D,6) (C,7) (B,8) (A,9) (CC,10) (AB,10) (AA,9) (AD,7) (AE,8)
K:(K,0) (J,1) (I,2) (H,3) (G,4) (F,5) (E,6) (D,7) (C,8) (B,9) (A,10) (CC,11) (AB,11) (AA,10) (AD,8) (AE,9)
L:(L,0) (K,1) (J,2) (I,3) (H,4) (G,5) (F,6) (E,7) (D,8) (C,9) (B,10) (A,11) (CC,12) (AB,12) (AA,11) (AD,9) (AE,10)
M:(M,0) (L,1) (K,2) (J,3) (I,4) (H,5) (G,6) (F,7) (E,8) (D,9) (C,10) (B,11) (A,12) (CC,13) (AB,13) (AA,12) (AD,10) (AE,11)
-----
A:(A,0) (CC,1) (AB,1) (AA,0) (AD,-2) (AE,-1)
AA:(AA,0) (AD,-2) (AE,-1) (AB,0) (CC,-49)
AB:(AB,0) (AA,-1) (CC,-50) (AD,-3) (AE,-2)
AD:(AD,0) (AE,1) (AB,2) (AA,1) (CC,-47)
AE:(AE,0) (AB,1) (AA,0) (CC,-49) (AD,-2)
B:(B,0) (A,1) (CC,2) (AB,2) (AA,1) (AD,-1) (AE,0)
C:(C,0) (B,1) (A,2) (CC,3) (AB,3) (AA,2) (AD,0) (AE,1)
CC:(CC,0) (AB,0) (AA,-1) (AD,-3) (AE,-2)
D:(D,0) (C,1) (B,2) (A,3) (CC,4) (AB,4) (AA,3) (AD,1) (AE,2)
E:(E,0) (D,1) (C,2) (B,3) (A,4) (CC,5) (AB,5) (AA,4) (AD,2) (AE,3)
F:(F,0) (E,1) (D,2) (C,3) (B,4) (A,5) (CC,6) (AB,6) (AA,5) (AD,3) (AE,4)
G:(G,0) (F,1) (E,2) (D,3) (C,4) (B,5) (A,6) (CC,7) (AB,7) (AA,6) (AD,4) (AE,5)
H:(H,0) (G,1) (F,2) (E,3) (D,4) (C,5) (B,6) (A,7) (CC,8) (AB,8) (AA,7) (AD,5) (AE,6)
I:(I,0) (H,1) (G,2) (F,3) (E,4) (D,5) (C,6) (B,7) (A,8) (CC,9) (AB,9) (AA,8) (AD,6) (AE,7)
J:(J,0) (I,1) (H,2) (G,3) (F,4) (E,5) (D,6) (C,7) (B,8) (A,9) (CC,10) (AB,10) (AA,9) (AD,7) (AE,8)
K:(K,0) (J,1) (I,2) (H,3) (G,4) (F,5) (E,6) (D,7) (C,8) (B,9) (A,10) (CC,11) (AB,11) (AA,10) (AD,8) (AE,9)
L:(L,0) (K,1) (J,2) (I,3) (H,4) (G,5) (F,6) (E,7) (D,8) (C,9) (B,10) (A,11) (CC,12) (AB,12) (AA,11) (AD,9) (AE,10)
M:(M,0) (L,1) (K,2) (J,3) (I,4) (H,5) (G,6) (F,7) (E,8) (D,9) (C,10) (B,11) (A,12) (CC,13) (AB,13) (AA,12) (AD,10) (AE,11)
-----
A:(A,0) (CC,1) (AB,1) (AA,0) (AD,-2) (AE,-1)
AA:(AA,0) (AD,-2) (AE,-1) (AB,0) (CC,-49)
AB:(AB,0) (AA,-1) (CC,-50) (AD,-3) (AE,-2)
AD:(AD,0) (AE,1) (AB,2) (AA,1) (CC,-48)
AE:(AE,0) (AB,1) (AA,0) (CC,-49) (AD,-2)
B:(B,0) (A,1) (CC,2) (AB,2) (AA,1) (AD,-1) (AE,0)
C:(C,0) (B,1) (A,2) (CC,3) (AB,3) (AA,2) (AD,0) (AE,1)
CC:(CC,0) (AB,0) (AA,-1) (AD,-3) (AE,-2)
D:(D,0) (C,1) (B,2) (A,3) (CC,4) (AB,4) (AA,3) (AD,1) (AE,2)
E:(E,0) (D,1) (C,2) (B,3) (A,4) (CC,5) (AB,5) (AA,4) (AD,2) (AE,3)
F:(F,0) (E,1) (D,2) (C,3) (B,4) (A,5) (CC,6) (AB,6) (AA,5) (AD,3) (AE,4)
G:(G,0) (F,1) (E,2) (D,3) (C,4) (B,5) (A,6) (CC,7) (AB,7) (AA,6) (AD,4) (AE,5)
H:(H,0) (G,1) (F,2) (E,3) (D,4) (C,5) (B,6) (A,7) (CC,8) (AB,8) (AA,7) (AD,5) (AE,6)
I:(I,0) (H,1) (G,2) (F,3) (E,4) (D,5) (C,6) (B,7) (A,8) (CC,9) (AB,9) (AA,8) (AD,6) (AE,7)
J:(J,0) (I,1) (H,2) (G,3) (F,4) (E,5) (D,6) (C,7) (B,8) (A,9) (CC,10) (AB,10) (AA,9) (AD,7) (AE,8)
K:(K,0) (J,1) (I,2) (H,3) (G,4) (F,5) (E,6) (D,7) (C,8) (B,9) (A,10) (CC,11) (AB,11) (AA,10) (AD,8) (AE,9)
L:(L,0) (K,1) (J,2) (I,3) (H,4) (G,5) (F,6) (E,7) (D,8) (C,9) (B,10) (A,11) (CC,12) (AB,12) (AA,11) (AD,9) (AE,10)
M:(M,0) (L,1) (K,2) (J,3) (I,4) (H,5) (G,6) (F,7) (E,8) (D,9) (C,10) (B,11) (A,12) (CC,13) (AB,13) (AA,12) (AD,10) (AE,11)
-----
A:(A,0) (CC,1) (AB,1) (AA,0) (AD,-2) (AE,-1)
AA:(AA,0) (AD,-2) (AE,-1) (AB,0) (CC,-50)
AB:(AB,0) (AA,-1) (CC,-99) (AD,-3) (AE,-2)
AD:(AD,0) (AE,1) (AB,2) (AA,1) (CC,-48)
AE:(AE,0) (AB,1) (AA,0) (CC,-99) (AD,-2)
B:(B,0) (A,1) (CC,2) (AB,2) (AA,1) (AD,-1) (AE,0)
C:(C,0) (B,1) (A,2) (CC,3) (AB,3) (AA,2) (AD,0) (AE,1)
CC:(CC,0) (AB,0) (AA,-1) (AD,-3) (AE,-2)
D:(D,0) (C,1) (B,2) (A,3) (CC,4) (AB,4) (AA,3) (AD,1) (AE,2)
E:(E,0) (D,1) (C,2) (B,3) (A,4) (CC,5) (AB,5) (AA,4) (AD,2) (AE,3)
F:(F,0) (E,1) (D,2) (C,3) (B,4) (A,5) (CC,6) (AB,6) (AA,5) (AD,3) (AE,4)
G:(G,0) (F,1) (E,2) (D,3) (C,4) (B,5) (A,6) (CC,7) (AB,7) (AA,6) (AD,4) (AE,5)
H:(H,0) (G,1) (F,2) (E,3) (D,4) (C,5) (B,6) (A,7) (CC,8) (AB,8) (AA,7) (AD,5) (AE,6)
I:(I,0) (H,1) (G,2) (F,3) (E,4) (D,5) (C,6) (B,7) (A,8) (CC,9) (AB,9) (AA,8) (AD,6) (AE,7)
J:(J,0) (I,1) (H,2) (G,3) (F,4) (E,5) (D,6) (C,7) (B,8) (A,9) (CC,10) (AB,10) (AA,9) (AD,7) (AE,8)
K:(K,0) (J,1) (I,2) (H,3) (G,4) (F,5) (E,6) (D,7) (C,8) (B,9) (A,10) (CC,11) (AB,11) (AA,10) (AD,8) (AE,9)
L:(L,0) (K,1) (J,2) (I,3) (H,4) (G,5) (F,6) (E,7) (D,8) (C,9) (B,10) (A,11) (CC,12) (AB,12) (AA,11) (AD,9) (AE,10)
M:(M,0) (L,1) (K,2) (J,3) (I,4) (H,5) (G,6) (F,7) (E,8) (D,9) (C,10) (B,11) (A,12) (CC,13) (AB,13) (AA,12) (AD,10) (AE,11)
-----
A:(A,0) (CC,1) (AB,1) (AA,0) (AD,-2) (AE,-1)
AA:(AA,0) (AD,-2) (AE,-1) (AB,0) (CC,-50)
AB:(AB,0) (AA,-1) (CC,-99) (AD,-3) (AE,-2)
AD:(AD,0) (AE,1) (AB,2) (AA,1) (CC,-99)
AE:(AE,0) (AB,1) (AA,0) (CC,-99) (AD,-2)
B:(B,0) (A,1) (CC,2) (AB,2) (AA,1) (AD,-1) (AE,0)
C:(C,0) (B,1) (A,2) (CC,3) (AB,3) (AA,2) (AD,0) (AE,1)
CC:(CC,0) (AB,0) (AA,-1) (AD,-3) (AE,-2)
D:(D,0) (C,1) (B,2) (A,3) (CC,4) (AB,4) (AA,3) (AD,1) (AE,2)
E:(E,0) (D,1) (C,2) (B,3) (A,4) (CC,5) (AB,5) (AA,4) (AD,2) (AE,3)
F:(F,0) (E,1) (D,2) (C,3) (B,4) (A,5) (CC,6) (AB,6) (AA,5) (AD,3) (AE,4)
G:(G,0) (F,1) (E,2) (D,3) (C,4) (B,5) (A,6) (CC,7) (AB,7) (AA,6) (AD,4) (AE,5)
H:(H,0) (G,1) (F,2) (E,3) (D,4) (C,5) (B,6) (A,7) (CC,8) (AB,8) (AA,7) (AD,5) (AE,6)
I:(I,0) (H,1) (G,2) (F,3) (E,4) (D,5) (C,6) (B,7) (A,8) (CC,9) (AB,9) (AA,8) (AD,6) (AE,7)
J:(J,0) (I,1) (H,2) (G,3) (F,4) (E,5) (D,6) (C,7) (B,8) (A,9) (CC,10) (AB,10) (AA,9) (AD,7) (AE,8)
K:(K,0) (J,1) (I,2) (H,3) (G,4) (F,5) (E,6) (D,7) (C,8) (B,9) (A,10) (CC,11) (AB,11) (AA,10) (AD,8) (AE,9)
L:(L,0) (K,1) (J,2) (I,3) (H,4) (G,5) (F,6) (E,7) (D,8) (C,9) (B,10) (A,11) (CC,12) (AB,12) (AA,11) (AD,9) (AE,10)
M:(M,0) (L,1) (K,2) (J,3) (I,4) (H,5) (G,6) (F,7) (E,8) (D,9) (C,10) (B,11) (A,12) (CC,13) (AB,13) (AA,12) (AD,10) (AE,11)
-----
A:(A,0) (CC,1) (AB,1) (AA,0) (AD,-2) (AE,-1)
AA:(AA,0) (AD,-2) (AE,-1) (AB,0) (CC,-99)
AB:(AB,0) (AA,-1) (CC,-99) (AD,-3) (AE,-2)
AD:(AD,0) (AE,1) (AB,2) (AA,1) (CC,-99)
AE:(AE,0) (AB,1) (AA,0) (CC,-99) (AD,-2)
B:(B,0) (A,1) (CC,2) (AB,2) (AA,1) (AD,-1) (AE,0)
C:(C,0) (B,1) (A,2) (CC,3) (AB,3) (AA,2) (AD,0) (AE,1)
CC:(CC,0) (AB,0) (AA,-1) (AD,-3) (AE,-2)
D:(D,0) (C,1) (B,2) (A,3) (CC,4) (AB,4) (AA,3) (AD,1) (AE,2)
E:(E,0) (D,1) (C,2) (B,3) (A,4) (CC,5) (AB,5) (AA,4) (AD,2) (AE,3)
F:(F,0) (E,1) (D,2) (C,3) (B,4) (A,5) (CC,6) (AB,6) (AA,5) (AD,3) (AE,4)
G:(G,0) (F,1) (E,2) (D,3) (C,4) (B,5) (A,6) (CC,7) (AB,7) (AA,6) (AD,4) (AE,5)
H:(H,0) (G,1) (F,2) (E,3) (D,4) (C,5) (B,6) (A,7) (CC,8) (AB,8) (AA,7) (AD,5) (AE,6)
I:(I,0) (H,1) (G,2) (F,3) (E,4) (D,5) (C,6) (B,7) (A,8) (CC,9) (AB,9) (AA,8) (AD,6) (AE,7)
J:(J,0) (I,1) (H,2) (G,3) (F,4) (E,5) (D,6) (C,7) (B,8) (A,9) (CC,10) (AB,10) (AA,9) (AD,7) (AE,8)
K:(K,0) (J,1) (I,2) (H,3) (G,4) (F,5) (E,6) (D,7) (C,8) (B,9) (A,10) (CC,11) (AB,11) (AA,10) (AD,8) (AE,9)
L:(L,0) (K,1) (J,2) (I,3) (H,4) (G,5) (F,6) (E,7) (D,8) (C,9) (B,10) (A,11) (CC,12) (AB,12) (AA,11) (AD,9) (AE,10)
M:(M,0) (L,1) (K,2) (J,3) (I,4) (H,5) (G,6) (F,7) (E,8) (D,9) (C,10) (B,11) (A,12) (CC,13) (AB,13) (AA,12) (AD,10) (AE,11)
-----
